SET FOREIGN_KEY_CHECKS = 0;
CREATE DATABASE  IF NOT EXISTS `coffee_management` /*!40100 DEFAULT CHARACTER SET utf8mb4 COLLATE utf8mb4_0900_ai_ci */ /*!80016 DEFAULT ENCRYPTION='N' */;

-- MySQL dump 10.13  Distrib 8.0.45, for Win64 (x86_64)
--
-- Host: 127.0.0.1    Database: coffee_management
-- ------------------------------------------------------
-- Server version	8.0.45

/*!40101 SET @OLD_CHARACTER_SET_CLIENT=@@CHARACTER_SET_CLIENT */;
/*!40101 SET @OLD_CHARACTER_SET_RESULTS=@@CHARACTER_SET_RESULTS */;
/*!40101 SET @OLD_COLLATION_CONNECTION=@@COLLATION_CONNECTION */;
/*!50503 SET NAMES utf8 */;
/*!40103 SET @OLD_TIME_ZONE=@@TIME_ZONE */;
/*!40103 SET TIME_ZONE='+00:00' */;
/*!40014 SET @OLD_UNIQUE_CHECKS=@@UNIQUE_CHECKS, UNIQUE_CHECKS=0 */;
/*!40014 SET @OLD_FOREIGN_KEY_CHECKS=@@FOREIGN_KEY_CHECKS, FOREIGN_KEY_CHECKS=0 */;
/*!40101 SET @OLD_SQL_MODE=@@SQL_MODE, SQL_MODE='NO_AUTO_VALUE_ON_ZERO' */;
/*!40111 SET @OLD_SQL_NOTES=@@SQL_NOTES, SQL_NOTES=0 */;

--
-- Table structure for table `ai_insights`
--

DROP TABLE IF EXISTS `ai_insights`;
/*!40101 SET @saved_cs_client     = @@character_set_client */;
/*!50503 SET character_set_client = utf8mb4 */;
CREATE TABLE `ai_insights` (
  `insight_id` int NOT NULL AUTO_INCREMENT,
  `insight_type` varchar(50) DEFAULT NULL,
  `prediction_target_date` date DEFAULT NULL,
  `content` json DEFAULT NULL,
  `confidence_score` float DEFAULT NULL,
  `created_at` timestamp NULL DEFAULT CURRENT_TIMESTAMP,
  PRIMARY KEY (`insight_id`)
) ENGINE=InnoDB DEFAULT CHARSET=utf8mb4 COLLATE=utf8mb4_0900_ai_ci;
/*!40101 SET character_set_client = @saved_cs_client */;

--
-- Dumping data for table `ai_insights`
--

LOCK TABLES `ai_insights` WRITE;
/*!40000 ALTER TABLE `ai_insights` DISABLE KEYS */;
/*!40000 ALTER TABLE `ai_insights` ENABLE KEYS */;
UNLOCK TABLES;

--
-- Table structure for table `attendance_adjustments`
--

DROP TABLE IF EXISTS `attendance_adjustments`;
/*!40101 SET @saved_cs_client     = @@character_set_client */;
/*!50503 SET character_set_client = utf8mb4 */;
CREATE TABLE `attendance_adjustments` (
  `adjustment_id` int NOT NULL AUTO_INCREMENT,
  `user_id` int NOT NULL,
  `work_date` date NOT NULL,
  `old_check_in` datetime DEFAULT NULL,
  `old_check_out` datetime DEFAULT NULL,
  `new_check_in` datetime DEFAULT NULL,
  `new_check_out` datetime DEFAULT NULL,
  `reason` varchar(255) NOT NULL,
  `adjusted_by` int DEFAULT NULL,
  `created_at` timestamp NULL DEFAULT CURRENT_TIMESTAMP,
  PRIMARY KEY (`adjustment_id`),
  KEY `idx_att_adj_user_date` (`user_id`,`work_date`),
  CONSTRAINT `fk_att_adj_user` FOREIGN KEY (`user_id`) REFERENCES `users` (`user_id`) ON DELETE CASCADE
) ENGINE=InnoDB AUTO_INCREMENT=6 DEFAULT CHARSET=utf8mb4 COLLATE=utf8mb4_0900_ai_ci;
/*!40101 SET character_set_client = @saved_cs_client */;

--
-- Dumping data for table `attendance_adjustments`
--

LOCK TABLES `attendance_adjustments` WRITE;
/*!40000 ALTER TABLE `attendance_adjustments` DISABLE KEYS */;
INSERT INTO `attendance_adjustments` VALUES (1,1,'2026-04-05','2026-04-05 03:34:49',NULL,'2026-04-05 08:00:00',NULL,'quên chấm',1,'2026-04-05 03:58:07'),(2,2,'2026-04-05','2026-04-05 03:35:05',NULL,'2026-04-05 08:35:00',NULL,'quên',1,'2026-04-05 03:58:28'),(3,3,'2026-04-05','2026-04-05 03:34:59',NULL,'2026-04-05 08:06:00',NULL,'quên',1,'2026-04-05 03:59:38');
/*!40000 ALTER TABLE `attendance_adjustments` ENABLE KEYS */;
UNLOCK TABLES;

--
-- Table structure for table `attendance_logs`
--

DROP TABLE IF EXISTS `attendance_logs`;
/*!40101 SET @saved_cs_client     = @@character_set_client */;
/*!50503 SET character_set_client = utf8mb4 */;
CREATE TABLE `attendance_logs` (
  `attendance_id` int NOT NULL AUTO_INCREMENT,
  `user_id` int NOT NULL,
  `work_date` date NOT NULL,
  `check_in` datetime DEFAULT NULL,
  `check_out` datetime DEFAULT NULL,
  `note` varchar(255) DEFAULT NULL,
  `created_at` timestamp NULL DEFAULT CURRENT_TIMESTAMP,
  `updated_at` timestamp NULL DEFAULT CURRENT_TIMESTAMP ON UPDATE CURRENT_TIMESTAMP,
  PRIMARY KEY (`attendance_id`),
  UNIQUE KEY `uniq_user_work_date` (`user_id`,`work_date`),
  CONSTRAINT `attendance_logs_user_fk` FOREIGN KEY (`user_id`) REFERENCES `users` (`user_id`) ON DELETE CASCADE
) ENGINE=InnoDB AUTO_INCREMENT=289 DEFAULT CHARSET=utf8mb4 COLLATE=utf8mb4_0900_ai_ci;
/*!40101 SET character_set_client = @saved_cs_client */;

--
-- Dumping data for table `attendance_logs`
--

LOCK TABLES `attendance_logs` WRITE;
/*!40000 ALTER TABLE `attendance_logs` DISABLE KEYS */;
INSERT INTO `attendance_logs` VALUES (1,1,'2026-04-03','2026-04-03 08:34:00','2026-04-03 16:46:00','Seed dữ liệu công tháng 04/2026','2026-04-03 12:49:39','2026-04-03 11:35:20'),(3,1,'2026-04-05','2026-04-05 08:02:00','2026-04-05 16:56:00','Seed dữ liệu công tháng 04/2026','2026-04-05 03:34:49','2026-04-05 11:35:22'),(4,3,'2026-04-05','2026-04-05 08:28:00','2026-04-05 16:59:00','Seed dữ liệu công tháng 04/2026','2026-04-05 03:34:59','2026-04-05 11:35:56'),(7,2,'2026-04-05','2026-04-05 08:15:00','2026-04-05 17:13:00','Seed dữ liệu công tháng 04/2026','2026-04-05 03:35:05','2026-04-05 11:35:39'),(8,2,'2026-04-04','2026-04-04 08:08:00','2026-04-04 17:08:00','Seed dữ liệu công tháng 04/2026','2026-04-05 03:48:10','2026-04-04 11:35:38'),(14,1,'2026-03-10','2026-03-10 08:37:00','2026-03-10 16:50:00','Seed dữ liệu công tháng 03/2026','2026-03-10 11:30:21','2026-03-10 11:35:27'),(15,3,'2026-03-10','2026-03-10 08:17:00','2026-03-10 16:53:00','Seed dữ liệu công tháng 03/2026','2026-03-10 11:30:43','2026-03-10 11:36:01'),(18,1,'2026-03-09','2026-03-09 08:30:00','2026-03-09 16:45:00','Seed dữ liệu công tháng 03/2026','2026-03-09 11:30:20','2026-03-09 11:35:26'),(19,2,'2026-03-09','2026-03-09 08:43:00','2026-03-09 17:02:00','Seed dữ liệu công tháng 03/2026','2026-03-09 11:30:31','2026-03-09 11:35:43'),(22,1,'2026-03-08','2026-03-08 08:23:00','2026-03-08 17:11:00','Seed dữ liệu công tháng 03/2026','2026-03-08 11:30:19','2026-03-08 11:35:25'),(23,2,'2026-03-08','2026-03-08 08:36:00','2026-03-08 16:57:00','Seed dữ liệu công tháng 03/2026','2026-03-08 11:30:30','2026-03-08 11:35:42'),(24,3,'2026-03-08','2026-03-08 08:03:00','2026-03-08 17:14:00','Seed dữ liệu công tháng 03/2026','2026-03-08 11:30:41','2026-03-08 11:35:59'),(27,1,'2026-03-07','2026-03-07 08:16:00','2026-03-07 17:06:00','Seed dữ liệu công tháng 03/2026','2026-03-07 11:30:18','2026-03-07 11:35:24'),(28,2,'2026-03-07','2026-03-07 08:29:00','2026-03-07 16:52:00','Seed dữ liệu công tháng 03/2026','2026-03-07 11:30:29','2026-03-07 11:35:41'),(29,3,'2026-03-07','2026-03-07 08:42:00','2026-03-07 17:09:00','Seed dữ liệu công tháng 03/2026','2026-03-07 11:30:40','2026-03-07 11:35:58'),(32,1,'2026-03-06','2026-03-06 08:09:00','2026-03-06 17:01:00','Seed dữ liệu công tháng 03/2026','2026-03-06 11:30:17','2026-03-06 11:35:23'),(33,2,'2026-03-06','2026-03-06 08:22:00','2026-03-06 16:47:00','Seed dữ liệu công tháng 03/2026','2026-03-06 11:30:28','2026-03-06 11:35:40'),(34,3,'2026-03-06','2026-03-06 08:35:00','2026-03-06 17:04:00','Seed dữ liệu công tháng 03/2026','2026-03-06 11:30:39','2026-03-06 11:35:57'),(37,1,'2026-03-05','2026-03-05 08:02:00','2026-03-05 16:56:00','Seed dữ liệu công tháng 03/2026','2026-03-05 11:30:16','2026-03-05 11:35:22'),(38,2,'2026-03-05','2026-03-05 08:15:00','2026-03-05 17:13:00','Seed dữ liệu công tháng 03/2026','2026-03-05 11:30:27','2026-03-05 11:35:39'),(39,3,'2026-03-05','2026-03-05 08:28:00','2026-03-05 16:59:00','Seed dữ liệu công tháng 03/2026','2026-03-05 11:30:38','2026-03-05 11:35:56'),(41,1,'2026-03-04','2026-03-04 08:41:00','2026-03-04 16:51:00','Seed dữ liệu công tháng 03/2026','2026-03-04 11:30:15','2026-03-04 11:35:21'),(42,2,'2026-03-04','2026-03-04 08:08:00','2026-03-04 17:08:00','Seed dữ liệu công tháng 03/2026','2026-03-04 11:30:26','2026-03-04 11:35:38'),(43,3,'2026-03-04','2026-03-04 08:21:00','2026-03-04 16:54:00','Seed dữ liệu công tháng 03/2026','2026-03-04 11:30:37','2026-03-04 11:35:55'),(45,1,'2026-03-03','2026-03-03 08:34:00','2026-03-03 16:46:00','Seed dữ liệu công tháng 03/2026','2026-03-03 11:30:14','2026-03-03 11:35:20'),(46,2,'2026-03-03','2026-03-03 08:01:00','2026-03-03 17:03:00','Seed dữ liệu công tháng 03/2026','2026-03-03 11:30:25','2026-03-03 11:35:37'),(47,3,'2026-03-03','2026-03-03 08:14:00','2026-03-03 16:49:00','Seed dữ liệu công tháng 03/2026','2026-03-03 11:30:36','2026-03-03 11:35:54'),(50,1,'2026-03-02','2026-03-02 08:27:00','2026-03-02 17:12:00','Seed dữ liệu công tháng 03/2026','2026-03-02 11:30:13','2026-03-02 11:35:19'),(51,2,'2026-03-02','2026-03-02 08:40:00','2026-03-02 16:58:00','Seed dữ liệu công tháng 03/2026','2026-03-02 11:30:24','2026-03-02 11:35:36'),(52,3,'2026-03-02','2026-03-02 08:07:00','2026-03-02 17:15:00','Seed dữ liệu công tháng 03/2026','2026-03-02 11:30:35','2026-03-02 11:35:53'),(55,1,'2026-03-01','2026-03-01 08:20:00','2026-03-01 17:07:00','Seed dữ liệu công tháng 03/2026','2026-03-01 11:30:12','2026-03-01 11:35:18'),(56,2,'2026-03-01','2026-03-01 08:33:00','2026-03-01 16:53:00','Seed dữ liệu công tháng 03/2026','2026-03-01 11:30:23','2026-03-01 11:35:35'),(57,3,'2026-03-01','2026-03-01 08:00:00','2026-03-01 17:10:00','Seed dữ liệu công tháng 03/2026','2026-03-01 11:30:34','2026-03-01 11:35:52'),(60,1,'2026-03-20','2026-03-20 08:15:00','2026-03-20 17:09:00','Seed dữ liệu công tháng 03/2026','2026-03-20 11:30:31','2026-03-20 11:35:37'),(61,2,'2026-03-20','2026-03-20 08:28:00','2026-03-20 16:55:00','Seed dữ liệu công tháng 03/2026','2026-03-20 11:30:42','2026-03-20 11:35:54'),(62,3,'2026-03-20','2026-03-20 08:41:00','2026-03-20 17:12:00','Seed dữ liệu công tháng 03/2026','2026-03-20 11:30:53','2026-03-20 11:36:11'),(65,1,'2026-03-19','2026-03-19 08:08:00','2026-03-19 17:04:00','Seed dữ liệu công tháng 03/2026','2026-03-19 11:30:30','2026-03-19 11:35:36'),(66,2,'2026-03-19','2026-03-19 08:21:00','2026-03-19 16:50:00','Seed dữ liệu công tháng 03/2026','2026-03-19 11:30:41','2026-03-19 11:35:53'),(67,3,'2026-03-19','2026-03-19 08:34:00','2026-03-19 17:07:00','Seed dữ liệu công tháng 03/2026','2026-03-19 11:30:52','2026-03-19 11:36:10'),(70,1,'2026-03-18','2026-03-18 08:01:00','2026-03-18 16:59:00','Seed dữ liệu công tháng 03/2026','2026-03-18 11:30:29','2026-03-18 11:35:35'),(71,2,'2026-03-18','2026-03-18 08:14:00','2026-03-18 16:45:00','Seed dữ liệu công tháng 03/2026','2026-03-18 11:30:40','2026-03-18 11:35:52'),(72,3,'2026-03-18','2026-03-18 08:27:00','2026-03-18 17:02:00','Seed dữ liệu công tháng 03/2026','2026-03-18 11:30:51','2026-03-18 11:36:09'),(75,1,'2026-03-17','2026-03-17 08:40:00','2026-03-17 16:54:00','Seed dữ liệu công tháng 03/2026','2026-03-17 11:30:28','2026-03-17 11:35:34'),(76,2,'2026-03-17','2026-03-17 08:07:00','2026-03-17 17:11:00','Seed dữ liệu công tháng 03/2026','2026-03-17 11:30:39','2026-03-17 11:35:51'),(77,3,'2026-03-17','2026-03-17 08:20:00','2026-03-17 16:57:00','Seed dữ liệu công tháng 03/2026','2026-03-17 11:30:50','2026-03-17 11:36:08'),(79,1,'2026-03-16','2026-03-16 08:33:00','2026-03-16 16:49:00','Seed dữ liệu công tháng 03/2026','2026-03-16 11:30:27','2026-03-16 11:35:33'),(80,2,'2026-03-16','2026-03-16 08:00:00','2026-03-16 17:06:00','Seed dữ liệu công tháng 03/2026','2026-03-16 11:30:38','2026-03-16 11:35:50'),(81,3,'2026-03-16','2026-03-16 08:13:00','2026-03-16 16:52:00','Seed dữ liệu công tháng 03/2026','2026-03-16 11:30:49','2026-03-16 11:36:07'),(83,1,'2026-03-15','2026-03-15 08:26:00','2026-03-15 17:15:00','Seed dữ liệu công tháng 03/2026','2026-03-15 11:30:26','2026-03-15 11:35:32'),(84,2,'2026-03-15','2026-03-15 08:39:00','2026-03-15 17:01:00','Seed dữ liệu công tháng 03/2026','2026-03-15 11:30:37','2026-03-15 11:35:49'),(85,3,'2026-03-15','2026-03-15 08:06:00','2026-03-15 16:47:00','Seed dữ liệu công tháng 03/2026','2026-03-15 11:30:48','2026-03-15 11:36:06'),(88,1,'2026-03-14','2026-03-14 08:19:00','2026-03-14 17:10:00','Seed dữ liệu công tháng 03/2026','2026-03-14 11:30:25','2026-03-14 11:35:31'),(89,2,'2026-03-14','2026-03-14 08:32:00','2026-03-14 16:56:00','Seed dữ liệu công tháng 03/2026','2026-03-14 11:30:36','2026-03-14 11:35:48'),(90,3,'2026-03-14','2026-03-14 08:45:00','2026-03-14 17:13:00','Seed dữ liệu công tháng 03/2026','2026-03-14 11:30:47','2026-03-14 11:36:05'),(93,1,'2026-03-13','2026-03-13 08:12:00','2026-03-13 17:05:00','Seed dữ liệu công tháng 03/2026','2026-03-13 11:30:24','2026-03-13 11:35:30'),(94,2,'2026-03-13','2026-03-13 08:25:00','2026-03-13 16:51:00','Seed dữ liệu công tháng 03/2026','2026-03-13 11:30:35','2026-03-13 11:35:47'),(95,3,'2026-03-13','2026-03-13 08:38:00','2026-03-13 17:08:00','Seed dữ liệu công tháng 03/2026','2026-03-13 11:30:46','2026-03-13 11:36:04'),(98,1,'2026-03-12','2026-03-12 08:05:00','2026-03-12 17:00:00','Seed dữ liệu công tháng 03/2026','2026-03-12 11:30:23','2026-03-12 11:35:29'),(99,2,'2026-03-12','2026-03-12 08:18:00','2026-03-12 16:46:00','Seed dữ liệu công tháng 03/2026','2026-03-12 11:30:34','2026-03-12 11:35:46'),(100,3,'2026-03-12','2026-03-12 08:31:00','2026-03-12 17:03:00','Seed dữ liệu công tháng 03/2026','2026-03-12 11:30:45','2026-03-12 11:36:03'),(103,2,'2026-03-11','2026-03-11 08:11:00','2026-03-11 17:12:00','Seed dữ liệu công tháng 03/2026','2026-03-11 11:30:33','2026-03-11 11:35:45'),(104,3,'2026-03-11','2026-03-11 08:24:00','2026-03-11 16:58:00','Seed dữ liệu công tháng 03/2026','2026-03-11 11:30:44','2026-03-11 11:36:02'),(107,1,'2026-03-30','2026-03-30 08:39:00','2026-03-30 16:57:00','Seed dữ liệu công tháng 03/2026','2026-03-30 11:30:41','2026-03-30 11:35:47'),(108,2,'2026-03-30','2026-03-30 08:06:00','2026-03-30 17:14:00','Seed dữ liệu công tháng 03/2026','2026-03-30 11:30:52','2026-03-30 11:36:04'),(109,3,'2026-03-30','2026-03-30 08:19:00','2026-03-30 17:00:00','Seed dữ liệu công tháng 03/2026','2026-03-30 11:31:03','2026-03-30 11:36:21'),(112,1,'2026-03-29','2026-03-29 08:32:00','2026-03-29 16:52:00','Seed dữ liệu công tháng 03/2026','2026-03-29 11:30:40','2026-03-29 11:35:46'),(113,2,'2026-03-29','2026-03-29 08:45:00','2026-03-29 17:09:00','Seed dữ liệu công tháng 03/2026','2026-03-29 11:30:51','2026-03-29 11:36:03'),(114,3,'2026-03-29','2026-03-29 08:12:00','2026-03-29 16:55:00','Seed dữ liệu công tháng 03/2026','2026-03-29 11:31:02','2026-03-29 11:36:20'),(116,1,'2026-03-28','2026-03-28 08:25:00','2026-03-28 16:47:00','Seed dữ liệu công tháng 03/2026','2026-03-28 11:30:39','2026-03-28 11:35:45'),(117,2,'2026-03-28','2026-03-28 08:38:00','2026-03-28 17:04:00','Seed dữ liệu công tháng 03/2026','2026-03-28 11:30:50','2026-03-28 11:36:02'),(118,3,'2026-03-28','2026-03-28 08:05:00','2026-03-28 16:50:00','Seed dữ liệu công tháng 03/2026','2026-03-28 11:31:01','2026-03-28 11:36:19'),(120,1,'2026-03-27','2026-03-27 08:18:00','2026-03-27 17:13:00','Seed dữ liệu công tháng 03/2026','2026-03-27 11:30:38','2026-03-27 11:35:44'),(121,2,'2026-03-27','2026-03-27 08:31:00','2026-03-27 16:59:00','Seed dữ liệu công tháng 03/2026','2026-03-27 11:30:49','2026-03-27 11:36:01'),(122,3,'2026-03-27','2026-03-27 08:44:00','2026-03-27 16:45:00','Seed dữ liệu công tháng 03/2026','2026-03-27 11:31:00','2026-03-27 11:36:18'),(125,1,'2026-03-26','2026-03-26 08:11:00','2026-03-26 17:08:00','Seed dữ liệu công tháng 03/2026','2026-03-26 11:30:37','2026-03-26 11:35:43'),(126,2,'2026-03-26','2026-03-26 08:24:00','2026-03-26 16:54:00','Seed dữ liệu công tháng 03/2026','2026-03-26 11:30:48','2026-03-26 11:36:00'),(127,3,'2026-03-26','2026-03-26 08:37:00','2026-03-26 17:11:00','Seed dữ liệu công tháng 03/2026','2026-03-26 11:30:59','2026-03-26 11:36:17'),(130,1,'2026-03-25','2026-03-25 08:04:00','2026-03-25 17:03:00','Seed dữ liệu công tháng 03/2026','2026-03-25 11:30:36','2026-03-25 11:35:42'),(131,2,'2026-03-25','2026-03-25 08:17:00','2026-03-25 16:49:00','Seed dữ liệu công tháng 03/2026','2026-03-25 11:30:47','2026-03-25 11:35:59'),(132,3,'2026-03-25','2026-03-25 08:30:00','2026-03-25 17:06:00','Seed dữ liệu công tháng 03/2026','2026-03-25 11:30:58','2026-03-25 11:36:16'),(135,1,'2026-03-24','2026-03-24 08:43:00','2026-03-24 16:58:00','Seed dữ liệu công tháng 03/2026','2026-03-24 11:30:35','2026-03-24 11:35:41'),(136,2,'2026-03-24','2026-03-24 08:10:00','2026-03-24 17:15:00','Seed dữ liệu công tháng 03/2026','2026-03-24 11:30:46','2026-03-24 11:35:58'),(137,3,'2026-03-24','2026-03-24 08:23:00','2026-03-24 17:01:00','Seed dữ liệu công tháng 03/2026','2026-03-24 11:30:57','2026-03-24 11:36:15'),(140,2,'2026-03-23','2026-03-23 08:03:00','2026-03-23 17:10:00','Seed dữ liệu công tháng 03/2026','2026-03-23 11:30:45','2026-03-23 11:35:57'),(141,3,'2026-03-23','2026-03-23 08:16:00','2026-03-23 16:56:00','Seed dữ liệu công tháng 03/2026','2026-03-23 11:30:56','2026-03-23 11:36:14'),(144,1,'2026-03-22','2026-03-22 08:29:00','2026-03-22 16:48:00','Seed dữ liệu công tháng 03/2026','2026-03-22 11:30:33','2026-03-22 11:35:39'),(145,3,'2026-03-22','2026-03-22 08:09:00','2026-03-22 16:51:00','Seed dữ liệu công tháng 03/2026','2026-03-22 11:30:55','2026-03-22 11:36:13'),(148,1,'2026-03-21','2026-03-21 08:22:00','2026-03-21 17:14:00','Seed dữ liệu công tháng 03/2026','2026-03-21 11:30:32','2026-03-21 11:35:38'),(149,2,'2026-03-21','2026-03-21 08:35:00','2026-03-21 17:00:00','Seed dữ liệu công tháng 03/2026','2026-03-21 11:30:43','2026-03-21 11:35:55'),(152,1,'2026-04-09','2026-04-09 08:30:00','2026-04-09 16:45:00','Seed dữ liệu công tháng 04/2026','2026-04-09 11:30:20','2026-04-09 11:35:26'),(153,2,'2026-04-09','2026-04-09 08:43:00','2026-04-09 17:02:00','Seed dữ liệu công tháng 04/2026','2026-04-09 11:30:31','2026-04-09 11:35:43'),(156,1,'2026-04-08','2026-04-08 08:23:00','2026-04-08 17:11:00','Seed dữ liệu công tháng 04/2026','2026-04-08 11:30:19','2026-04-08 11:35:25'),(157,2,'2026-04-08','2026-04-08 08:36:00','2026-04-08 16:57:00','Seed dữ liệu công tháng 04/2026','2026-04-08 11:30:30','2026-04-08 11:35:42'),(158,3,'2026-04-08','2026-04-08 08:03:00','2026-04-08 17:14:00','Seed dữ liệu công tháng 04/2026','2026-04-08 11:30:41','2026-04-08 11:35:59'),(161,1,'2026-04-07','2026-04-07 08:16:00','2026-04-07 17:06:00','Seed dữ liệu công tháng 04/2026','2026-04-07 11:30:18','2026-04-07 11:35:24'),(162,2,'2026-04-07','2026-04-07 08:29:00','2026-04-07 16:52:00','Seed dữ liệu công tháng 04/2026','2026-04-07 11:30:29','2026-04-07 11:35:41'),(163,3,'2026-04-07','2026-04-07 08:42:00','2026-04-07 17:09:00','Seed dữ liệu công tháng 04/2026','2026-04-07 11:30:40','2026-04-07 11:35:58'),(166,1,'2026-04-06','2026-04-06 08:09:00','2026-04-06 17:01:00','Seed dữ liệu công tháng 04/2026','2026-04-06 11:30:17','2026-04-06 11:35:23'),(167,2,'2026-04-06','2026-04-06 08:22:00','2026-04-06 16:47:00','Seed dữ liệu công tháng 04/2026','2026-04-06 11:30:28','2026-04-06 11:35:40'),(168,3,'2026-04-06','2026-04-06 08:35:00','2026-04-06 17:04:00','Seed dữ liệu công tháng 04/2026','2026-04-06 11:30:39','2026-04-06 11:35:57'),(171,1,'2026-04-04','2026-04-04 08:41:00','2026-04-04 16:51:00','Seed dữ liệu công tháng 04/2026','2026-04-04 11:30:15','2026-04-04 11:35:21'),(172,3,'2026-04-04','2026-04-04 08:21:00','2026-04-04 16:54:00','Seed dữ liệu công tháng 04/2026','2026-04-04 11:30:37','2026-04-04 11:35:55'),(174,2,'2026-04-03','2026-04-03 08:01:00','2026-04-03 17:03:00','Seed dữ liệu công tháng 04/2026','2026-04-03 11:30:25','2026-04-03 11:35:37'),(175,3,'2026-04-03','2026-04-03 08:14:00','2026-04-03 16:49:00','Seed dữ liệu công tháng 04/2026','2026-04-03 11:30:36','2026-04-03 11:35:54'),(178,1,'2026-04-02','2026-04-02 08:27:00','2026-04-02 17:12:00','Seed dữ liệu công tháng 04/2026','2026-04-02 11:30:13','2026-04-02 11:35:19'),(179,2,'2026-04-02','2026-04-02 08:40:00','2026-04-02 16:58:00','Seed dữ liệu công tháng 04/2026','2026-04-02 11:30:24','2026-04-02 11:35:36'),(180,3,'2026-04-02','2026-04-02 08:07:00','2026-04-02 17:15:00','Seed dữ liệu công tháng 04/2026','2026-04-02 11:30:35','2026-04-02 11:35:53'),(183,1,'2026-04-01','2026-04-01 08:20:00','2026-04-01 17:07:00','Seed dữ liệu công tháng 04/2026','2026-04-01 11:30:12','2026-04-01 11:35:18'),(184,2,'2026-04-01','2026-04-01 08:33:00','2026-04-01 16:53:00','Seed dữ liệu công tháng 04/2026','2026-04-01 11:30:23','2026-04-01 11:35:35'),(185,3,'2026-04-01','2026-04-01 08:00:00','2026-04-01 17:10:00','Seed dữ liệu công tháng 04/2026','2026-04-01 11:30:34','2026-04-01 11:35:52'),(188,1,'2026-03-31','2026-03-31 08:00:00','2026-03-31 17:02:00','Seed dữ liệu công tháng 03/2026','2026-03-31 11:30:42','2026-03-31 11:35:48'),(189,2,'2026-03-31','2026-03-31 08:13:00','2026-03-31 16:48:00','Seed dữ liệu công tháng 03/2026','2026-03-31 11:30:53','2026-03-31 11:36:05'),(190,3,'2026-03-31','2026-03-31 08:26:00','2026-03-31 17:05:00','Seed dữ liệu công tháng 03/2026','2026-03-31 11:31:04','2026-03-31 11:36:22'),(193,1,'2026-04-19','2026-04-19 08:08:00','2026-04-19 17:04:00','Seed dữ liệu công tháng 04/2026','2026-04-19 11:30:30','2026-04-19 11:35:36'),(194,2,'2026-04-19','2026-04-19 08:21:00','2026-04-19 16:50:00','Seed dữ liệu công tháng 04/2026','2026-04-19 11:30:41','2026-04-19 11:35:53'),(195,3,'2026-04-19','2026-04-19 08:34:00','2026-04-19 17:07:00','Seed dữ liệu công tháng 04/2026','2026-04-19 11:30:52','2026-04-19 11:36:10'),(198,1,'2026-04-18','2026-04-18 08:01:00','2026-04-18 16:59:00','Seed dữ liệu công tháng 04/2026','2026-04-18 11:30:29','2026-04-18 11:35:35'),(199,2,'2026-04-18','2026-04-18 08:14:00','2026-04-18 16:45:00','Seed dữ liệu công tháng 04/2026','2026-04-18 11:30:40','2026-04-18 11:35:52'),(200,3,'2026-04-18','2026-04-18 08:27:00','2026-04-18 17:02:00','Seed dữ liệu công tháng 04/2026','2026-04-18 11:30:51','2026-04-18 11:36:09'),(203,1,'2026-04-17','2026-04-17 08:40:00','2026-04-17 16:54:00','Seed dữ liệu công tháng 04/2026','2026-04-17 11:30:28','2026-04-17 11:35:34'),(204,2,'2026-04-17','2026-04-17 08:07:00','2026-04-17 17:11:00','Seed dữ liệu công tháng 04/2026','2026-04-17 11:30:39','2026-04-17 11:35:51'),(205,3,'2026-04-17','2026-04-17 08:20:00','2026-04-17 16:57:00','Seed dữ liệu công tháng 04/2026','2026-04-17 11:30:50','2026-04-17 11:36:08'),(207,1,'2026-04-16','2026-04-16 08:33:00','2026-04-16 16:49:00','Seed dữ liệu công tháng 04/2026','2026-04-16 11:30:27','2026-04-16 11:35:33'),(208,2,'2026-04-16','2026-04-16 08:00:00','2026-04-16 17:06:00','Seed dữ liệu công tháng 04/2026','2026-04-16 11:30:38','2026-04-16 11:35:50'),(209,3,'2026-04-16','2026-04-16 08:13:00','2026-04-16 16:52:00','Seed dữ liệu công tháng 04/2026','2026-04-16 11:30:49','2026-04-16 11:36:07'),(211,1,'2026-04-15','2026-04-15 08:26:00','2026-04-15 17:15:00','Seed dữ liệu công tháng 04/2026','2026-04-15 11:30:26','2026-04-15 11:35:32'),(212,2,'2026-04-15','2026-04-15 08:39:00','2026-04-15 17:01:00','Seed dữ liệu công tháng 04/2026','2026-04-15 11:30:37','2026-04-15 11:35:49'),(213,3,'2026-04-15','2026-04-15 08:06:00','2026-04-15 16:47:00','Seed dữ liệu công tháng 04/2026','2026-04-15 11:30:48','2026-04-15 11:36:06'),(216,1,'2026-04-14','2026-04-14 08:19:00','2026-04-14 17:10:00','Seed dữ liệu công tháng 04/2026','2026-04-14 11:30:25','2026-04-14 11:35:31'),(217,2,'2026-04-14','2026-04-14 08:32:00','2026-04-14 16:56:00','Seed dữ liệu công tháng 04/2026','2026-04-14 11:30:36','2026-04-14 11:35:48'),(218,3,'2026-04-14','2026-04-14 08:45:00','2026-04-14 17:13:00','Seed dữ liệu công tháng 04/2026','2026-04-14 11:30:47','2026-04-14 11:36:05'),(221,1,'2026-04-13','2026-04-13 08:12:00','2026-04-13 17:05:00','Seed dữ liệu công tháng 04/2026','2026-04-13 11:30:24','2026-04-13 11:35:30'),(222,2,'2026-04-13','2026-04-13 08:25:00','2026-04-13 16:51:00','Seed dữ liệu công tháng 04/2026','2026-04-13 11:30:35','2026-04-13 11:35:47'),(223,3,'2026-04-13','2026-04-13 08:38:00','2026-04-13 17:08:00','Seed dữ liệu công tháng 04/2026','2026-04-13 11:30:46','2026-04-13 11:36:04'),(226,1,'2026-04-12','2026-04-12 08:05:00','2026-04-12 17:00:00','Seed dữ liệu công tháng 04/2026','2026-04-12 11:30:23','2026-04-12 11:35:29'),(227,2,'2026-04-12','2026-04-12 08:18:00','2026-04-12 16:46:00','Seed dữ liệu công tháng 04/2026','2026-04-12 11:30:34','2026-04-12 11:35:46'),(228,3,'2026-04-12','2026-04-12 08:31:00','2026-04-12 17:03:00','Seed dữ liệu công tháng 04/2026','2026-04-12 11:30:45','2026-04-12 11:36:03'),(231,2,'2026-04-11','2026-04-11 08:11:00','2026-04-11 17:12:00','Seed dữ liệu công tháng 04/2026','2026-04-11 11:30:33','2026-04-11 11:35:45'),(232,3,'2026-04-11','2026-04-11 08:24:00','2026-04-11 16:58:00','Seed dữ liệu công tháng 04/2026','2026-04-11 11:30:44','2026-04-11 11:36:02'),(235,1,'2026-04-10','2026-04-10 08:37:00','2026-04-10 16:50:00','Seed dữ liệu công tháng 04/2026','2026-04-10 11:30:21','2026-04-10 11:35:27'),(236,3,'2026-04-10','2026-04-10 08:17:00','2026-04-10 16:53:00','Seed dữ liệu công tháng 04/2026','2026-04-10 11:30:43','2026-04-10 11:36:01'),(239,1,'2026-04-29','2026-04-29 08:32:00','2026-04-29 16:52:00','Seed dữ liệu công tháng 04/2026','2026-04-29 11:30:40','2026-04-29 11:35:46'),(240,2,'2026-04-29','2026-04-29 08:45:00','2026-04-29 17:09:00','Seed dữ liệu công tháng 04/2026','2026-04-29 11:30:51','2026-04-29 11:36:03'),(241,3,'2026-04-29','2026-04-29 08:12:00','2026-04-29 16:55:00','Seed dữ liệu công tháng 04/2026','2026-04-29 11:31:02','2026-04-29 11:36:20'),(243,1,'2026-04-28','2026-04-28 08:25:00','2026-04-28 16:47:00','Seed dữ liệu công tháng 04/2026','2026-04-28 11:30:39','2026-04-28 11:35:45'),(244,2,'2026-04-28','2026-04-28 08:38:00','2026-04-28 17:04:00','Seed dữ liệu công tháng 04/2026','2026-04-28 11:30:50','2026-04-28 11:36:02'),(245,3,'2026-04-28','2026-04-28 08:05:00','2026-04-28 16:50:00','Seed dữ liệu công tháng 04/2026','2026-04-28 11:31:01','2026-04-28 11:36:19'),(247,1,'2026-04-27','2026-04-27 08:18:00','2026-04-27 17:13:00','Seed dữ liệu công tháng 04/2026','2026-04-27 11:30:38','2026-04-27 11:35:44'),(248,2,'2026-04-27','2026-04-27 08:31:00','2026-04-27 16:59:00','Seed dữ liệu công tháng 04/2026','2026-04-27 11:30:49','2026-04-27 11:36:01'),(249,3,'2026-04-27','2026-04-27 08:44:00','2026-04-27 16:45:00','Seed dữ liệu công tháng 04/2026','2026-04-27 11:31:00','2026-04-27 11:36:18'),(252,1,'2026-04-26','2026-04-26 08:11:00','2026-04-26 17:08:00','Seed dữ liệu công tháng 04/2026','2026-04-26 11:30:37','2026-04-26 11:35:43'),(253,2,'2026-04-26','2026-04-26 08:24:00','2026-04-26 16:54:00','Seed dữ liệu công tháng 04/2026','2026-04-26 11:30:48','2026-04-26 11:36:00'),(254,3,'2026-04-26','2026-04-26 08:37:00','2026-04-26 17:11:00','Seed dữ liệu công tháng 04/2026','2026-04-26 11:30:59','2026-04-26 11:36:17'),(257,1,'2026-04-25','2026-04-25 08:04:00','2026-04-25 17:03:00','Seed dữ liệu công tháng 04/2026','2026-04-25 11:30:36','2026-04-25 11:35:42'),(258,2,'2026-04-25','2026-04-25 08:17:00','2026-04-25 16:49:00','Seed dữ liệu công tháng 04/2026','2026-04-25 11:30:47','2026-04-25 11:35:59'),(259,3,'2026-04-25','2026-04-25 08:30:00','2026-04-25 17:06:00','Seed dữ liệu công tháng 04/2026','2026-04-25 11:30:58','2026-04-25 11:36:16'),(262,1,'2026-04-24','2026-04-24 08:43:00','2026-04-24 16:58:00','Seed dữ liệu công tháng 04/2026','2026-04-24 11:30:35','2026-04-24 11:35:41'),(263,2,'2026-04-24','2026-04-24 08:10:00','2026-04-24 17:15:00','Seed dữ liệu công tháng 04/2026','2026-04-24 11:30:46','2026-04-24 11:35:58'),(264,3,'2026-04-24','2026-04-24 08:23:00','2026-04-24 17:01:00','Seed dữ liệu công tháng 04/2026','2026-04-24 11:30:57','2026-04-24 11:36:15'),(267,2,'2026-04-23','2026-04-23 08:03:00','2026-04-23 17:10:00','Seed dữ liệu công tháng 04/2026','2026-04-23 11:30:45','2026-04-23 11:35:57'),(268,3,'2026-04-23','2026-04-23 08:16:00','2026-04-23 16:56:00','Seed dữ liệu công tháng 04/2026','2026-04-23 11:30:56','2026-04-23 11:36:14'),(271,1,'2026-04-22','2026-04-22 08:29:00','2026-04-22 16:48:00','Seed dữ liệu công tháng 04/2026','2026-04-22 11:30:33','2026-04-22 11:35:39'),(272,3,'2026-04-22','2026-04-22 08:09:00','2026-04-22 16:51:00','Seed dữ liệu công tháng 04/2026','2026-04-22 11:30:55','2026-04-22 11:36:13'),(275,1,'2026-04-21','2026-04-21 08:22:00','2026-04-21 17:14:00','Seed dữ liệu công tháng 04/2026','2026-04-21 11:30:32','2026-04-21 11:35:38'),(276,2,'2026-04-21','2026-04-21 08:35:00','2026-04-21 17:00:00','Seed dữ liệu công tháng 04/2026','2026-04-21 11:30:43','2026-04-21 11:35:55'),(279,1,'2026-04-20','2026-04-20 08:15:00','2026-04-20 17:09:00','Seed dữ liệu công tháng 04/2026','2026-04-20 11:30:31','2026-04-20 11:35:37'),(280,2,'2026-04-20','2026-04-20 08:28:00','2026-04-20 16:55:00','Seed dữ liệu công tháng 04/2026','2026-04-20 11:30:42','2026-04-20 11:35:54'),(281,3,'2026-04-20','2026-04-20 08:41:00','2026-04-20 17:12:00','Seed dữ liệu công tháng 04/2026','2026-04-20 11:30:53','2026-04-20 11:36:11'),(284,1,'2026-04-30','2026-04-30 08:39:00','2026-04-30 16:57:00','Seed dữ liệu công tháng 04/2026','2026-04-30 11:30:41','2026-04-30 11:35:47'),(285,2,'2026-04-30','2026-04-30 08:06:00','2026-04-30 17:14:00','Seed dữ liệu công tháng 04/2026','2026-04-30 11:30:52','2026-04-30 11:36:04'),(286,3,'2026-04-30','2026-04-30 08:19:00','2026-04-30 17:00:00','Seed dữ liệu công tháng 04/2026','2026-04-30 11:31:03','2026-04-30 11:36:21');
/*!40000 ALTER TABLE `attendance_logs` ENABLE KEYS */;
UNLOCK TABLES;

--
-- Table structure for table `categories`
--

DROP TABLE IF EXISTS `categories`;
/*!40101 SET @saved_cs_client     = @@character_set_client */;
/*!50503 SET character_set_client = utf8mb4 */;
CREATE TABLE `categories` (
  `category_id` int NOT NULL AUTO_INCREMENT,
  `category_name` varchar(100) NOT NULL,
  `created_at` timestamp NULL DEFAULT CURRENT_TIMESTAMP,
  `updated_at` timestamp NULL DEFAULT CURRENT_TIMESTAMP ON UPDATE CURRENT_TIMESTAMP,
  PRIMARY KEY (`category_id`)
) ENGINE=InnoDB AUTO_INCREMENT=7 DEFAULT CHARSET=utf8mb4 COLLATE=utf8mb4_0900_ai_ci;
/*!40101 SET character_set_client = @saved_cs_client */;

--
-- Dumping data for table `categories`
--

LOCK TABLES `categories` WRITE;
/*!40000 ALTER TABLE `categories` DISABLE KEYS */;
INSERT INTO `categories` VALUES (1,'Cà Phê','2026-03-30 01:39:43','2026-03-30 01:39:43'),(2,'Cà Phê Ý','2026-03-30 01:39:43','2026-03-30 01:39:43'),(3,'Trà Sữa','2026-03-30 01:39:43','2026-03-30 01:39:43'),(4,'Thức uống trái cây','2026-03-30 01:39:43','2026-03-30 01:39:43'),(5,'Đá Xay','2026-03-30 01:39:43','2026-03-30 01:39:43'),(6,'Bánh Ngọt','2026-03-30 01:39:43','2026-03-30 01:39:43');
/*!40000 ALTER TABLE `categories` ENABLE KEYS */;
UNLOCK TABLES;

--
-- Table structure for table `customers`
--

DROP TABLE IF EXISTS `customers`;
/*!40101 SET @saved_cs_client     = @@character_set_client */;
/*!50503 SET character_set_client = utf8mb4 */;
CREATE TABLE `customers` (
  `customer_id` int NOT NULL AUTO_INCREMENT,
  `full_name` varchar(120) NOT NULL,
  `phone` varchar(20) NOT NULL,
  `email` varchar(120) DEFAULT NULL,
  `points` int DEFAULT '0',
  `total_spent` decimal(14,2) DEFAULT '0.00',
  `tier` enum('bronze','silver','gold','platinum') DEFAULT 'bronze',
  `status` tinyint(1) DEFAULT '1',
  `created_at` timestamp NULL DEFAULT CURRENT_TIMESTAMP,
  `updated_at` timestamp NULL DEFAULT CURRENT_TIMESTAMP ON UPDATE CURRENT_TIMESTAMP,
  `password` varchar(255) DEFAULT NULL,
  `birth_date` date DEFAULT NULL,
  PRIMARY KEY (`customer_id`),
  UNIQUE KEY `phone` (`phone`)
) ENGINE=InnoDB AUTO_INCREMENT=55 DEFAULT CHARSET=utf8mb4 COLLATE=utf8mb4_0900_ai_ci;
/*!40101 SET character_set_client = @saved_cs_client */;

--
-- Dumping data for table `customers`
--

LOCK TABLES `customers` WRITE;
/*!40000 ALTER TABLE `customers` DISABLE KEYS */;
INSERT INTO `customers` VALUES (1,'Khách POS','0352335204',NULL,0,0.00,'bronze',1,'2026-03-30 02:12:30','2026-04-21 07:47:39',NULL,NULL),(2,'Phạm Linh','0325669874','linh@gmail.com',28,297000.00,'bronze',1,'2026-04-11 07:28:37','2026-04-22 03:55:25','$2b$10$tDneEZ2QvTQFn31QvwLnf.8UpJcPkjYlMc6emgBOuL.1ckDdwthT2',NULL),(3,'Nguyễn Minh Anh','0901000001','khach01@gmail.com',0,0.00,'bronze',1,'2026-04-21 07:32:53','2026-04-21 07:47:39',NULL,NULL),(4,'Trần Hoàng Long','0901000002','khach02@gmail.com',0,0.00,'bronze',1,'2026-04-21 07:32:53','2026-04-21 07:47:39',NULL,NULL),(5,'Lê Thùy Linh','0901000003','khach03@gmail.com',0,0.00,'bronze',1,'2026-04-21 07:32:53','2026-04-21 07:47:39',NULL,NULL),(6,'Phạm Quốc Bảo','0901000004','khach04@gmail.com',0,0.00,'bronze',1,'2026-04-21 07:32:53','2026-04-21 07:47:39',NULL,NULL),(7,'Đỗ Ngọc Hà','0901000005','khach05@gmail.com',0,0.00,'bronze',1,'2026-04-21 07:32:53','2026-04-21 07:47:39',NULL,NULL),(8,'Vũ Gia Huy','0901000006','khach06@gmail.com',0,0.00,'bronze',1,'2026-04-21 07:32:53','2026-04-21 07:47:39',NULL,NULL),(9,'Bùi Thanh Tâm','0901000007','khach07@gmail.com',0,0.00,'bronze',1,'2026-04-21 07:32:53','2026-04-21 07:47:39',NULL,NULL),(10,'Ngô Khánh Vy','0901000008','khach08@gmail.com',0,0.00,'bronze',1,'2026-04-21 07:32:53','2026-04-21 07:47:39',NULL,NULL),(11,'Lý Quang Hưng','0901000009','khach09@gmail.com',0,0.00,'bronze',1,'2026-04-21 07:32:53','2026-04-21 07:47:39',NULL,NULL),(12,'Mai Thu Trang','0901000010','khach10@gmail.com',900,0.00,'silver',1,'2026-04-21 07:32:53','2026-04-21 07:49:20',NULL,NULL),(13,'Đặng Nhật Nam','0901000011','khach11@gmail.com',0,0.00,'bronze',1,'2026-04-21 07:32:53','2026-04-21 07:47:39',NULL,NULL),(14,'Phan Bảo Ngọc','0901000012','khach12@gmail.com',0,0.00,'bronze',1,'2026-04-21 07:32:53','2026-04-21 07:47:39',NULL,NULL),(15,'Nguyễn Tuấn Kiệt','0901000013','khach13@gmail.com',0,0.00,'bronze',1,'2026-04-21 07:32:53','2026-04-21 07:47:39',NULL,NULL),(16,'Trịnh Yến Nhi','0901000014','khach14@gmail.com',0,0.00,'bronze',1,'2026-04-21 07:32:53','2026-04-21 07:47:39',NULL,NULL),(17,'Hoàng Đức Mạnh','0901000015','khach15@gmail.com',0,0.00,'bronze',1,'2026-04-21 07:32:53','2026-04-21 07:47:39',NULL,NULL),(18,'Lâm Phương Anh','0901000016','khach16@gmail.com',0,0.00,'bronze',1,'2026-04-21 07:32:53','2026-04-21 07:47:39',NULL,NULL),(19,'Tạ Minh Khang','0901000017','khach17@gmail.com',0,0.00,'bronze',1,'2026-04-21 07:32:53','2026-04-21 07:47:39',NULL,NULL),(20,'Chu Ngọc Bích','0901000018','khach18@gmail.com',0,0.00,'bronze',1,'2026-04-21 07:32:53','2026-04-21 07:47:39',NULL,NULL),(21,'Hồ Đức Trung','0901000019','khach19@gmail.com',0,0.00,'bronze',1,'2026-04-21 07:32:53','2026-04-21 07:47:39',NULL,NULL),(22,'Ninh Khả Hân','0901000020','khach20@gmail.com',0,0.00,'bronze',1,'2026-04-21 07:32:53','2026-04-21 07:47:39',NULL,NULL),(23,'Phùng Hải Nam','0901000021','khach21@gmail.com',0,0.00,'bronze',1,'2026-04-21 07:32:53','2026-04-21 07:47:39',NULL,NULL),(24,'Dương Hạ Vy','0901000022','khach22@gmail.com',0,0.00,'bronze',1,'2026-04-21 07:32:53','2026-04-21 07:47:39',NULL,NULL),(25,'Võ Gia Phúc','0901000023','khach23@gmail.com',0,0.00,'bronze',1,'2026-04-21 07:32:53','2026-04-21 07:47:39',NULL,NULL),(26,'Cao Bảo Trân','0901000024','khach24@gmail.com',0,0.00,'bronze',1,'2026-04-21 07:32:53','2026-04-21 07:47:39',NULL,NULL),(27,'Trương Quốc Thắng','0901000025','khach25@gmail.com',0,0.00,'bronze',1,'2026-04-21 07:32:53','2026-04-21 07:47:39',NULL,NULL),(28,'Nguyễn Mỹ Duyên','0901000026','khach26@gmail.com',0,0.00,'bronze',1,'2026-04-21 07:32:53','2026-04-21 07:47:39',NULL,NULL),(29,'Lê Hoàng Vũ','0901000027','khach27@gmail.com',0,0.00,'bronze',1,'2026-04-21 07:32:53','2026-04-21 07:47:39',NULL,NULL),(30,'Đinh Tuyết Mai','0901000028','khach28@gmail.com',0,0.00,'bronze',1,'2026-04-21 07:32:53','2026-04-21 07:47:39',NULL,NULL),(31,'Nguyễn Kiến Hào','0901000029','khach29@gmail.com',0,0.00,'bronze',1,'2026-04-21 07:32:53','2026-04-21 07:47:39',NULL,NULL),(32,'Tôn Khánh Linh','0901000030','khach30@gmail.com',0,0.00,'bronze',1,'2026-04-21 07:32:53','2026-04-21 07:47:39',NULL,NULL),(33,'Phạm Đức Huy','0901000031','khach31@gmail.com',0,0.00,'bronze',1,'2026-04-21 07:32:53','2026-04-21 07:47:39',NULL,NULL),(34,'Bùi Mai Phương','0901000032','khach32@gmail.com',0,0.00,'bronze',1,'2026-04-21 07:32:53','2026-04-21 07:47:39',NULL,NULL),(35,'Nguyễn Anh Tài','0901000033','khach33@gmail.com',0,0.00,'bronze',1,'2026-04-21 07:32:53','2026-04-21 07:47:39',NULL,NULL),(36,'Lưu Ngọc Hân','0901000034','khach34@gmail.com',0,0.00,'bronze',1,'2026-04-21 07:32:53','2026-04-21 07:47:39',NULL,NULL),(37,'Trần Gia Minh','0901000035','khach35@gmail.com',0,0.00,'bronze',1,'2026-04-21 07:32:53','2026-04-21 07:47:39',NULL,NULL),(38,'Đỗ Bảo Châu','0901000036','khach36@gmail.com',0,0.00,'bronze',1,'2026-04-21 07:32:53','2026-04-21 07:47:39',NULL,NULL),(39,'Nguyễn Thành Công','0901000037','khach37@gmail.com',0,0.00,'bronze',1,'2026-04-21 07:32:53','2026-04-21 07:47:39',NULL,NULL),(40,'Phạm Tường Vy','0901000038','khach38@gmail.com',0,0.00,'bronze',1,'2026-04-21 07:32:53','2026-04-21 07:47:39',NULL,NULL),(41,'Lê Đức Hưng','0901000039','khach39@gmail.com',0,0.00,'bronze',1,'2026-04-21 07:32:53','2026-04-21 07:47:39',NULL,NULL),(42,'Ngô Minh Thư','0901000040','khach40@gmail.com',0,0.00,'bronze',1,'2026-04-21 07:32:53','2026-04-21 07:47:39',NULL,NULL),(43,'Phan Quang Duy','0901000041','khach41@gmail.com',0,0.00,'bronze',1,'2026-04-21 07:32:53','2026-04-21 07:47:39',NULL,NULL),(44,'Tạ Ngọc Diệp','0901000042','khach42@gmail.com',0,0.00,'bronze',1,'2026-04-21 07:32:53','2026-04-21 07:47:39',NULL,NULL),(45,'Vũ Thành Đạt','0901000043','khach43@gmail.com',0,0.00,'bronze',1,'2026-04-21 07:32:53','2026-04-21 07:47:39',NULL,NULL),(46,'Bạch Thu Hà','0901000044','khach44@gmail.com',0,0.00,'bronze',1,'2026-04-21 07:32:53','2026-04-21 07:47:39',NULL,NULL),(47,'Nguyễn Quốc Hưng','0901000045','khach45@gmail.com',50,0.00,'bronze',1,'2026-04-21 07:32:53','2026-04-21 07:48:42',NULL,NULL),(48,'Lâm Khánh Chi','0901000046','khach46@gmail.com',0,0.00,'bronze',1,'2026-04-21 07:32:53','2026-04-21 07:47:39',NULL,NULL),(49,'Trần Hải Đăng','0901000047','khach47@gmail.com',0,0.00,'bronze',1,'2026-04-21 07:32:53','2026-04-21 07:47:39',NULL,NULL),(50,'Hà Minh Châu','0901000048','khach48@gmail.com',0,0.00,'bronze',1,'2026-04-21 07:32:53','2026-04-21 07:47:39',NULL,NULL),(51,'Đặng Đức Anh','0901000049','khach49@gmail.com',0,0.00,'bronze',1,'2026-04-21 07:32:53','2026-04-21 07:47:39',NULL,NULL),(52,'Nguyễn Thanh Hương','0901000050','khach50@gmail.com',0,0.00,'bronze',1,'2026-04-21 07:32:53','2026-04-21 07:47:39',NULL,NULL),(53,'Test1','0352335201','linhpham2004@gmail.com',0,0.00,'bronze',1,'2026-04-23 13:42:46','2026-04-23 13:51:07','$2b$10$uGU1Om07fOIKrqwro9D6MupY1lXBxd8tufOcuyUimshLFpV6RyIa2','2007-10-20'),(54,'Test2','0377829108','huyen@gmail.com',0,0.00,'bronze',1,'2026-04-23 13:54:46','2026-04-23 13:56:38','$2b$10$9UPvvivid5sPHkcFvC7Y7O8pHOBFNYvaM.fpD2vfMFaEqNU44PNy6',NULL);
/*!40000 ALTER TABLE `customers` ENABLE KEYS */;
UNLOCK TABLES;

--
-- Table structure for table `ingredients`
--

DROP TABLE IF EXISTS `ingredients`;
/*!40101 SET @saved_cs_client     = @@character_set_client */;
/*!50503 SET character_set_client = utf8mb4 */;
CREATE TABLE `ingredients` (
  `ingredient_id` int NOT NULL AUTO_INCREMENT,
  `ingredient_name` varchar(100) NOT NULL,
  `unit` varchar(20) DEFAULT NULL,
  `conversion_unit` varchar(20) DEFAULT NULL,
  `conversion_factor` decimal(12,4) NOT NULL DEFAULT '1.0000',
  `stock_quantity` decimal(10,2) DEFAULT NULL,
  `min_stock_alert` decimal(10,2) DEFAULT NULL,
  `created_at` timestamp NULL DEFAULT CURRENT_TIMESTAMP,
  `updated_at` timestamp NULL DEFAULT CURRENT_TIMESTAMP ON UPDATE CURRENT_TIMESTAMP,
  PRIMARY KEY (`ingredient_id`)
) ENGINE=InnoDB AUTO_INCREMENT=17 DEFAULT CHARSET=utf8mb4 COLLATE=utf8mb4_0900_ai_ci;
/*!40101 SET character_set_client = @saved_cs_client */;

--
-- Dumping data for table `ingredients`
--

LOCK TABLES `ingredients` WRITE;
/*!40000 ALTER TABLE `ingredients` DISABLE KEYS */;
INSERT INTO `ingredients` VALUES (1,'Hạt Cà Phê Robusta','g',NULL,1.0000,4542.00,1000.00,'2026-03-14 13:28:49','2026-04-24 13:25:48'),(2,'Sữa Đặc','ml',NULL,1.0000,1634.00,500.00,'2026-03-14 13:28:49','2026-04-24 13:25:48'),(3,'Sữa Tươi','ml',NULL,1.0000,1638.00,1000.00,'2026-03-14 13:28:49','2026-04-24 13:25:48'),(4,'Đường Nước','ml',NULL,1.0000,1840.00,300.00,'2026-03-14 13:28:49','2026-04-19 13:56:08'),(5,'Trà Đen','g',NULL,1.0000,1000.00,200.00,'2026-03-14 13:28:49','2026-03-14 13:28:49'),(6,'Đá viên','g',NULL,1.0000,25658.00,5000.00,'2026-04-04 09:21:55','2026-04-24 13:25:48'),(7,'Đào ngâm','g',NULL,1.0000,5000.00,1000.00,'2026-04-04 09:21:55','2026-04-04 09:21:55'),(8,'Cam lát','g',NULL,1.0000,1001.00,500.00,'2026-04-04 09:21:55','2026-04-14 06:56:38'),(9,'Sả tươi','g',NULL,1.0000,2000.00,400.00,'2026-04-04 09:21:55','2026-04-04 09:21:55'),(10,'Vải ngâm','g',NULL,1.0000,4500.00,800.00,'2026-04-04 09:21:55','2026-04-04 09:21:55'),(11,'Bột Matcha','g',NULL,1.0000,1376.00,250.00,'2026-04-04 09:21:55','2026-04-19 13:56:08'),(12,'Sữa chua','ml',NULL,1.0000,3580.00,700.00,'2026-04-04 09:21:55','2026-04-19 13:56:08'),(13,'Whipping Cream','ml',NULL,1.0000,2500.00,500.00,'2026-04-04 09:21:55','2026-04-04 09:21:55'),(14,'Phô mai Mascarpone','g',NULL,1.0000,2000.00,400.00,'2026-04-04 09:21:55','2026-04-04 09:21:55'),(15,'Bột cacao','g',NULL,1.0000,1200.00,200.00,'2026-04-04 09:21:55','2026-04-04 09:21:55'),(16,'Bánh Ladyfinger','cái',NULL,1.0000,300.00,50.00,'2026-04-04 09:21:55','2026-04-04 09:21:55');
/*!40000 ALTER TABLE `ingredients` ENABLE KEYS */;
UNLOCK TABLES;

--
-- Table structure for table `inventory_transactions`
--

DROP TABLE IF EXISTS `inventory_transactions`;
/*!40101 SET @saved_cs_client     = @@character_set_client */;
/*!50503 SET character_set_client = utf8mb4 */;
CREATE TABLE `inventory_transactions` (
  `transaction_id` int NOT NULL AUTO_INCREMENT,
  `ingredient_id` int NOT NULL,
  `transaction_type` enum('import','deduction','adjustment') NOT NULL,
  `quantity_change` decimal(12,4) NOT NULL,
  `quantity_before` decimal(12,4) NOT NULL,
  `quantity_after` decimal(12,4) NOT NULL,
  `reference_type` varchar(30) DEFAULT NULL,
  `reference_id` int DEFAULT NULL,
  `note` text,
  `created_by` int DEFAULT NULL,
  `created_at` timestamp NULL DEFAULT CURRENT_TIMESTAMP,
  PRIMARY KEY (`transaction_id`),
  KEY `idx_inventory_tx_ingredient` (`ingredient_id`),
  KEY `idx_inventory_tx_ref` (`reference_type`,`reference_id`),
  KEY `idx_inventory_tx_created_by` (`created_by`),
  CONSTRAINT `fk_inventory_tx_ingredient` FOREIGN KEY (`ingredient_id`) REFERENCES `ingredients` (`ingredient_id`),
  CONSTRAINT `fk_inventory_tx_user` FOREIGN KEY (`created_by`) REFERENCES `users` (`user_id`)
) ENGINE=InnoDB AUTO_INCREMENT=105 DEFAULT CHARSET=utf8mb4 COLLATE=utf8mb4_0900_ai_ci;
/*!40101 SET character_set_client = @saved_cs_client */;

--
-- Dumping data for table `inventory_transactions`
--

LOCK TABLES `inventory_transactions` WRITE;
/*!40000 ALTER TABLE `inventory_transactions` DISABLE KEYS */;
INSERT INTO `inventory_transactions` VALUES (1,1,'deduction',-20.0000,5000.0000,4980.0000,'order',29,'Trừ kho tự động khi thanh toán',1,'2026-04-05 02:01:48'),(2,6,'deduction',-120.0000,30000.0000,29880.0000,'order',29,'Trừ kho tự động khi thanh toán',1,'2026-04-05 02:01:48'),(3,1,'deduction',-20.0000,4980.0000,4960.0000,'order',33,'Trừ kho tự động khi thanh toán',1,'2026-04-05 02:05:07'),(4,6,'deduction',-120.0000,29880.0000,29760.0000,'order',33,'Trừ kho tự động khi thanh toán',1,'2026-04-05 02:05:07'),(5,8,'adjustment',-3000.0000,3000.0000,0.0000,'stock_take',1,'Kiểm kê #1',1,'2026-04-06 09:11:14'),(6,8,'adjustment',0.0000,0.0000,0.0000,'stock_take',2,'Kiểm kê #2',1,'2026-04-06 09:21:53'),(7,1,'deduction',-40.0000,4960.0000,4920.0000,'order',35,'Trừ kho tự động khi thanh toán',1,'2026-04-07 05:46:24'),(8,6,'deduction',-240.0000,29760.0000,29520.0000,'order',35,'Trừ kho tự động khi thanh toán',1,'2026-04-07 05:46:24'),(9,2,'deduction',-30.0000,2000.0000,1970.0000,'order',35,'Trừ kho tự động khi thanh toán',1,'2026-04-07 05:46:24'),(10,8,'adjustment',0.0000,0.0000,0.0000,'stock_take',3,'Kiểm kê #3',1,'2026-04-07 05:59:18'),(11,8,'import',1.0000,0.0000,1.0000,'stock_receipt',1,'Nhập kho từ phiếu #1',1,'2026-04-07 06:38:40'),(12,8,'adjustment',0.0000,1.0000,1.0000,'stock_take',4,'Kiểm kê #4',1,'2026-04-07 06:39:06'),(13,8,'import',500.0000,1.0000,501.0000,'stock_receipt',2,'Nhập kho từ phiếu #2',1,'2026-04-07 06:40:26'),(14,3,'deduction',-120.0000,3000.0000,2880.0000,'order',36,'Trừ kho tự động khi thanh toán',1,'2026-04-09 05:38:54'),(15,4,'deduction',-15.0000,2000.0000,1985.0000,'order',36,'Trừ kho tự động khi thanh toán',1,'2026-04-09 05:38:54'),(16,6,'deduction',-150.0000,29520.0000,29370.0000,'order',36,'Trừ kho tự động khi thanh toán',1,'2026-04-09 05:38:54'),(17,11,'deduction',-12.0000,1500.0000,1488.0000,'order',36,'Trừ kho tự động khi thanh toán',1,'2026-04-09 05:38:54'),(18,12,'deduction',-40.0000,4000.0000,3960.0000,'order',36,'Trừ kho tự động khi thanh toán',1,'2026-04-09 05:38:54'),(19,1,'deduction',-40.0000,4920.0000,4880.0000,'order',43,'Trừ kho tự động khi thanh toán',1,'2026-04-10 06:50:25'),(20,6,'deduction',-240.0000,29370.0000,29130.0000,'order',43,'Trừ kho tự động khi thanh toán',1,'2026-04-10 06:50:25'),(21,2,'deduction',-30.0000,1970.0000,1940.0000,'order',43,'Trừ kho tự động khi thanh toán',1,'2026-04-10 06:50:25'),(22,1,'deduction',-40.0000,4880.0000,4840.0000,'order',44,'Trừ kho tự động khi thanh toán',1,'2026-04-10 06:50:37'),(23,6,'deduction',-240.0000,29130.0000,28890.0000,'order',44,'Trừ kho tự động khi thanh toán',1,'2026-04-10 06:50:37'),(24,2,'deduction',-30.0000,1940.0000,1910.0000,'order',44,'Trừ kho tự động khi thanh toán',1,'2026-04-10 06:50:37'),(25,3,'deduction',-120.0000,2880.0000,2760.0000,'order',56,'Trừ kho tự động khi thanh toán',1,'2026-04-10 07:55:45'),(26,4,'deduction',-15.0000,1985.0000,1970.0000,'order',56,'Trừ kho tự động khi thanh toán',1,'2026-04-10 07:55:45'),(27,6,'deduction',-150.0000,28890.0000,28740.0000,'order',56,'Trừ kho tự động khi thanh toán',1,'2026-04-10 07:55:45'),(28,11,'deduction',-12.0000,1488.0000,1476.0000,'order',56,'Trừ kho tự động khi thanh toán',1,'2026-04-10 07:55:45'),(29,12,'deduction',-40.0000,3960.0000,3920.0000,'order',56,'Trừ kho tự động khi thanh toán',1,'2026-04-10 07:55:45'),(30,1,'deduction',-34.0000,4840.0000,4806.0000,'order',64,'Trừ kho tự động khi thanh toán',1,'2026-04-14 04:07:31'),(31,2,'deduction',-26.0000,1910.0000,1884.0000,'order',64,'Trừ kho tự động khi thanh toán',1,'2026-04-14 04:07:31'),(32,6,'deduction',-204.0000,28740.0000,28536.0000,'order',64,'Trừ kho tự động khi thanh toán',1,'2026-04-14 04:07:31'),(33,3,'deduction',-306.0000,2760.0000,2454.0000,'order',67,'Trừ kho tự động khi thanh toán',1,'2026-04-14 04:07:56'),(34,4,'deduction',-39.0000,1970.0000,1931.0000,'order',67,'Trừ kho tự động khi thanh toán',1,'2026-04-14 04:07:56'),(35,6,'deduction',-384.0000,28536.0000,28152.0000,'order',67,'Trừ kho tự động khi thanh toán',1,'2026-04-14 04:07:56'),(36,11,'deduction',-30.0000,1476.0000,1446.0000,'order',67,'Trừ kho tự động khi thanh toán',1,'2026-04-14 04:07:57'),(37,12,'deduction',-102.0000,3920.0000,3818.0000,'order',67,'Trừ kho tự động khi thanh toán',1,'2026-04-14 04:07:57'),(38,3,'deduction',-102.0000,2454.0000,2352.0000,'order',71,'Trừ kho tự động khi thanh toán',1,'2026-04-14 04:09:02'),(39,4,'deduction',-13.0000,1931.0000,1918.0000,'order',71,'Trừ kho tự động khi thanh toán',1,'2026-04-14 04:09:02'),(40,6,'deduction',-128.0000,28152.0000,28024.0000,'order',71,'Trừ kho tự động khi thanh toán',1,'2026-04-14 04:09:02'),(41,11,'deduction',-10.0000,1446.0000,1436.0000,'order',71,'Trừ kho tự động khi thanh toán',1,'2026-04-14 04:09:02'),(42,12,'deduction',-34.0000,3818.0000,3784.0000,'order',71,'Trừ kho tự động khi thanh toán',1,'2026-04-14 04:09:02'),(43,3,'deduction',-102.0000,2352.0000,2250.0000,'order',72,'Trừ kho tự động khi thanh toán',1,'2026-04-14 04:09:09'),(44,4,'deduction',-13.0000,1918.0000,1905.0000,'order',72,'Trừ kho tự động khi thanh toán',1,'2026-04-14 04:09:09'),(45,6,'deduction',-128.0000,28024.0000,27896.0000,'order',72,'Trừ kho tự động khi thanh toán',1,'2026-04-14 04:09:09'),(46,11,'deduction',-10.0000,1436.0000,1426.0000,'order',72,'Trừ kho tự động khi thanh toán',1,'2026-04-14 04:09:09'),(47,12,'deduction',-34.0000,3784.0000,3750.0000,'order',72,'Trừ kho tự động khi thanh toán',1,'2026-04-14 04:09:09'),(48,3,'deduction',-102.0000,2250.0000,2148.0000,'order',73,'Trừ kho tự động khi thanh toán',1,'2026-04-14 04:09:14'),(49,4,'deduction',-13.0000,1905.0000,1892.0000,'order',73,'Trừ kho tự động khi thanh toán',1,'2026-04-14 04:09:14'),(50,6,'deduction',-128.0000,27896.0000,27768.0000,'order',73,'Trừ kho tự động khi thanh toán',1,'2026-04-14 04:09:14'),(51,11,'deduction',-10.0000,1426.0000,1416.0000,'order',73,'Trừ kho tự động khi thanh toán',1,'2026-04-14 04:09:14'),(52,12,'deduction',-34.0000,3750.0000,3716.0000,'order',73,'Trừ kho tự động khi thanh toán',1,'2026-04-14 04:09:14'),(53,3,'deduction',-102.0000,2148.0000,2046.0000,'order',74,'Trừ kho tự động khi thanh toán',1,'2026-04-14 04:09:22'),(54,4,'deduction',-13.0000,1892.0000,1879.0000,'order',74,'Trừ kho tự động khi thanh toán',1,'2026-04-14 04:09:22'),(55,6,'deduction',-128.0000,27768.0000,27640.0000,'order',74,'Trừ kho tự động khi thanh toán',1,'2026-04-14 04:09:22'),(56,11,'deduction',-10.0000,1416.0000,1406.0000,'order',74,'Trừ kho tự động khi thanh toán',1,'2026-04-14 04:09:22'),(57,12,'deduction',-34.0000,3716.0000,3682.0000,'order',74,'Trừ kho tự động khi thanh toán',1,'2026-04-14 04:09:22'),(58,3,'deduction',-102.0000,2046.0000,1944.0000,'order',75,'Trừ kho tự động khi thanh toán',1,'2026-04-14 06:49:11'),(59,4,'deduction',-13.0000,1879.0000,1866.0000,'order',75,'Trừ kho tự động khi thanh toán',1,'2026-04-14 06:49:11'),(60,6,'deduction',-128.0000,27640.0000,27512.0000,'order',75,'Trừ kho tự động khi thanh toán',1,'2026-04-14 06:49:11'),(61,11,'deduction',-10.0000,1406.0000,1396.0000,'order',75,'Trừ kho tự động khi thanh toán',1,'2026-04-14 06:49:11'),(62,12,'deduction',-34.0000,3682.0000,3648.0000,'order',75,'Trừ kho tự động khi thanh toán',1,'2026-04-14 06:49:11'),(63,3,'deduction',-102.0000,1944.0000,1842.0000,'order',76,'Trừ kho tự động khi thanh toán',1,'2026-04-14 06:49:21'),(64,4,'deduction',-13.0000,1866.0000,1853.0000,'order',76,'Trừ kho tự động khi thanh toán',1,'2026-04-14 06:49:21'),(65,6,'deduction',-128.0000,27512.0000,27384.0000,'order',76,'Trừ kho tự động khi thanh toán',1,'2026-04-14 06:49:21'),(66,11,'deduction',-10.0000,1396.0000,1386.0000,'order',76,'Trừ kho tự động khi thanh toán',1,'2026-04-14 06:49:21'),(67,12,'deduction',-34.0000,3648.0000,3614.0000,'order',76,'Trừ kho tự động khi thanh toán',1,'2026-04-14 06:49:21'),(68,1,'deduction',-17.0000,4806.0000,4789.0000,'order',78,'Trừ kho tự động khi thanh toán',1,'2026-04-14 06:50:08'),(69,6,'deduction',-102.0000,27384.0000,27282.0000,'order',78,'Trừ kho tự động khi thanh toán',1,'2026-04-14 06:50:08'),(70,1,'deduction',-34.0000,4789.0000,4755.0000,'order',79,'Trừ kho tự động khi thanh toán',1,'2026-04-14 06:50:14'),(71,2,'deduction',-26.0000,1884.0000,1858.0000,'order',79,'Trừ kho tự động khi thanh toán',1,'2026-04-14 06:50:14'),(72,6,'deduction',-204.0000,27282.0000,27078.0000,'order',79,'Trừ kho tự động khi thanh toán',1,'2026-04-14 06:50:14'),(73,1,'deduction',-34.0000,4755.0000,4721.0000,'order',80,'Trừ kho tự động khi thanh toán',1,'2026-04-14 06:50:20'),(74,6,'deduction',-204.0000,27078.0000,26874.0000,'order',80,'Trừ kho tự động khi thanh toán',1,'2026-04-14 06:50:20'),(75,2,'deduction',-26.0000,1858.0000,1832.0000,'order',80,'Trừ kho tự động khi thanh toán',1,'2026-04-14 06:50:20'),(76,1,'deduction',-34.0000,4721.0000,4687.0000,'order',81,'Trừ kho tự động khi thanh toán',1,'2026-04-14 06:50:27'),(77,6,'deduction',-204.0000,26874.0000,26670.0000,'order',81,'Trừ kho tự động khi thanh toán',1,'2026-04-14 06:50:27'),(78,2,'deduction',-26.0000,1832.0000,1806.0000,'order',81,'Trừ kho tự động khi thanh toán',1,'2026-04-14 06:50:27'),(79,8,'import',500.0000,501.0000,1001.0000,'stock_receipt',3,'Nhập kho từ phiếu #3',1,'2026-04-14 06:56:38'),(80,1,'deduction',-34.0000,4687.0000,4653.0000,'order',84,'Trừ kho tự động khi thanh toán',1,'2026-04-19 13:54:35'),(81,6,'deduction',-204.0000,26670.0000,26466.0000,'order',84,'Trừ kho tự động khi thanh toán',1,'2026-04-19 13:54:35'),(82,2,'deduction',-26.0000,1806.0000,1780.0000,'order',84,'Trừ kho tự động khi thanh toán',1,'2026-04-19 13:54:35'),(83,1,'deduction',-34.0000,4653.0000,4619.0000,'order',85,'Trừ kho tự động khi thanh toán',1,'2026-04-19 13:55:32'),(84,6,'deduction',-204.0000,26466.0000,26262.0000,'order',85,'Trừ kho tự động khi thanh toán',1,'2026-04-19 13:55:32'),(85,2,'deduction',-26.0000,1780.0000,1754.0000,'order',85,'Trừ kho tự động khi thanh toán',1,'2026-04-19 13:55:32'),(86,3,'deduction',-102.0000,1842.0000,1740.0000,'order',92,'Trừ kho tự động khi thanh toán',1,'2026-04-19 13:56:08'),(87,4,'deduction',-13.0000,1853.0000,1840.0000,'order',92,'Trừ kho tự động khi thanh toán',1,'2026-04-19 13:56:08'),(88,6,'deduction',-128.0000,26262.0000,26134.0000,'order',92,'Trừ kho tự động khi thanh toán',1,'2026-04-19 13:56:08'),(89,11,'deduction',-10.0000,1386.0000,1376.0000,'order',92,'Trừ kho tự động khi thanh toán',1,'2026-04-19 13:56:08'),(90,12,'deduction',-34.0000,3614.0000,3580.0000,'order',92,'Trừ kho tự động khi thanh toán',1,'2026-04-19 13:56:08'),(91,1,'deduction',-34.0000,4619.0000,4585.0000,'order',96,'Trừ kho tự động khi thanh toán',1,'2026-04-19 13:56:39'),(92,6,'deduction',-204.0000,26134.0000,25930.0000,'order',96,'Trừ kho tự động khi thanh toán',1,'2026-04-19 13:56:39'),(93,2,'deduction',-26.0000,1754.0000,1728.0000,'order',96,'Trừ kho tự động khi thanh toán',1,'2026-04-19 13:56:39'),(94,1,'deduction',-13.0000,4585.0000,4572.0000,'order',97,'Trừ kho tự động khi thanh toán',1,'2026-04-19 13:56:44'),(95,2,'deduction',-34.0000,1728.0000,1694.0000,'order',97,'Trừ kho tự động khi thanh toán',1,'2026-04-19 13:56:44'),(96,3,'deduction',-51.0000,1740.0000,1689.0000,'order',97,'Trừ kho tự động khi thanh toán',1,'2026-04-19 13:56:44'),(97,6,'deduction',-85.0000,25930.0000,25845.0000,'order',97,'Trừ kho tự động khi thanh toán',1,'2026-04-19 13:56:44'),(98,1,'deduction',-17.0000,4572.0000,4555.0000,'order',1506,'Trừ kho tự động khi thanh toán',1,'2026-04-24 13:25:42'),(99,2,'deduction',-26.0000,1694.0000,1668.0000,'order',1506,'Trừ kho tự động khi thanh toán',1,'2026-04-24 13:25:42'),(100,6,'deduction',-102.0000,25845.0000,25743.0000,'order',1506,'Trừ kho tự động khi thanh toán',1,'2026-04-24 13:25:42'),(101,1,'deduction',-13.0000,4555.0000,4542.0000,'order',1507,'Trừ kho tự động khi thanh toán',1,'2026-04-24 13:25:48'),(102,2,'deduction',-34.0000,1668.0000,1634.0000,'order',1507,'Trừ kho tự động khi thanh toán',1,'2026-04-24 13:25:48'),(103,3,'deduction',-51.0000,1689.0000,1638.0000,'order',1507,'Trừ kho tự động khi thanh toán',1,'2026-04-24 13:25:48'),(104,6,'deduction',-85.0000,25743.0000,25658.0000,'order',1507,'Trừ kho tự động khi thanh toán',1,'2026-04-24 13:25:48');
/*!40000 ALTER TABLE `inventory_transactions` ENABLE KEYS */;
UNLOCK TABLES;

--
-- Table structure for table `order_items`
--

DROP TABLE IF EXISTS `order_items`;
/*!40101 SET @saved_cs_client     = @@character_set_client */;
/*!50503 SET character_set_client = utf8mb4 */;
CREATE TABLE `order_items` (
  `order_item_id` int NOT NULL AUTO_INCREMENT,
  `order_id` int DEFAULT NULL,
  `product_id` int DEFAULT NULL,
  `quantity` int DEFAULT NULL,
  `price_at_sale` decimal(10,2) DEFAULT NULL,
  PRIMARY KEY (`order_item_id`),
  KEY `order_id` (`order_id`),
  KEY `product_id` (`product_id`),
  CONSTRAINT `order_items_ibfk_1` FOREIGN KEY (`order_id`) REFERENCES `orders` (`order_id`),
  CONSTRAINT `order_items_ibfk_2` FOREIGN KEY (`product_id`) REFERENCES `products` (`product_id`)
) ENGINE=InnoDB AUTO_INCREMENT=3408 DEFAULT CHARSET=utf8mb4 COLLATE=utf8mb4_0900_ai_ci;
/*!40101 SET character_set_client = @saved_cs_client */;

--
-- Dumping data for table `order_items`
--

LOCK TABLES `order_items` WRITE;
/*!40000 ALTER TABLE `order_items` DISABLE KEYS */;
INSERT INTO `order_items` VALUES (1,1,1,1,25000.00),(2,1,2,1,29000.00),(3,2,4,2,45000.00),(4,2,7,1,55000.00),(5,3,3,1,35000.00),(6,4,5,2,42000.00),(7,5,1,1,25000.00),(8,6,1,1,28000.00),(9,6,26,1,45000.00),(10,7,1,1,28000.00),(11,7,2,1,30000.00),(12,8,1,1,28000.00),(13,8,26,1,45000.00),(14,9,3,1,38000.00),(15,10,7,1,45000.00),(16,10,4,1,45000.00),(17,11,1,1,28000.00),(18,12,7,1,45000.00),(19,13,3,1,38000.00),(20,14,3,1,38000.00),(21,15,4,1,45000.00),(22,16,4,1,45000.00),(23,17,3,1,38000.00),(24,18,4,1,45000.00),(25,19,3,1,38000.00),(26,20,3,1,38000.00),(27,21,3,1,38000.00),(28,22,4,1,45000.00),(29,23,2,1,30000.00),(30,24,28,1,35000.00),(31,25,27,1,75000.00),(32,26,28,1,35000.00),(33,27,24,1,55000.00),(34,28,23,1,55000.00),(35,29,23,1,55000.00),(36,29,1,1,30000.00),(37,30,27,1,75000.00),(38,31,27,1,75000.00),(39,32,28,1,35000.00),(40,33,1,1,30000.00),(41,33,26,1,45000.00),(42,34,29,1,35000.00),(43,35,1,1,30000.00),(44,35,2,1,30000.00),(45,36,29,1,35000.00),(46,36,22,1,55000.00),(47,37,20,1,45000.00),(48,38,24,2,55000.00),(49,39,30,1,35000.00),(50,40,17,1,45000.00),(51,41,28,1,35000.00),(52,42,30,1,35000.00),(53,42,29,1,35000.00),(54,43,1,1,30000.00),(55,43,2,1,30000.00),(56,44,1,1,30000.00),(57,44,2,1,30000.00),(58,45,30,1,35000.00),(59,45,29,1,35000.00),(60,46,29,1,35000.00),(61,46,30,1,35000.00),(62,47,30,1,35000.00),(63,47,29,1,35000.00),(64,48,29,1,35000.00),(65,48,30,1,35000.00),(66,49,29,1,35000.00),(67,50,29,1,35000.00),(68,51,20,1,45000.00),(69,52,21,1,45000.00),(70,53,5,1,30000.00),(72,55,6,1,35000.00),(73,56,22,1,55000.00),(74,57,31,1,55000.00),(75,58,31,1,55000.00),(76,59,31,1,55000.00),(77,60,31,1,55000.00),(78,61,30,1,35000.00),(79,62,31,1,55000.00),(80,63,13,1,50000.00),(81,64,2,1,30000.00),(82,64,1,1,30000.00),(83,65,4,1,45000.00),(84,66,23,1,55000.00),(85,67,22,3,55000.00),(86,68,17,3,45000.00),(87,69,14,1,50000.00),(88,70,19,3,50000.00),(89,71,26,1,45000.00),(90,71,22,1,55000.00),(91,72,22,1,55000.00),(92,72,26,1,45000.00),(93,73,26,1,45000.00),(94,73,22,1,55000.00),(95,74,26,1,45000.00),(96,74,22,1,55000.00),(97,75,26,1,45000.00),(98,75,22,1,55000.00),(99,76,22,1,55000.00),(100,76,26,1,45000.00),(101,77,12,1,50000.00),(102,78,1,1,30000.00),(103,79,2,1,30000.00),(104,79,1,1,30000.00),(105,80,1,1,30000.00),(106,80,2,1,30000.00),(107,81,1,1,30000.00),(108,81,2,1,30000.00),(109,82,31,1,55000.00),(110,83,28,1,35000.00),(111,84,1,1,30000.00),(112,84,2,1,30000.00),(113,85,1,1,30000.00),(114,85,2,1,30000.00),(115,86,4,1,45000.00),(116,87,9,1,50000.00),(117,88,13,1,50000.00),(118,89,14,1,50000.00),(119,90,15,1,50000.00),(120,91,21,1,45000.00),(121,92,22,1,55000.00),(122,93,23,1,55000.00),(123,94,26,3,45000.00),(124,95,31,1,55000.00),(125,96,1,1,30000.00),(126,96,2,1,30000.00),(127,97,3,1,38000.00),(128,98,30,1,35000.00),(129,99,24,1,55000.00),(130,100,25,1,75000.00),(131,100,26,1,45000.00),(132,100,27,1,75000.00),(133,101,12,1,50000.00),(134,102,30,1,35000.00),(135,103,1,1,25000.00),(136,103,2,1,29000.00),(137,104,4,1,45000.00),(138,104,5,1,42000.00),(139,106,1,1,25000.00),(140,106,2,1,29000.00),(141,107,4,1,45000.00),(142,107,5,1,42000.00),(143,108,6,1,49000.00),(144,108,7,1,55000.00),(145,109,1,1,25000.00),(146,109,2,1,29000.00),(147,109,3,1,35000.00),(148,110,4,1,45000.00),(149,110,5,1,42000.00),(150,111,6,1,49000.00),(151,111,3,1,35000.00),(152,112,1,1,25000.00),(153,112,2,1,29000.00),(154,113,4,1,45000.00),(155,113,5,1,42000.00),(156,113,7,1,55000.00),(157,114,6,1,49000.00),(158,114,7,1,55000.00),(159,115,1,1,25000.00),(160,115,2,1,29000.00),(161,115,3,1,35000.00),(162,116,4,1,45000.00),(163,116,5,1,42000.00),(164,117,6,1,49000.00),(165,117,3,1,35000.00),(166,118,2,1,29000.00),(167,118,4,1,45000.00),(168,118,6,1,49000.00),(169,119,1,1,25000.00),(170,119,2,1,29000.00),(171,120,4,1,45000.00),(172,120,5,1,42000.00),(173,121,6,1,49000.00),(174,121,7,1,55000.00),(175,122,2,1,29000.00),(176,122,4,1,45000.00),(177,122,6,1,49000.00),(178,123,1,1,25000.00),(179,123,2,1,29000.00),(180,123,3,1,35000.00),(181,124,4,1,45000.00),(182,124,5,1,42000.00),(183,124,7,1,55000.00),(184,125,6,1,49000.00),(185,125,3,1,35000.00),(186,126,1,1,25000.00),(187,126,2,1,29000.00),(188,127,4,1,45000.00),(189,127,5,1,42000.00),(190,128,6,1,49000.00),(191,128,7,1,55000.00),(192,129,1,1,25000.00),(193,129,2,1,29000.00),(194,129,3,1,35000.00),(195,130,4,1,45000.00),(196,130,5,1,42000.00),(197,131,6,1,49000.00),(198,131,3,1,35000.00),(199,132,1,1,25000.00),(200,132,2,1,29000.00),(201,133,4,1,45000.00),(202,133,5,1,42000.00),(203,133,7,1,55000.00),(204,134,6,1,49000.00),(205,134,7,1,55000.00),(206,135,1,1,25000.00),(207,135,2,1,29000.00),(208,135,3,1,35000.00),(209,136,4,1,45000.00),(210,136,5,1,42000.00),(211,137,6,1,49000.00),(212,137,3,1,35000.00),(213,138,1,1,25000.00),(214,138,2,1,29000.00),(215,139,4,1,45000.00),(216,139,5,1,42000.00),(217,140,6,1,49000.00),(218,140,7,1,55000.00),(219,141,2,1,29000.00),(220,141,4,1,45000.00),(221,141,6,1,49000.00),(222,142,1,1,25000.00),(223,142,2,1,29000.00),(224,142,3,1,35000.00),(225,143,4,1,45000.00),(226,143,5,1,42000.00),(227,143,7,1,55000.00),(228,144,6,1,49000.00),(229,144,3,1,35000.00),(230,145,2,1,29000.00),(231,145,4,1,45000.00),(232,145,6,1,49000.00),(233,146,1,1,25000.00),(234,146,2,1,29000.00),(235,147,4,1,45000.00),(236,147,5,1,42000.00),(237,148,6,1,49000.00),(238,148,7,1,55000.00),(239,149,1,1,25000.00),(240,149,2,1,29000.00),(241,149,3,1,35000.00),(242,150,4,1,45000.00),(243,150,5,1,42000.00),(244,151,6,1,49000.00),(245,151,3,1,35000.00),(246,152,1,1,25000.00),(247,152,2,1,29000.00),(248,153,4,1,45000.00),(249,153,5,1,42000.00),(250,153,7,1,55000.00),(251,154,6,1,49000.00),(252,154,7,1,55000.00),(253,155,1,1,25000.00),(254,155,2,1,29000.00),(255,155,3,1,35000.00),(256,156,4,1,45000.00),(257,156,5,1,42000.00),(258,157,6,1,49000.00),(259,157,3,1,35000.00),(260,158,1,1,25000.00),(261,158,2,1,29000.00),(262,159,4,1,45000.00),(263,159,5,1,42000.00),(264,160,6,1,49000.00),(265,160,7,1,55000.00),(266,161,1,1,25000.00),(267,161,2,1,29000.00),(268,161,3,1,35000.00),(269,162,4,1,45000.00),(270,162,5,1,42000.00),(271,162,7,1,55000.00),(272,163,6,1,49000.00),(273,163,3,1,35000.00),(274,164,2,1,29000.00),(275,164,4,1,45000.00),(276,164,6,1,49000.00),(277,165,1,1,25000.00),(278,165,2,1,29000.00),(279,166,4,1,45000.00),(280,166,5,1,42000.00),(281,167,6,1,49000.00),(282,167,7,1,55000.00),(283,168,2,1,29000.00),(284,168,4,1,45000.00),(285,168,6,1,49000.00),(286,169,1,1,25000.00),(287,169,2,1,29000.00),(288,169,3,1,35000.00),(289,170,4,1,45000.00),(290,170,5,1,42000.00),(291,171,6,1,49000.00),(292,171,3,1,35000.00),(293,172,1,1,25000.00),(294,172,2,1,29000.00),(295,173,4,1,45000.00),(296,173,5,1,42000.00),(297,173,7,1,55000.00),(298,174,6,1,49000.00),(299,174,7,1,55000.00),(300,175,1,1,25000.00),(301,175,2,1,29000.00),(302,175,3,1,35000.00),(303,176,4,1,45000.00),(304,176,5,1,42000.00),(305,177,6,1,49000.00),(306,177,3,1,35000.00),(307,178,1,1,25000.00),(308,178,2,1,29000.00),(309,179,4,1,45000.00),(310,179,5,1,42000.00),(311,180,6,1,49000.00),(312,180,7,1,55000.00),(313,181,1,1,25000.00),(314,181,2,1,29000.00),(315,181,3,1,35000.00),(316,182,4,1,45000.00),(317,182,5,1,42000.00),(318,182,7,1,55000.00),(319,183,6,1,49000.00),(320,183,3,1,35000.00),(321,184,1,1,25000.00),(322,184,2,1,29000.00),(323,185,4,1,45000.00),(324,185,5,1,42000.00),(325,186,6,1,49000.00),(326,186,7,1,55000.00),(327,187,2,1,29000.00),(328,187,4,1,45000.00),(329,187,6,1,49000.00),(330,188,1,1,25000.00),(331,188,2,1,29000.00),(332,188,3,1,35000.00),(333,189,4,1,45000.00),(334,189,5,1,42000.00),(335,190,6,1,49000.00),(336,190,3,1,35000.00),(337,191,2,1,29000.00),(338,191,4,1,45000.00),(339,191,6,1,49000.00),(340,192,1,1,25000.00),(341,192,2,1,29000.00),(342,193,4,1,45000.00),(343,193,5,1,42000.00),(344,193,7,1,55000.00),(345,194,6,1,49000.00),(346,194,7,1,55000.00),(347,195,1,1,25000.00),(348,195,2,1,29000.00),(349,195,3,1,35000.00),(350,196,4,1,45000.00),(351,196,5,1,42000.00),(352,197,6,1,49000.00),(353,197,3,1,35000.00),(354,198,1,1,25000.00),(355,198,2,1,29000.00),(356,199,4,1,45000.00),(357,199,5,1,42000.00),(358,200,6,1,49000.00),(359,200,7,1,55000.00),(360,201,1,1,25000.00),(361,201,2,1,29000.00),(362,201,3,1,35000.00),(363,202,4,1,45000.00),(364,202,5,1,42000.00),(365,202,7,1,55000.00),(366,203,6,1,49000.00),(367,203,3,1,35000.00),(368,204,1,1,25000.00),(369,204,2,1,29000.00),(370,205,4,1,45000.00),(371,205,5,1,42000.00),(372,206,6,1,49000.00),(373,206,7,1,55000.00),(374,207,1,1,25000.00),(375,207,2,1,29000.00),(376,208,4,1,45000.00),(377,208,5,1,42000.00),(378,209,6,1,49000.00),(379,209,7,1,55000.00),(380,210,2,1,29000.00),(381,210,4,1,45000.00),(382,210,6,1,49000.00),(383,211,1,1,25000.00),(384,211,2,1,29000.00),(385,211,3,1,35000.00),(386,212,4,1,45000.00),(387,212,5,1,42000.00),(388,213,6,1,49000.00),(389,213,3,1,35000.00),(390,214,2,1,29000.00),(391,214,4,1,45000.00),(392,214,6,1,49000.00),(393,215,1,1,25000.00),(394,215,2,1,29000.00),(395,216,4,1,45000.00),(396,216,5,1,42000.00),(397,216,7,1,55000.00),(398,217,6,1,49000.00),(399,217,7,1,55000.00),(400,218,1,1,25000.00),(401,218,2,1,29000.00),(402,218,3,1,35000.00),(403,219,4,1,45000.00),(404,219,5,1,42000.00),(405,220,6,1,49000.00),(406,220,3,1,35000.00),(407,221,1,1,25000.00),(408,221,2,1,29000.00),(409,222,4,1,45000.00),(410,222,5,1,42000.00),(411,223,6,1,49000.00),(412,223,7,1,55000.00),(413,224,1,1,25000.00),(414,224,2,1,29000.00),(415,224,3,1,35000.00),(416,225,4,1,45000.00),(417,225,5,1,42000.00),(418,225,7,1,55000.00),(419,226,6,1,49000.00),(420,226,3,1,35000.00),(421,227,1,1,25000.00),(422,227,2,1,29000.00),(423,228,4,1,45000.00),(424,228,5,1,42000.00),(425,229,6,1,49000.00),(426,229,7,1,55000.00),(427,230,1,1,25000.00),(428,230,2,1,29000.00),(429,230,3,1,35000.00),(430,231,4,1,45000.00),(431,231,5,1,42000.00),(432,232,6,1,49000.00),(433,232,3,1,35000.00),(434,233,2,1,29000.00),(435,233,4,1,45000.00),(436,233,6,1,49000.00),(437,234,1,1,25000.00),(438,234,2,1,29000.00),(439,235,4,1,45000.00),(440,235,5,1,42000.00),(441,235,7,1,55000.00),(442,236,6,1,49000.00),(443,236,7,1,55000.00),(444,237,2,1,29000.00),(445,237,4,1,45000.00),(446,237,6,1,49000.00),(447,238,1,1,25000.00),(448,238,2,1,29000.00),(449,238,3,1,35000.00),(450,239,4,1,45000.00),(451,239,5,1,42000.00),(452,240,6,1,49000.00),(453,240,3,1,35000.00),(454,241,1,1,25000.00),(455,241,2,1,29000.00),(456,242,4,1,45000.00),(457,242,5,1,42000.00),(458,243,6,1,49000.00),(459,243,7,1,55000.00),(460,244,1,1,25000.00),(461,244,2,1,29000.00),(462,244,3,1,35000.00),(463,245,4,1,45000.00),(464,245,5,1,42000.00),(465,245,7,1,55000.00),(466,246,6,1,49000.00),(467,246,3,1,35000.00),(468,247,1,1,25000.00),(469,247,2,1,29000.00),(470,248,4,1,45000.00),(471,248,5,1,42000.00),(472,249,6,1,49000.00),(473,249,7,1,55000.00),(474,250,1,1,25000.00),(475,250,2,1,29000.00),(476,250,3,1,35000.00),(477,251,4,1,45000.00),(478,251,5,1,42000.00),(479,252,6,1,49000.00),(480,252,3,1,35000.00),(481,253,1,1,25000.00),(482,253,2,1,29000.00),(483,254,4,1,45000.00),(484,254,5,1,42000.00),(485,254,7,1,55000.00),(486,255,6,1,49000.00),(487,255,7,1,55000.00),(488,256,2,1,29000.00),(489,256,4,1,45000.00),(490,256,6,1,49000.00),(491,257,1,1,25000.00),(492,257,2,1,29000.00),(493,257,3,1,35000.00),(494,258,4,1,45000.00),(495,258,5,1,42000.00),(496,259,6,1,49000.00),(497,259,3,1,35000.00),(498,260,2,1,29000.00),(499,260,4,1,45000.00),(500,260,6,1,49000.00),(501,261,1,1,25000.00),(502,261,2,1,29000.00),(503,262,4,1,45000.00),(504,262,5,1,42000.00),(505,263,6,1,49000.00),(506,263,7,1,55000.00),(507,264,1,1,25000.00),(508,264,2,1,29000.00),(509,264,3,1,35000.00),(510,265,4,1,45000.00),(511,265,5,1,42000.00),(512,265,7,1,55000.00),(513,266,6,1,49000.00),(514,266,3,1,35000.00),(515,267,1,1,25000.00),(516,267,2,1,29000.00),(517,268,4,1,45000.00),(518,268,5,1,42000.00),(519,269,6,1,49000.00),(520,269,7,1,55000.00),(521,270,1,1,25000.00),(522,270,2,1,29000.00),(523,270,3,1,35000.00),(524,271,4,1,45000.00),(525,271,5,1,42000.00),(526,272,6,1,49000.00),(527,272,3,1,35000.00),(528,273,1,1,25000.00),(529,273,2,1,29000.00),(530,274,4,1,45000.00),(531,274,5,1,42000.00),(532,274,7,1,55000.00),(533,275,6,1,49000.00),(534,275,7,1,55000.00),(535,276,1,1,25000.00),(536,276,2,1,29000.00),(537,276,3,1,35000.00),(538,277,4,1,45000.00),(539,277,5,1,42000.00),(540,278,6,1,49000.00),(541,278,3,1,35000.00),(542,279,2,1,29000.00),(543,279,4,1,45000.00),(544,279,6,1,49000.00),(545,280,1,1,25000.00),(546,280,2,1,29000.00),(547,281,4,1,45000.00),(548,281,5,1,42000.00),(549,282,6,1,49000.00),(550,282,7,1,55000.00),(551,283,2,1,29000.00),(552,283,4,1,45000.00),(553,283,6,1,49000.00),(554,284,1,1,25000.00),(555,284,2,1,29000.00),(556,284,3,1,35000.00),(557,285,4,1,45000.00),(558,285,5,1,42000.00),(559,285,7,1,55000.00),(560,286,6,1,49000.00),(561,286,3,1,35000.00),(562,287,1,1,25000.00),(563,287,2,1,29000.00),(564,288,4,1,45000.00),(565,288,5,1,42000.00),(566,289,6,1,49000.00),(567,289,7,1,55000.00),(568,290,1,1,25000.00),(569,290,2,1,29000.00),(570,290,3,1,35000.00),(571,291,4,1,45000.00),(572,291,5,1,42000.00),(573,292,6,1,49000.00),(574,292,3,1,35000.00),(575,293,1,1,25000.00),(576,293,2,1,29000.00),(577,294,4,1,45000.00),(578,294,5,1,42000.00),(579,294,7,1,55000.00),(580,295,6,1,49000.00),(581,295,7,1,55000.00),(582,296,1,1,25000.00),(583,296,2,1,29000.00),(584,296,3,1,35000.00),(585,297,4,1,45000.00),(586,297,5,1,42000.00),(587,298,6,1,49000.00),(588,298,3,1,35000.00),(589,299,1,1,25000.00),(590,299,2,1,29000.00),(591,300,4,1,45000.00),(592,300,5,1,42000.00),(593,301,6,1,49000.00),(594,301,7,1,55000.00),(595,302,2,1,29000.00),(596,302,4,1,45000.00),(597,302,6,1,49000.00),(598,303,1,1,25000.00),(599,303,2,1,29000.00),(600,303,3,1,35000.00),(601,304,4,1,45000.00),(602,304,5,1,42000.00),(603,304,7,1,55000.00),(604,305,6,1,49000.00),(605,305,3,1,35000.00),(606,306,2,1,29000.00),(607,306,4,1,45000.00),(608,306,6,1,49000.00),(609,307,1,1,25000.00),(610,307,2,1,29000.00),(611,308,4,1,45000.00),(612,308,5,1,42000.00),(613,309,6,1,49000.00),(614,309,7,1,55000.00),(615,310,1,1,25000.00),(616,310,2,1,29000.00),(617,310,3,1,35000.00),(618,311,4,1,45000.00),(619,311,5,1,42000.00),(620,312,6,1,49000.00),(621,312,3,1,35000.00),(622,313,1,1,25000.00),(623,313,2,1,29000.00),(624,314,4,1,45000.00),(625,314,5,1,42000.00),(626,314,7,1,55000.00),(627,315,6,1,49000.00),(628,315,7,1,55000.00),(629,316,1,1,25000.00),(630,316,2,1,29000.00),(631,316,3,1,35000.00),(632,317,4,1,45000.00),(633,317,5,1,42000.00),(634,318,6,1,49000.00),(635,318,3,1,35000.00),(636,319,1,1,25000.00),(637,319,2,1,29000.00),(638,320,4,1,45000.00),(639,320,5,1,42000.00),(640,321,6,1,49000.00),(641,321,7,1,55000.00),(642,322,1,1,25000.00),(643,322,2,1,29000.00),(644,322,3,1,35000.00),(645,323,4,1,45000.00),(646,323,5,1,42000.00),(647,323,7,1,55000.00),(648,324,6,1,49000.00),(649,324,3,1,35000.00),(650,325,2,1,29000.00),(651,325,4,1,45000.00),(652,325,6,1,49000.00),(653,326,1,1,25000.00),(654,326,2,1,29000.00),(655,327,4,1,45000.00),(656,327,5,1,42000.00),(657,328,6,1,49000.00),(658,328,7,1,55000.00),(659,329,2,1,29000.00),(660,329,4,1,45000.00),(661,329,6,1,49000.00),(662,330,1,1,25000.00),(663,330,2,1,29000.00),(664,330,3,1,35000.00),(665,331,4,1,45000.00),(666,331,5,1,42000.00),(667,332,6,1,49000.00),(668,332,3,1,35000.00),(669,333,1,1,25000.00),(670,333,2,1,29000.00),(671,334,4,1,45000.00),(672,334,5,1,42000.00),(673,334,7,1,55000.00),(674,335,6,1,49000.00),(675,335,7,1,55000.00),(676,336,1,1,25000.00),(677,336,2,1,29000.00),(678,336,3,1,35000.00),(679,337,4,1,45000.00),(680,337,5,1,42000.00),(681,338,6,1,49000.00),(682,338,3,1,35000.00),(683,339,1,1,25000.00),(684,339,2,1,29000.00),(685,340,4,1,45000.00),(686,340,5,1,42000.00),(687,341,6,1,49000.00),(688,341,7,1,55000.00),(689,342,1,1,25000.00),(690,342,2,1,29000.00),(691,342,3,1,35000.00),(692,343,4,1,45000.00),(693,343,5,1,42000.00),(694,343,7,1,55000.00),(695,344,6,1,49000.00),(696,344,3,1,35000.00),(697,345,1,1,25000.00),(698,345,2,1,29000.00),(699,346,4,1,45000.00),(700,346,5,1,42000.00),(701,347,6,1,49000.00),(702,347,7,1,55000.00),(703,348,2,1,29000.00),(704,348,4,1,45000.00),(705,348,6,1,49000.00),(706,349,1,1,25000.00),(707,349,2,1,29000.00),(708,349,3,1,35000.00),(709,350,4,1,45000.00),(710,350,5,1,42000.00),(711,351,6,1,49000.00),(712,351,3,1,35000.00),(713,352,2,1,29000.00),(714,352,4,1,45000.00),(715,352,6,1,49000.00),(716,353,1,1,25000.00),(717,353,2,1,29000.00),(718,354,4,1,45000.00),(719,354,5,1,42000.00),(720,354,7,1,55000.00),(721,355,6,1,49000.00),(722,355,7,1,55000.00),(723,356,1,1,25000.00),(724,356,2,1,29000.00),(725,356,3,1,35000.00),(726,357,4,1,45000.00),(727,357,5,1,42000.00),(728,358,6,1,49000.00),(729,358,3,1,35000.00),(730,359,1,1,25000.00),(731,359,2,1,29000.00),(732,360,4,1,45000.00),(733,360,5,1,42000.00),(734,361,6,1,49000.00),(735,361,7,1,55000.00),(736,362,1,1,25000.00),(737,362,2,1,29000.00),(738,362,3,1,35000.00),(739,363,4,1,45000.00),(740,363,5,1,42000.00),(741,363,7,1,55000.00),(742,364,6,1,49000.00),(743,364,3,1,35000.00),(744,365,1,1,25000.00),(745,365,2,1,29000.00),(746,366,4,1,45000.00),(747,366,5,1,42000.00),(748,367,6,1,49000.00),(749,367,7,1,55000.00),(750,368,1,1,25000.00),(751,368,2,1,29000.00),(752,368,3,1,35000.00),(753,369,4,1,45000.00),(754,369,5,1,42000.00),(755,370,6,1,49000.00),(756,370,3,1,35000.00),(757,371,2,1,29000.00),(758,371,4,1,45000.00),(759,371,6,1,49000.00),(760,372,1,1,25000.00),(761,372,2,1,29000.00),(762,373,4,1,45000.00),(763,373,5,1,42000.00),(764,373,7,1,55000.00),(765,374,6,1,49000.00),(766,374,7,1,55000.00),(767,375,2,1,29000.00),(768,375,4,1,45000.00),(769,375,6,1,49000.00),(770,376,1,1,25000.00),(771,376,2,1,29000.00),(772,376,3,1,35000.00),(773,377,4,1,45000.00),(774,377,5,1,42000.00),(775,378,6,1,49000.00),(776,378,3,1,35000.00),(777,379,1,1,25000.00),(778,379,2,1,29000.00),(779,380,4,1,45000.00),(780,380,5,1,42000.00),(781,381,6,1,49000.00),(782,381,7,1,55000.00),(783,382,1,1,25000.00),(784,382,2,1,29000.00),(785,382,3,1,35000.00),(786,383,4,1,45000.00),(787,383,5,1,42000.00),(788,383,7,1,55000.00),(789,384,6,1,49000.00),(790,384,3,1,35000.00),(791,385,1,1,25000.00),(792,385,2,1,29000.00),(793,386,4,1,45000.00),(794,386,5,1,42000.00),(795,387,6,1,49000.00),(796,387,7,1,55000.00),(797,388,1,1,25000.00),(798,388,2,1,29000.00),(799,388,3,1,35000.00),(800,389,4,1,45000.00),(801,389,5,1,42000.00),(802,390,6,1,49000.00),(803,390,3,1,35000.00),(804,391,1,1,25000.00),(805,391,2,1,29000.00),(806,392,4,1,45000.00),(807,392,5,1,42000.00),(808,392,7,1,55000.00),(809,393,6,1,49000.00),(810,393,7,1,55000.00),(811,394,2,1,29000.00),(812,394,4,1,45000.00),(813,394,6,1,49000.00),(814,395,1,1,25000.00),(815,395,2,1,29000.00),(816,395,3,1,35000.00),(817,396,4,1,45000.00),(818,396,5,1,42000.00),(819,397,6,1,49000.00),(820,397,3,1,35000.00),(821,398,2,1,29000.00),(822,398,4,1,45000.00),(823,398,6,1,49000.00),(824,399,1,1,25000.00),(825,399,2,1,29000.00),(826,400,4,1,45000.00),(827,400,5,1,42000.00),(828,401,6,1,49000.00),(829,401,7,1,55000.00),(830,402,1,1,25000.00),(831,402,2,1,29000.00),(832,402,3,1,35000.00),(833,403,4,1,45000.00),(834,403,5,1,42000.00),(835,403,7,1,55000.00),(836,404,6,1,49000.00),(837,404,3,1,35000.00),(838,405,1,1,25000.00),(839,405,2,1,29000.00),(840,406,4,1,45000.00),(841,406,5,1,42000.00),(842,407,6,1,49000.00),(843,407,7,1,55000.00),(844,408,1,1,25000.00),(845,408,2,1,29000.00),(846,409,4,1,45000.00),(847,409,5,1,42000.00),(848,410,6,1,49000.00),(849,410,7,1,55000.00),(850,411,1,1,25000.00),(851,411,2,1,29000.00),(852,411,3,1,35000.00),(853,412,4,1,45000.00),(854,412,5,1,42000.00),(855,413,6,1,49000.00),(856,413,3,1,35000.00),(857,414,1,1,25000.00),(858,414,2,1,29000.00),(859,415,4,1,45000.00),(860,415,5,1,42000.00),(861,415,7,1,55000.00),(862,416,6,1,49000.00),(863,416,7,1,55000.00),(864,417,2,1,29000.00),(865,417,4,1,45000.00),(866,417,6,1,49000.00),(867,418,1,1,25000.00),(868,418,2,1,29000.00),(869,418,3,1,35000.00),(870,419,4,1,45000.00),(871,419,5,1,42000.00),(872,420,6,1,49000.00),(873,420,3,1,35000.00),(874,421,2,1,29000.00),(875,421,4,1,45000.00),(876,421,6,1,49000.00),(877,422,1,1,25000.00),(878,422,2,1,29000.00),(879,423,4,1,45000.00),(880,423,5,1,42000.00),(881,424,6,1,49000.00),(882,424,7,1,55000.00),(883,425,1,1,25000.00),(884,425,2,1,29000.00),(885,425,3,1,35000.00),(886,426,4,1,45000.00),(887,426,5,1,42000.00),(888,426,7,1,55000.00),(889,427,6,1,49000.00),(890,427,3,1,35000.00),(891,428,1,1,25000.00),(892,428,2,1,29000.00),(893,429,4,1,45000.00),(894,429,5,1,42000.00),(895,430,6,1,49000.00),(896,430,7,1,55000.00),(897,431,1,1,25000.00),(898,431,2,1,29000.00),(899,431,3,1,35000.00),(900,432,4,1,45000.00),(901,432,5,1,42000.00),(902,433,6,1,49000.00),(903,433,3,1,35000.00),(904,434,1,1,25000.00),(905,434,2,1,29000.00),(906,435,4,1,45000.00),(907,435,5,1,42000.00),(908,435,7,1,55000.00),(909,436,6,1,49000.00),(910,436,7,1,55000.00),(911,437,1,1,25000.00),(912,437,2,1,29000.00),(913,437,3,1,35000.00),(914,438,4,1,45000.00),(915,438,5,1,42000.00),(916,439,6,1,49000.00),(917,439,3,1,35000.00),(918,440,2,1,29000.00),(919,440,4,1,45000.00),(920,440,6,1,49000.00),(921,441,1,1,25000.00),(922,441,2,1,29000.00),(923,442,4,1,45000.00),(924,442,5,1,42000.00),(925,443,6,1,49000.00),(926,443,7,1,55000.00),(927,444,2,1,29000.00),(928,444,4,1,45000.00),(929,444,6,1,49000.00),(930,445,1,1,25000.00),(931,445,2,1,29000.00),(932,445,3,1,35000.00),(933,446,4,1,45000.00),(934,446,5,1,42000.00),(935,446,7,1,55000.00),(936,447,6,1,49000.00),(937,447,3,1,35000.00),(938,448,1,1,25000.00),(939,448,2,1,29000.00),(940,449,4,1,45000.00),(941,449,5,1,42000.00),(942,450,6,1,49000.00),(943,450,7,1,55000.00),(944,451,1,1,25000.00),(945,451,2,1,29000.00),(946,451,3,1,35000.00),(947,452,4,1,45000.00),(948,452,5,1,42000.00),(949,453,6,1,49000.00),(950,453,3,1,35000.00),(951,454,1,1,25000.00),(952,454,2,1,29000.00),(953,455,4,1,45000.00),(954,455,5,1,42000.00),(955,455,7,1,55000.00),(956,456,6,1,49000.00),(957,456,7,1,55000.00),(958,457,1,1,25000.00),(959,457,2,1,29000.00),(960,457,3,1,35000.00),(961,458,4,1,45000.00),(962,458,5,1,42000.00),(963,459,6,1,49000.00),(964,459,3,1,35000.00),(965,460,1,1,25000.00),(966,460,2,1,29000.00),(967,461,4,1,45000.00),(968,461,5,1,42000.00),(969,462,6,1,49000.00),(970,462,7,1,55000.00),(971,463,2,1,29000.00),(972,463,4,1,45000.00),(973,463,6,1,49000.00),(974,464,1,1,25000.00),(975,464,2,1,29000.00),(976,464,3,1,35000.00),(977,465,4,1,45000.00),(978,465,5,1,42000.00),(979,465,7,1,55000.00),(980,466,6,1,49000.00),(981,466,3,1,35000.00),(982,467,2,1,29000.00),(983,467,4,1,45000.00),(984,467,6,1,49000.00),(985,468,1,1,25000.00),(986,468,2,1,29000.00),(987,469,4,1,45000.00),(988,469,5,1,42000.00),(989,470,6,1,49000.00),(990,470,7,1,55000.00),(991,471,1,1,25000.00),(992,471,2,1,29000.00),(993,471,3,1,35000.00),(994,472,4,1,45000.00),(995,472,5,1,42000.00),(996,473,6,1,49000.00),(997,473,3,1,35000.00),(998,474,1,1,25000.00),(999,474,2,1,29000.00),(1000,475,4,1,45000.00),(1001,475,5,1,42000.00),(1002,475,7,1,55000.00),(1003,476,6,1,49000.00),(1004,476,7,1,55000.00),(1005,477,1,1,25000.00),(1006,477,2,1,29000.00),(1007,477,3,1,35000.00),(1008,478,4,1,45000.00),(1009,478,5,1,42000.00),(1010,479,6,1,49000.00),(1011,479,3,1,35000.00),(1012,480,1,1,25000.00),(1013,480,2,1,29000.00),(1014,481,4,1,45000.00),(1015,481,5,1,42000.00),(1016,482,6,1,49000.00),(1017,482,7,1,55000.00),(1018,483,1,1,25000.00),(1019,483,2,1,29000.00),(1020,483,3,1,35000.00),(1021,484,4,1,45000.00),(1022,484,5,1,42000.00),(1023,484,7,1,55000.00),(1024,485,6,1,49000.00),(1025,485,3,1,35000.00),(1026,486,2,1,29000.00),(1027,486,4,1,45000.00),(1028,486,6,1,49000.00),(1029,487,1,1,25000.00),(1030,487,2,1,29000.00),(1031,488,4,1,45000.00),(1032,488,5,1,42000.00),(1033,489,6,1,49000.00),(1034,489,7,1,55000.00),(1035,490,2,1,29000.00),(1036,490,4,1,45000.00),(1037,490,6,1,49000.00),(1038,491,1,1,25000.00),(1039,491,2,1,29000.00),(1040,491,3,1,35000.00),(1041,492,4,1,45000.00),(1042,492,5,1,42000.00),(1043,493,6,1,49000.00),(1044,493,3,1,35000.00),(1045,494,1,1,25000.00),(1046,494,2,1,29000.00),(1047,495,4,1,45000.00),(1048,495,5,1,42000.00),(1049,495,7,1,55000.00),(1050,496,6,1,49000.00),(1051,496,7,1,55000.00),(1052,497,1,1,25000.00),(1053,497,2,1,29000.00),(1054,497,3,1,35000.00),(1055,498,4,1,45000.00),(1056,498,5,1,42000.00),(1057,499,6,1,49000.00),(1058,499,3,1,35000.00),(1059,500,1,1,25000.00),(1060,500,2,1,29000.00),(1061,501,4,1,45000.00),(1062,501,5,1,42000.00),(1063,502,6,1,49000.00),(1064,502,7,1,55000.00),(1065,503,1,1,25000.00),(1066,503,2,1,29000.00),(1067,503,3,1,35000.00),(1068,504,4,1,45000.00),(1069,504,5,1,42000.00),(1070,504,7,1,55000.00),(1071,505,6,1,49000.00),(1072,505,3,1,35000.00),(1073,506,1,1,25000.00),(1074,506,2,1,29000.00),(1075,507,4,1,45000.00),(1076,507,5,1,42000.00),(1077,508,6,1,49000.00),(1078,508,7,1,55000.00),(1079,509,2,1,29000.00),(1080,509,4,1,45000.00),(1081,509,6,1,49000.00),(1082,510,1,1,25000.00),(1083,510,2,1,29000.00),(1084,511,4,1,45000.00),(1085,511,5,1,42000.00),(1086,512,6,1,49000.00),(1087,512,7,1,55000.00),(1088,513,2,1,29000.00),(1089,513,4,1,45000.00),(1090,513,6,1,49000.00),(1091,514,1,1,25000.00),(1092,514,2,1,29000.00),(1093,514,3,1,35000.00),(1094,515,4,1,45000.00),(1095,515,5,1,42000.00),(1096,516,6,1,49000.00),(1097,516,3,1,35000.00),(1098,517,1,1,25000.00),(1099,517,2,1,29000.00),(1100,518,4,1,45000.00),(1101,518,5,1,42000.00),(1102,518,7,1,55000.00),(1103,519,6,1,49000.00),(1104,519,7,1,55000.00),(1105,520,1,1,25000.00),(1106,520,2,1,29000.00),(1107,520,3,1,35000.00),(1108,521,4,1,45000.00),(1109,521,5,1,42000.00),(1110,522,6,1,49000.00),(1111,522,3,1,35000.00),(1112,523,1,1,25000.00),(1113,523,2,1,29000.00),(1114,524,4,1,45000.00),(1115,524,5,1,42000.00),(1116,525,6,1,49000.00),(1117,525,7,1,55000.00),(1118,526,1,1,25000.00),(1119,526,2,1,29000.00),(1120,526,3,1,35000.00),(1121,527,4,1,45000.00),(1122,527,5,1,42000.00),(1123,527,7,1,55000.00),(1124,528,6,1,49000.00),(1125,528,3,1,35000.00),(1126,529,1,1,25000.00),(1127,529,2,1,29000.00),(1128,530,4,1,45000.00),(1129,530,5,1,42000.00),(1130,531,6,1,49000.00),(1131,531,7,1,55000.00),(1132,532,2,1,29000.00),(1133,532,4,1,45000.00),(1134,532,6,1,49000.00),(1135,533,1,1,25000.00),(1136,533,2,1,29000.00),(1137,533,3,1,35000.00),(1138,534,4,1,45000.00),(1139,534,5,1,42000.00),(1140,535,6,1,49000.00),(1141,535,3,1,35000.00),(1142,536,2,1,29000.00),(1143,536,4,1,45000.00),(1144,536,6,1,49000.00),(1145,537,1,1,25000.00),(1146,537,2,1,29000.00),(1147,538,4,1,45000.00),(1148,538,5,1,42000.00),(1149,538,7,1,55000.00),(1150,539,6,1,49000.00),(1151,539,7,1,55000.00),(1152,540,1,1,25000.00),(1153,540,2,1,29000.00),(1154,540,3,1,35000.00),(1155,541,4,1,45000.00),(1156,541,5,1,42000.00),(1157,542,6,1,49000.00),(1158,542,3,1,35000.00),(1159,543,1,1,25000.00),(1160,543,2,1,29000.00),(1161,544,4,1,45000.00),(1162,544,5,1,42000.00),(1163,545,6,1,49000.00),(1164,545,7,1,55000.00),(1165,546,1,1,25000.00),(1166,546,2,1,29000.00),(1167,546,3,1,35000.00),(1168,547,4,1,45000.00),(1169,547,5,1,42000.00),(1170,547,7,1,55000.00),(1171,548,6,1,49000.00),(1172,548,3,1,35000.00),(1173,549,1,1,25000.00),(1174,549,2,1,29000.00),(1175,550,4,1,45000.00),(1176,550,5,1,42000.00),(1177,551,6,1,49000.00),(1178,551,7,1,55000.00),(1179,552,1,1,25000.00),(1180,552,2,1,29000.00),(1181,552,3,1,35000.00),(1182,553,4,1,45000.00),(1183,553,5,1,42000.00),(1184,554,6,1,49000.00),(1185,554,3,1,35000.00),(1186,555,2,1,29000.00),(1187,555,4,1,45000.00),(1188,555,6,1,49000.00),(1189,556,1,1,25000.00),(1190,556,2,1,29000.00),(1191,557,4,1,45000.00),(1192,557,5,1,42000.00),(1193,557,7,1,55000.00),(1194,558,6,1,49000.00),(1195,558,7,1,55000.00),(1196,559,2,1,29000.00),(1197,559,4,1,45000.00),(1198,559,6,1,49000.00),(1199,560,1,1,25000.00),(1200,560,2,1,29000.00),(1201,560,3,1,35000.00),(1202,561,4,1,45000.00),(1203,561,5,1,42000.00),(1204,562,6,1,49000.00),(1205,562,3,1,35000.00),(1206,563,1,1,25000.00),(1207,563,2,1,29000.00),(1208,564,4,1,45000.00),(1209,564,5,1,42000.00),(1210,565,6,1,49000.00),(1211,565,7,1,55000.00),(1212,566,1,1,25000.00),(1213,566,2,1,29000.00),(1214,566,3,1,35000.00),(1215,567,4,1,45000.00),(1216,567,5,1,42000.00),(1217,567,7,1,55000.00),(1218,568,6,1,49000.00),(1219,568,3,1,35000.00),(1220,569,1,1,25000.00),(1221,569,2,1,29000.00),(1222,570,4,1,45000.00),(1223,570,5,1,42000.00),(1224,571,6,1,49000.00),(1225,571,7,1,55000.00),(1226,572,1,1,25000.00),(1227,572,2,1,29000.00),(1228,572,3,1,35000.00),(1229,573,4,1,45000.00),(1230,573,5,1,42000.00),(1231,574,6,1,49000.00),(1232,574,3,1,35000.00),(1233,575,1,1,25000.00),(1234,575,2,1,29000.00),(1235,576,4,1,45000.00),(1236,576,5,1,42000.00),(1237,576,7,1,55000.00),(1238,577,6,1,49000.00),(1239,577,7,1,55000.00),(1240,578,2,1,29000.00),(1241,578,4,1,45000.00),(1242,578,6,1,49000.00),(1243,579,1,1,25000.00),(1244,579,2,1,29000.00),(1245,579,3,1,35000.00),(1246,580,4,1,45000.00),(1247,580,5,1,42000.00),(1248,581,6,1,49000.00),(1249,581,3,1,35000.00),(1250,582,2,1,29000.00),(1251,582,4,1,45000.00),(1252,582,6,1,49000.00),(1253,583,1,1,25000.00),(1254,583,2,1,29000.00),(1255,584,4,1,45000.00),(1256,584,5,1,42000.00),(1257,585,6,1,49000.00),(1258,585,7,1,55000.00),(1259,586,1,1,25000.00),(1260,586,2,1,29000.00),(1261,586,3,1,35000.00),(1262,587,4,1,45000.00),(1263,587,5,1,42000.00),(1264,587,7,1,55000.00),(1265,588,6,1,49000.00),(1266,588,3,1,35000.00),(1267,589,1,1,25000.00),(1268,589,2,1,29000.00),(1269,590,4,1,45000.00),(1270,590,5,1,42000.00),(1271,591,6,1,49000.00),(1272,591,7,1,55000.00),(1273,592,1,1,25000.00),(1274,592,2,1,29000.00),(1275,592,3,1,35000.00),(1276,593,4,1,45000.00),(1277,593,5,1,42000.00),(1278,594,6,1,49000.00),(1279,594,3,1,35000.00),(1280,595,1,1,25000.00),(1281,595,2,1,29000.00),(1282,596,4,1,45000.00),(1283,596,5,1,42000.00),(1284,596,7,1,55000.00),(1285,597,6,1,49000.00),(1286,597,7,1,55000.00),(1287,598,1,1,25000.00),(1288,598,2,1,29000.00),(1289,598,3,1,35000.00),(1290,599,4,1,45000.00),(1291,599,5,1,42000.00),(1292,600,6,1,49000.00),(1293,600,3,1,35000.00),(1294,601,2,1,29000.00),(1295,601,4,1,45000.00),(1296,601,6,1,49000.00),(1297,602,1,1,25000.00),(1298,602,2,1,29000.00),(1299,603,4,1,45000.00),(1300,603,5,1,42000.00),(1301,604,6,1,49000.00),(1302,604,7,1,55000.00),(1303,605,2,1,29000.00),(1304,605,4,1,45000.00),(1305,605,6,1,49000.00),(1306,606,1,1,25000.00),(1307,606,2,1,29000.00),(1308,606,3,1,35000.00),(1309,607,4,1,45000.00),(1310,607,5,1,42000.00),(1311,608,6,1,49000.00),(1312,608,3,1,35000.00),(1313,609,1,1,25000.00),(1314,609,2,1,29000.00),(1315,610,4,1,45000.00),(1316,610,5,1,42000.00),(1317,610,7,1,55000.00),(1318,611,6,1,49000.00),(1319,611,7,1,55000.00),(1320,612,1,1,25000.00),(1321,612,2,1,29000.00),(1322,612,3,1,35000.00),(1323,613,4,1,45000.00),(1324,613,5,1,42000.00),(1325,614,6,1,49000.00),(1326,614,3,1,35000.00),(1327,615,1,1,25000.00),(1328,615,2,1,29000.00),(1329,616,4,1,45000.00),(1330,616,5,1,42000.00),(1331,617,6,1,49000.00),(1332,617,7,1,55000.00),(1333,618,1,1,25000.00),(1334,618,2,1,29000.00),(1335,618,3,1,35000.00),(1336,619,4,1,45000.00),(1337,619,5,1,42000.00),(1338,619,7,1,55000.00),(1339,620,6,1,49000.00),(1340,620,3,1,35000.00),(1341,621,1,1,25000.00),(1342,621,2,1,29000.00),(1343,622,4,1,45000.00),(1344,622,5,1,42000.00),(1345,623,6,1,49000.00),(1346,623,7,1,55000.00),(1347,624,2,1,29000.00),(1348,624,4,1,45000.00),(1349,624,6,1,49000.00),(1350,625,1,1,25000.00),(1351,625,2,1,29000.00),(1352,625,3,1,35000.00),(1353,626,4,1,45000.00),(1354,626,5,1,42000.00),(1355,627,6,1,49000.00),(1356,627,3,1,35000.00),(1357,628,2,1,29000.00),(1358,628,4,1,45000.00),(1359,628,6,1,49000.00),(1360,629,1,1,25000.00),(1361,629,2,1,29000.00),(1362,630,4,1,45000.00),(1363,630,5,1,42000.00),(1364,630,7,1,55000.00),(1365,631,6,1,49000.00),(1366,631,7,1,55000.00),(1367,632,1,1,25000.00),(1368,632,2,1,29000.00),(1369,632,3,1,35000.00),(1370,633,4,1,45000.00),(1371,633,5,1,42000.00),(1372,634,6,1,49000.00),(1373,634,3,1,35000.00),(1374,635,1,1,25000.00),(1375,635,2,1,29000.00),(1376,636,4,1,45000.00),(1377,636,5,1,42000.00),(1378,637,6,1,49000.00),(1379,637,7,1,55000.00),(1380,638,1,1,25000.00),(1381,638,2,1,29000.00),(1382,638,3,1,35000.00),(1383,639,4,1,45000.00),(1384,639,5,1,42000.00),(1385,639,7,1,55000.00),(1386,640,6,1,49000.00),(1387,640,3,1,35000.00),(1388,641,1,1,25000.00),(1389,641,2,1,29000.00),(1390,642,4,1,45000.00),(1391,642,5,1,42000.00),(1392,643,6,1,49000.00),(1393,643,7,1,55000.00),(1394,644,1,1,25000.00),(1395,644,2,1,29000.00),(1396,644,3,1,35000.00),(1397,645,4,1,45000.00),(1398,645,5,1,42000.00),(1399,646,6,1,49000.00),(1400,646,3,1,35000.00),(1401,647,2,1,29000.00),(1402,647,4,1,45000.00),(1403,647,6,1,49000.00),(1404,648,1,1,25000.00),(1405,648,2,1,29000.00),(1406,649,4,1,45000.00),(1407,649,5,1,42000.00),(1408,649,7,1,55000.00),(1409,650,6,1,49000.00),(1410,650,7,1,55000.00),(1411,651,2,1,29000.00),(1412,651,4,1,45000.00),(1413,651,6,1,49000.00),(1414,652,1,1,25000.00),(1415,652,2,1,29000.00),(1416,652,3,1,35000.00),(1417,653,4,1,45000.00),(1418,653,5,1,42000.00),(1419,654,6,1,49000.00),(1420,654,3,1,35000.00),(1421,655,1,1,25000.00),(1422,655,2,1,29000.00),(1423,656,4,1,45000.00),(1424,656,5,1,42000.00),(1425,657,6,1,49000.00),(1426,657,7,1,55000.00),(1427,658,1,1,25000.00),(1428,658,2,1,29000.00),(1429,658,3,1,35000.00),(1430,659,4,1,45000.00),(1431,659,5,1,42000.00),(1432,659,7,1,55000.00),(1433,660,6,1,49000.00),(1434,660,3,1,35000.00),(1435,661,1,1,25000.00),(1436,661,2,1,29000.00),(1437,662,4,1,45000.00),(1438,662,5,1,42000.00),(1439,663,6,1,49000.00),(1440,663,7,1,55000.00),(1441,664,1,1,25000.00),(1442,664,2,1,29000.00),(1443,664,3,1,35000.00),(1444,665,4,1,45000.00),(1445,665,5,1,42000.00),(1446,666,6,1,49000.00),(1447,666,3,1,35000.00),(1448,667,1,1,25000.00),(1449,667,2,1,29000.00),(1450,668,4,1,45000.00),(1451,668,5,1,42000.00),(1452,668,7,1,55000.00),(1453,669,6,1,49000.00),(1454,669,7,1,55000.00),(1455,670,2,1,29000.00),(1456,670,4,1,45000.00),(1457,670,6,1,49000.00),(1458,671,1,1,25000.00),(1459,671,2,1,29000.00),(1460,671,3,1,35000.00),(1461,672,4,1,45000.00),(1462,672,5,1,42000.00),(1463,673,6,1,49000.00),(1464,673,3,1,35000.00),(1465,674,2,1,29000.00),(1466,674,4,1,45000.00),(1467,674,6,1,49000.00),(1468,675,1,1,25000.00),(1469,675,2,1,29000.00),(1470,676,4,1,45000.00),(1471,676,5,1,42000.00),(1472,677,6,1,49000.00),(1473,677,7,1,55000.00),(1474,678,1,1,25000.00),(1475,678,2,1,29000.00),(1476,678,3,1,35000.00),(1477,679,4,1,45000.00),(1478,679,5,1,42000.00),(1479,679,7,1,55000.00),(1480,680,6,1,49000.00),(1481,680,3,1,35000.00),(1482,681,1,1,25000.00),(1483,681,2,1,29000.00),(1484,682,4,1,45000.00),(1485,682,5,1,42000.00),(1486,683,6,1,49000.00),(1487,683,7,1,55000.00),(1488,684,1,1,25000.00),(1489,684,2,1,29000.00),(1490,684,3,1,35000.00),(1491,685,4,1,45000.00),(1492,685,5,1,42000.00),(1493,686,6,1,49000.00),(1494,686,3,1,35000.00),(1495,687,1,1,25000.00),(1496,687,2,1,29000.00),(1497,688,4,1,45000.00),(1498,688,5,1,42000.00),(1499,688,7,1,55000.00),(1500,689,6,1,49000.00),(1501,689,7,1,55000.00),(1502,690,1,1,25000.00),(1503,690,2,1,29000.00),(1504,690,3,1,35000.00),(1505,691,4,1,45000.00),(1506,691,5,1,42000.00),(1507,692,6,1,49000.00),(1508,692,3,1,35000.00),(1509,693,2,1,29000.00),(1510,693,4,1,45000.00),(1511,693,6,1,49000.00),(1512,694,1,1,25000.00),(1513,694,2,1,29000.00),(1514,695,4,1,45000.00),(1515,695,5,1,42000.00),(1516,696,6,1,49000.00),(1517,696,7,1,55000.00),(1518,697,2,1,29000.00),(1519,697,4,1,45000.00),(1520,697,6,1,49000.00),(1521,698,1,1,25000.00),(1522,698,2,1,29000.00),(1523,698,3,1,35000.00),(1524,699,4,1,45000.00),(1525,699,5,1,42000.00),(1526,699,7,1,55000.00),(1527,700,6,1,49000.00),(1528,700,3,1,35000.00),(1529,701,1,1,25000.00),(1530,701,2,1,29000.00),(1531,702,4,1,45000.00),(1532,702,5,1,42000.00),(1533,703,6,1,49000.00),(1534,703,7,1,55000.00),(1535,704,1,1,25000.00),(1536,704,2,1,29000.00),(1537,705,4,1,45000.00),(1538,705,5,1,42000.00),(1539,706,6,1,49000.00),(1540,706,7,1,55000.00),(1541,707,1,1,25000.00),(1542,707,2,1,29000.00),(1543,707,3,1,35000.00),(1544,708,4,1,45000.00),(1545,708,5,1,42000.00),(1546,709,6,1,49000.00),(1547,709,3,1,35000.00),(1548,710,1,1,25000.00),(1549,710,2,1,29000.00),(1550,711,4,1,45000.00),(1551,711,5,1,42000.00),(1552,711,7,1,55000.00),(1553,712,6,1,49000.00),(1554,712,7,1,55000.00),(1555,713,1,1,25000.00),(1556,713,2,1,29000.00),(1557,713,3,1,35000.00),(1558,714,4,1,45000.00),(1559,714,5,1,42000.00),(1560,715,6,1,49000.00),(1561,715,3,1,35000.00),(1562,716,2,1,29000.00),(1563,716,4,1,45000.00),(1564,716,6,1,49000.00),(1565,717,1,1,25000.00),(1566,717,2,1,29000.00),(1567,718,4,1,45000.00),(1568,718,5,1,42000.00),(1569,719,6,1,49000.00),(1570,719,7,1,55000.00),(1571,720,2,1,29000.00),(1572,720,4,1,45000.00),(1573,720,6,1,49000.00),(1574,721,1,1,25000.00),(1575,721,2,1,29000.00),(1576,721,3,1,35000.00),(1577,722,4,1,45000.00),(1578,722,5,1,42000.00),(1579,722,7,1,55000.00),(1580,723,6,1,49000.00),(1581,723,3,1,35000.00),(1582,724,1,1,25000.00),(1583,724,2,1,29000.00),(1584,725,4,1,45000.00),(1585,725,5,1,42000.00),(1586,726,6,1,49000.00),(1587,726,7,1,55000.00),(1588,727,1,1,25000.00),(1589,727,2,1,29000.00),(1590,727,3,1,35000.00),(1591,728,4,1,45000.00),(1592,728,5,1,42000.00),(1593,729,6,1,49000.00),(1594,729,3,1,35000.00),(1595,730,1,1,25000.00),(1596,730,2,1,29000.00),(1597,731,4,1,45000.00),(1598,731,5,1,42000.00),(1599,731,7,1,55000.00),(1600,732,6,1,49000.00),(1601,732,7,1,55000.00),(1602,733,1,1,25000.00),(1603,733,2,1,29000.00),(1604,733,3,1,35000.00),(1605,734,4,1,45000.00),(1606,734,5,1,42000.00),(1607,735,6,1,49000.00),(1608,735,3,1,35000.00),(1609,736,1,1,25000.00),(1610,736,2,1,29000.00),(1611,737,4,1,45000.00),(1612,737,5,1,42000.00),(1613,738,6,1,49000.00),(1614,738,7,1,55000.00),(1615,739,2,1,29000.00),(1616,739,4,1,45000.00),(1617,739,6,1,49000.00),(1618,740,1,1,25000.00),(1619,740,2,1,29000.00),(1620,740,3,1,35000.00),(1621,741,4,1,45000.00),(1622,741,5,1,42000.00),(1623,741,7,1,55000.00),(1624,742,6,1,49000.00),(1625,742,3,1,35000.00),(1626,743,2,1,29000.00),(1627,743,4,1,45000.00),(1628,743,6,1,49000.00),(1629,744,1,1,25000.00),(1630,744,2,1,29000.00),(1631,745,4,1,45000.00),(1632,745,5,1,42000.00),(1633,746,6,1,49000.00),(1634,746,7,1,55000.00),(1635,747,1,1,25000.00),(1636,747,2,1,29000.00),(1637,747,3,1,35000.00),(1638,748,4,1,45000.00),(1639,748,5,1,42000.00),(1640,749,6,1,49000.00),(1641,749,3,1,35000.00),(1642,750,1,1,25000.00),(1643,750,2,1,29000.00),(1644,751,4,1,45000.00),(1645,751,5,1,42000.00),(1646,751,7,1,55000.00),(1647,752,6,1,49000.00),(1648,752,7,1,55000.00),(1649,753,1,1,25000.00),(1650,753,2,1,29000.00),(1651,753,3,1,35000.00),(1652,754,4,1,45000.00),(1653,754,5,1,42000.00),(1654,755,6,1,49000.00),(1655,755,3,1,35000.00),(1656,756,1,1,25000.00),(1657,756,2,1,29000.00),(1658,757,4,1,45000.00),(1659,757,5,1,42000.00),(1660,758,6,1,49000.00),(1661,758,7,1,55000.00),(1662,759,1,1,25000.00),(1663,759,2,1,29000.00),(1664,759,3,1,35000.00),(1665,760,4,1,45000.00),(1666,760,5,1,42000.00),(1667,760,7,1,55000.00),(1668,761,6,1,49000.00),(1669,761,3,1,35000.00),(1670,762,2,1,29000.00),(1671,762,4,1,45000.00),(1672,762,6,1,49000.00),(1673,763,1,1,25000.00),(1674,763,2,1,29000.00),(1675,764,4,1,45000.00),(1676,764,5,1,42000.00),(1677,765,6,1,49000.00),(1678,765,7,1,55000.00),(1679,766,2,1,29000.00),(1680,766,4,1,45000.00),(1681,766,6,1,49000.00),(1682,767,1,1,25000.00),(1683,767,2,1,29000.00),(1684,767,3,1,35000.00),(1685,768,4,1,45000.00),(1686,768,5,1,42000.00),(1687,769,6,1,49000.00),(1688,769,3,1,35000.00),(1689,770,1,1,25000.00),(1690,770,2,1,29000.00),(1691,771,4,1,45000.00),(1692,771,5,1,42000.00),(1693,771,7,1,55000.00),(1694,772,6,1,49000.00),(1695,772,7,1,55000.00),(1696,773,1,1,25000.00),(1697,773,2,1,29000.00),(1698,773,3,1,35000.00),(1699,774,4,1,45000.00),(1700,774,5,1,42000.00),(1701,775,6,1,49000.00),(1702,775,3,1,35000.00),(1703,776,1,1,25000.00),(1704,776,2,1,29000.00),(1705,777,4,1,45000.00),(1706,777,5,1,42000.00),(1707,778,6,1,49000.00),(1708,778,7,1,55000.00),(1709,779,1,1,25000.00),(1710,779,2,1,29000.00),(1711,779,3,1,35000.00),(1712,780,4,1,45000.00),(1713,780,5,1,42000.00),(1714,780,7,1,55000.00),(1715,781,6,1,49000.00),(1716,781,3,1,35000.00),(1717,782,1,1,25000.00),(1718,782,2,1,29000.00),(1719,783,4,1,45000.00),(1720,783,5,1,42000.00),(1721,784,6,1,49000.00),(1722,784,7,1,55000.00),(1723,785,2,1,29000.00),(1724,785,4,1,45000.00),(1725,785,6,1,49000.00),(1726,786,1,1,25000.00),(1727,786,2,1,29000.00),(1728,786,3,1,35000.00),(1729,787,4,1,45000.00),(1730,787,5,1,42000.00),(1731,788,6,1,49000.00),(1732,788,3,1,35000.00),(1733,789,2,1,29000.00),(1734,789,4,1,45000.00),(1735,789,6,1,49000.00),(1736,790,1,1,25000.00),(1737,790,2,1,29000.00),(1738,791,4,1,45000.00),(1739,791,5,1,42000.00),(1740,791,7,1,55000.00),(1741,792,6,1,49000.00),(1742,792,7,1,55000.00),(1743,793,1,1,25000.00),(1744,793,2,1,29000.00),(1745,793,3,1,35000.00),(1746,794,4,1,45000.00),(1747,794,5,1,42000.00),(1748,795,6,1,49000.00),(1749,795,3,1,35000.00),(1750,796,1,1,25000.00),(1751,796,2,1,29000.00),(1752,797,4,1,45000.00),(1753,797,5,1,42000.00),(1754,798,6,1,49000.00),(1755,798,7,1,55000.00),(1756,799,1,1,25000.00),(1757,799,2,1,29000.00),(1758,799,3,1,35000.00),(1759,800,4,1,45000.00),(1760,800,5,1,42000.00),(1761,800,7,1,55000.00),(1762,801,6,1,49000.00),(1763,801,3,1,35000.00),(1764,802,1,1,25000.00),(1765,802,2,1,29000.00),(1766,803,4,1,45000.00),(1767,803,5,1,42000.00),(1768,804,6,1,49000.00),(1769,804,7,1,55000.00),(1770,805,1,1,25000.00),(1771,805,2,1,29000.00),(1772,805,3,1,35000.00),(1773,806,4,1,45000.00),(1774,806,5,1,42000.00),(1775,807,6,1,49000.00),(1776,807,3,1,35000.00),(1777,808,1,1,25000.00),(1778,808,2,1,29000.00),(1779,809,4,1,45000.00),(1780,809,5,1,42000.00),(1781,809,7,1,55000.00),(1782,810,6,1,49000.00),(1783,810,7,1,55000.00),(1784,811,1,1,25000.00),(1785,811,2,1,29000.00),(1786,811,3,1,35000.00),(1787,812,4,1,45000.00),(1788,812,5,1,42000.00),(1789,813,6,1,49000.00),(1790,813,3,1,35000.00),(1791,814,2,1,29000.00),(1792,814,4,1,45000.00),(1793,814,6,1,49000.00),(1794,815,1,1,25000.00),(1795,815,2,1,29000.00),(1796,816,4,1,45000.00),(1797,816,5,1,42000.00),(1798,817,6,1,49000.00),(1799,817,7,1,55000.00),(1800,818,2,1,29000.00),(1801,818,4,1,45000.00),(1802,818,6,1,49000.00),(1803,819,1,1,25000.00),(1804,819,2,1,29000.00),(1805,819,3,1,35000.00),(1806,820,4,1,45000.00),(1807,820,5,1,42000.00),(1808,820,7,1,55000.00),(1809,821,6,1,49000.00),(1810,821,3,1,35000.00),(1811,822,1,1,25000.00),(1812,822,2,1,29000.00),(1813,823,4,1,45000.00),(1814,823,5,1,42000.00),(1815,824,6,1,49000.00),(1816,824,7,1,55000.00),(1817,825,1,1,25000.00),(1818,825,2,1,29000.00),(1819,825,3,1,35000.00),(1820,826,4,1,45000.00),(1821,826,5,1,42000.00),(1822,827,6,1,49000.00),(1823,827,3,1,35000.00),(1824,828,1,1,25000.00),(1825,828,2,1,29000.00),(1826,829,4,1,45000.00),(1827,829,5,1,42000.00),(1828,829,7,1,55000.00),(1829,830,6,1,49000.00),(1830,830,7,1,55000.00),(1831,831,1,1,25000.00),(1832,831,2,1,29000.00),(1833,831,3,1,35000.00),(1834,832,4,1,45000.00),(1835,832,5,1,42000.00),(1836,833,6,1,49000.00),(1837,833,3,1,35000.00),(1838,834,1,1,25000.00),(1839,834,2,1,29000.00),(1840,835,4,1,45000.00),(1841,835,5,1,42000.00),(1842,836,6,1,49000.00),(1843,836,7,1,55000.00),(1844,837,2,1,29000.00),(1845,837,4,1,45000.00),(1846,837,6,1,49000.00),(1847,838,1,1,25000.00),(1848,838,2,1,29000.00),(1849,838,3,1,35000.00),(1850,839,4,1,45000.00),(1851,839,5,1,42000.00),(1852,839,7,1,55000.00),(1853,840,6,1,49000.00),(1854,840,3,1,35000.00),(1855,841,2,1,29000.00),(1856,841,4,1,45000.00),(1857,841,6,1,49000.00),(1858,842,1,1,25000.00),(1859,842,2,1,29000.00),(1860,843,4,1,45000.00),(1861,843,5,1,42000.00),(1862,844,6,1,49000.00),(1863,844,7,1,55000.00),(1864,845,1,1,25000.00),(1865,845,2,1,29000.00),(1866,845,3,1,35000.00),(1867,846,4,1,45000.00),(1868,846,5,1,42000.00),(1869,847,6,1,49000.00),(1870,847,3,1,35000.00),(1871,848,1,1,25000.00),(1872,848,2,1,29000.00),(1873,849,4,1,45000.00),(1874,849,5,1,42000.00),(1875,849,7,1,55000.00),(1876,850,6,1,49000.00),(1877,850,7,1,55000.00),(1878,851,1,1,25000.00),(1879,851,2,1,29000.00),(1880,851,3,1,35000.00),(1881,852,4,1,45000.00),(1882,852,5,1,42000.00),(1883,853,6,1,49000.00),(1884,853,3,1,35000.00),(1885,854,1,1,25000.00),(1886,854,2,1,29000.00),(1887,855,4,1,45000.00),(1888,855,5,1,42000.00),(1889,856,6,1,49000.00),(1890,856,7,1,55000.00),(1891,857,1,1,25000.00),(1892,857,2,1,29000.00),(1893,857,3,1,35000.00),(1894,858,4,1,45000.00),(1895,858,5,1,42000.00),(1896,858,7,1,55000.00),(1897,859,6,1,49000.00),(1898,859,3,1,35000.00),(1899,860,2,1,29000.00),(1900,860,4,1,45000.00),(1901,860,6,1,49000.00),(1902,861,1,1,25000.00),(1903,861,2,1,29000.00),(1904,862,4,1,45000.00),(1905,862,5,1,42000.00),(1906,863,6,1,49000.00),(1907,863,7,1,55000.00),(1908,864,2,1,29000.00),(1909,864,4,1,45000.00),(1910,864,6,1,49000.00),(1911,865,1,1,25000.00),(1912,865,2,1,29000.00),(1913,865,3,1,35000.00),(1914,866,4,1,45000.00),(1915,866,5,1,42000.00),(1916,867,6,1,49000.00),(1917,867,3,1,35000.00),(1918,868,1,1,25000.00),(1919,868,2,1,29000.00),(1920,869,4,1,45000.00),(1921,869,5,1,42000.00),(1922,869,7,1,55000.00),(1923,870,6,1,49000.00),(1924,870,7,1,55000.00),(1925,871,1,1,25000.00),(1926,871,2,1,29000.00),(1927,871,3,1,35000.00),(1928,872,4,1,45000.00),(1929,872,5,1,42000.00),(1930,873,6,1,49000.00),(1931,873,3,1,35000.00),(1932,874,1,1,25000.00),(1933,874,2,1,29000.00),(1934,875,4,1,45000.00),(1935,875,5,1,42000.00),(1936,876,6,1,49000.00),(1937,876,7,1,55000.00),(1938,877,1,1,25000.00),(1939,877,2,1,29000.00),(1940,877,3,1,35000.00),(1941,878,4,1,45000.00),(1942,878,5,1,42000.00),(1943,878,7,1,55000.00),(1944,879,6,1,49000.00),(1945,879,3,1,35000.00),(1946,880,1,1,25000.00),(1947,880,2,1,29000.00),(1948,881,4,1,45000.00),(1949,881,5,1,42000.00),(1950,882,6,1,49000.00),(1951,882,7,1,55000.00),(1952,883,2,1,29000.00),(1953,883,4,1,45000.00),(1954,883,6,1,49000.00),(1955,884,1,1,25000.00),(1956,884,2,1,29000.00),(1957,884,3,1,35000.00),(1958,885,4,1,45000.00),(1959,885,5,1,42000.00),(1960,886,6,1,49000.00),(1961,886,3,1,35000.00),(1962,887,2,1,29000.00),(1963,887,4,1,45000.00),(1964,887,6,1,49000.00),(1965,888,1,1,25000.00),(1966,888,2,1,29000.00),(1967,889,4,1,45000.00),(1968,889,5,1,42000.00),(1969,889,7,1,55000.00),(1970,890,6,1,49000.00),(1971,890,7,1,55000.00),(1972,891,1,1,25000.00),(1973,891,2,1,29000.00),(1974,891,3,1,35000.00),(1975,892,4,1,45000.00),(1976,892,5,1,42000.00),(1977,893,6,1,49000.00),(1978,893,3,1,35000.00),(1979,894,1,1,25000.00),(1980,894,2,1,29000.00),(1981,895,4,1,45000.00),(1982,895,5,1,42000.00),(1983,896,6,1,49000.00),(1984,896,7,1,55000.00),(1985,897,1,1,25000.00),(1986,897,2,1,29000.00),(1987,897,3,1,35000.00),(1988,898,4,1,45000.00),(1989,898,5,1,42000.00),(1990,898,7,1,55000.00),(1991,899,6,1,49000.00),(1992,899,3,1,35000.00),(1993,900,1,1,25000.00),(1994,900,2,1,29000.00),(1995,901,4,1,45000.00),(1996,901,5,1,42000.00),(1997,902,6,1,49000.00),(1998,902,7,1,55000.00),(1999,903,1,1,25000.00),(2000,903,2,1,29000.00),(2001,904,4,1,45000.00),(2002,904,5,1,42000.00),(2003,905,6,1,49000.00),(2004,905,7,1,55000.00),(2005,906,2,1,29000.00),(2006,906,4,1,45000.00),(2007,906,6,1,49000.00),(2008,907,1,1,25000.00),(2009,907,2,1,29000.00),(2010,907,3,1,35000.00),(2011,908,4,1,45000.00),(2012,908,5,1,42000.00),(2013,909,6,1,49000.00),(2014,909,3,1,35000.00),(2015,910,2,1,29000.00),(2016,910,4,1,45000.00),(2017,910,6,1,49000.00),(2018,911,1,1,25000.00),(2019,911,2,1,29000.00),(2020,912,4,1,45000.00),(2021,912,5,1,42000.00),(2022,912,7,1,55000.00),(2023,913,6,1,49000.00),(2024,913,7,1,55000.00),(2025,914,1,1,25000.00),(2026,914,2,1,29000.00),(2027,914,3,1,35000.00),(2028,915,4,1,45000.00),(2029,915,5,1,42000.00),(2030,916,6,1,49000.00),(2031,916,3,1,35000.00),(2032,917,1,1,25000.00),(2033,917,2,1,29000.00),(2034,918,4,1,45000.00),(2035,918,5,1,42000.00),(2036,919,6,1,49000.00),(2037,919,7,1,55000.00),(2038,920,1,1,25000.00),(2039,920,2,1,29000.00),(2040,920,3,1,35000.00),(2041,921,4,1,45000.00),(2042,921,5,1,42000.00),(2043,921,7,1,55000.00),(2044,922,6,1,49000.00),(2045,922,3,1,35000.00),(2046,923,1,1,25000.00),(2047,923,2,1,29000.00),(2048,924,4,1,45000.00),(2049,924,5,1,42000.00),(2050,925,6,1,49000.00),(2051,925,7,1,55000.00),(2052,926,1,1,25000.00),(2053,926,2,1,29000.00),(2054,926,3,1,35000.00),(2055,927,4,1,45000.00),(2056,927,5,1,42000.00),(2057,928,6,1,49000.00),(2058,928,3,1,35000.00),(2059,929,2,1,29000.00),(2060,929,4,1,45000.00),(2061,929,6,1,49000.00),(2062,930,1,1,25000.00),(2063,930,2,1,29000.00),(2064,931,4,1,45000.00),(2065,931,5,1,42000.00),(2066,931,7,1,55000.00),(2067,932,6,1,49000.00),(2068,932,7,1,55000.00),(2069,933,2,1,29000.00),(2070,933,4,1,45000.00),(2071,933,6,1,49000.00),(2072,934,1,1,25000.00),(2073,934,2,1,29000.00),(2074,934,3,1,35000.00),(2075,935,4,1,45000.00),(2076,935,5,1,42000.00),(2077,936,6,1,49000.00),(2078,936,3,1,35000.00),(2079,937,1,1,25000.00),(2080,937,2,1,29000.00),(2081,938,4,1,45000.00),(2082,938,5,1,42000.00),(2083,939,6,1,49000.00),(2084,939,7,1,55000.00),(2085,940,1,1,25000.00),(2086,940,2,1,29000.00),(2087,940,3,1,35000.00),(2088,941,4,1,45000.00),(2089,941,5,1,42000.00),(2090,941,7,1,55000.00),(2091,942,6,1,49000.00),(2092,942,3,1,35000.00),(2093,943,1,1,25000.00),(2094,943,2,1,29000.00),(2095,944,4,1,45000.00),(2096,944,5,1,42000.00),(2097,945,6,1,49000.00),(2098,945,7,1,55000.00),(2099,946,1,1,25000.00),(2100,946,2,1,29000.00),(2101,946,3,1,35000.00),(2102,947,4,1,45000.00),(2103,947,5,1,42000.00),(2104,948,6,1,49000.00),(2105,948,3,1,35000.00),(2106,949,1,1,25000.00),(2107,949,2,1,29000.00),(2108,950,4,1,45000.00),(2109,950,5,1,42000.00),(2110,950,7,1,55000.00),(2111,951,6,1,49000.00),(2112,951,7,1,55000.00),(2113,952,2,1,29000.00),(2114,952,4,1,45000.00),(2115,952,6,1,49000.00),(2116,953,1,1,25000.00),(2117,953,2,1,29000.00),(2118,953,3,1,35000.00),(2119,954,4,1,45000.00),(2120,954,5,1,42000.00),(2121,955,6,1,49000.00),(2122,955,3,1,35000.00),(2123,956,2,1,29000.00),(2124,956,4,1,45000.00),(2125,956,6,1,49000.00),(2126,957,1,1,25000.00),(2127,957,2,1,29000.00),(2128,958,4,1,45000.00),(2129,958,5,1,42000.00),(2130,959,6,1,49000.00),(2131,959,7,1,55000.00),(2132,960,1,1,25000.00),(2133,960,2,1,29000.00),(2134,960,3,1,35000.00),(2135,961,4,1,45000.00),(2136,961,5,1,42000.00),(2137,961,7,1,55000.00),(2138,962,6,1,49000.00),(2139,962,3,1,35000.00),(2140,963,1,1,25000.00),(2141,963,2,1,29000.00),(2142,964,4,1,45000.00),(2143,964,5,1,42000.00),(2144,965,6,1,49000.00),(2145,965,7,1,55000.00),(2146,966,1,1,25000.00),(2147,966,2,1,29000.00),(2148,966,3,1,35000.00),(2149,967,4,1,45000.00),(2150,967,5,1,42000.00),(2151,968,6,1,49000.00),(2152,968,3,1,35000.00),(2153,969,1,1,25000.00),(2154,969,2,1,29000.00),(2155,970,4,1,45000.00),(2156,970,5,1,42000.00),(2157,970,7,1,55000.00),(2158,971,6,1,49000.00),(2159,971,7,1,55000.00),(2160,972,1,1,25000.00),(2161,972,2,1,29000.00),(2162,972,3,1,35000.00),(2163,973,4,1,45000.00),(2164,973,5,1,42000.00),(2165,974,6,1,49000.00),(2166,974,3,1,35000.00),(2167,975,2,1,29000.00),(2168,975,4,1,45000.00),(2169,975,6,1,49000.00),(2170,976,1,1,25000.00),(2171,976,2,1,29000.00),(2172,977,4,1,45000.00),(2173,977,5,1,42000.00),(2174,978,6,1,49000.00),(2175,978,7,1,55000.00),(2176,979,2,1,29000.00),(2177,979,4,1,45000.00),(2178,979,6,1,49000.00),(2179,980,1,1,25000.00),(2180,980,2,1,29000.00),(2181,980,3,1,35000.00),(2182,981,4,1,45000.00),(2183,981,5,1,42000.00),(2184,981,7,1,55000.00),(2185,982,6,1,49000.00),(2186,982,3,1,35000.00),(2187,983,1,1,25000.00),(2188,983,2,1,29000.00),(2189,984,4,1,45000.00),(2190,984,5,1,42000.00),(2191,985,6,1,49000.00),(2192,985,7,1,55000.00),(2193,986,1,1,25000.00),(2194,986,2,1,29000.00),(2195,986,3,1,35000.00),(2196,987,4,1,45000.00),(2197,987,5,1,42000.00),(2198,988,6,1,49000.00),(2199,988,3,1,35000.00),(2200,989,1,1,25000.00),(2201,989,2,1,29000.00),(2202,990,4,1,45000.00),(2203,990,5,1,42000.00),(2204,990,7,1,55000.00),(2205,991,6,1,49000.00),(2206,991,7,1,55000.00),(2207,992,1,1,25000.00),(2208,992,2,1,29000.00),(2209,992,3,1,35000.00),(2210,993,4,1,45000.00),(2211,993,5,1,42000.00),(2212,994,6,1,49000.00),(2213,994,3,1,35000.00),(2214,995,1,1,25000.00),(2215,995,2,1,29000.00),(2216,996,4,1,45000.00),(2217,996,5,1,42000.00),(2218,997,6,1,49000.00),(2219,997,7,1,55000.00),(2220,998,2,1,29000.00),(2221,998,4,1,45000.00),(2222,998,6,1,49000.00),(2223,999,1,1,25000.00),(2224,999,2,1,29000.00),(2225,999,3,1,35000.00),(2226,1000,4,1,45000.00),(2227,1000,5,1,42000.00),(2228,1000,7,1,55000.00),(2229,1001,6,1,49000.00),(2230,1001,3,1,35000.00),(2231,1002,2,1,29000.00),(2232,1002,4,1,45000.00),(2233,1002,6,1,49000.00),(2234,1003,1,1,25000.00),(2235,1003,2,1,29000.00),(2236,1004,4,1,45000.00),(2237,1004,5,1,42000.00),(2238,1005,6,1,49000.00),(2239,1005,7,1,55000.00),(2240,1006,1,1,25000.00),(2241,1006,2,1,29000.00),(2242,1006,3,1,35000.00),(2243,1007,4,1,45000.00),(2244,1007,5,1,42000.00),(2245,1008,6,1,49000.00),(2246,1008,3,1,35000.00),(2247,1009,1,1,25000.00),(2248,1009,2,1,29000.00),(2249,1010,4,1,45000.00),(2250,1010,5,1,42000.00),(2251,1010,7,1,55000.00),(2252,1011,6,1,49000.00),(2253,1011,7,1,55000.00),(2254,1012,1,1,25000.00),(2255,1012,2,1,29000.00),(2256,1012,3,1,35000.00),(2257,1013,4,1,45000.00),(2258,1013,5,1,42000.00),(2259,1014,6,1,49000.00),(2260,1014,3,1,35000.00),(2261,1015,1,1,25000.00),(2262,1015,2,1,29000.00),(2263,1016,4,1,45000.00),(2264,1016,5,1,42000.00),(2265,1017,6,1,49000.00),(2266,1017,7,1,55000.00),(2267,1018,1,1,25000.00),(2268,1018,2,1,29000.00),(2269,1018,3,1,35000.00),(2270,1019,4,1,45000.00),(2271,1019,5,1,42000.00),(2272,1019,7,1,55000.00),(2273,1020,6,1,49000.00),(2274,1020,3,1,35000.00),(2275,1021,2,1,29000.00),(2276,1021,4,1,45000.00),(2277,1021,6,1,49000.00),(2278,1022,1,1,25000.00),(2279,1022,2,1,29000.00),(2280,1023,4,1,45000.00),(2281,1023,5,1,42000.00),(2282,1024,6,1,49000.00),(2283,1024,7,1,55000.00),(2284,1025,2,1,29000.00),(2285,1025,4,1,45000.00),(2286,1025,6,1,49000.00),(2287,1026,1,1,25000.00),(2288,1026,2,1,29000.00),(2289,1026,3,1,35000.00),(2290,1027,4,1,45000.00),(2291,1027,5,1,42000.00),(2292,1028,6,1,49000.00),(2293,1028,3,1,35000.00),(2294,1029,1,1,25000.00),(2295,1029,2,1,29000.00),(2296,1030,4,1,45000.00),(2297,1030,5,1,42000.00),(2298,1030,7,1,55000.00),(2299,1031,6,1,49000.00),(2300,1031,7,1,55000.00),(2301,1032,1,1,25000.00),(2302,1032,2,1,29000.00),(2303,1032,3,1,35000.00),(2304,1033,4,1,45000.00),(2305,1033,5,1,42000.00),(2306,1034,6,1,49000.00),(2307,1034,3,1,35000.00),(2308,1035,1,1,25000.00),(2309,1035,2,1,29000.00),(2310,1036,4,1,45000.00),(2311,1036,5,1,42000.00),(2312,1037,6,1,49000.00),(2313,1037,7,1,55000.00),(2314,1038,1,1,25000.00),(2315,1038,2,1,29000.00),(2316,1038,3,1,35000.00),(2317,1039,4,1,45000.00),(2318,1039,5,1,42000.00),(2319,1039,7,1,55000.00),(2320,1040,6,1,49000.00),(2321,1040,3,1,35000.00),(2322,1041,1,1,25000.00),(2323,1041,2,1,29000.00),(2324,1042,4,1,45000.00),(2325,1042,5,1,42000.00),(2326,1043,6,1,49000.00),(2327,1043,7,1,55000.00),(2328,1044,2,1,29000.00),(2329,1044,4,1,45000.00),(2330,1044,6,1,49000.00),(2331,1045,1,1,25000.00),(2332,1045,2,1,29000.00),(2333,1045,3,1,35000.00),(2334,1046,4,1,45000.00),(2335,1046,5,1,42000.00),(2336,1047,6,1,49000.00),(2337,1047,3,1,35000.00),(2338,1048,2,1,29000.00),(2339,1048,4,1,45000.00),(2340,1048,6,1,49000.00),(2341,1049,1,1,25000.00),(2342,1049,2,1,29000.00),(2343,1050,4,1,45000.00),(2344,1050,5,1,42000.00),(2345,1050,7,1,55000.00),(2346,1051,6,1,49000.00),(2347,1051,7,1,55000.00),(2348,1052,1,1,25000.00),(2349,1052,2,1,29000.00),(2350,1052,3,1,35000.00),(2351,1053,4,1,45000.00),(2352,1053,5,1,42000.00),(2353,1054,6,1,49000.00),(2354,1054,3,1,35000.00),(2355,1055,1,1,25000.00),(2356,1055,2,1,29000.00),(2357,1056,4,1,45000.00),(2358,1056,5,1,42000.00),(2359,1057,6,1,49000.00),(2360,1057,7,1,55000.00),(2361,1058,1,1,25000.00),(2362,1058,2,1,29000.00),(2363,1058,3,1,35000.00),(2364,1059,4,1,45000.00),(2365,1059,5,1,42000.00),(2366,1059,7,1,55000.00),(2367,1060,6,1,49000.00),(2368,1060,3,1,35000.00),(2369,1061,1,1,25000.00),(2370,1061,2,1,29000.00),(2371,1062,4,1,45000.00),(2372,1062,5,1,42000.00),(2373,1063,6,1,49000.00),(2374,1063,7,1,55000.00),(2375,1064,1,1,25000.00),(2376,1064,2,1,29000.00),(2377,1064,3,1,35000.00),(2378,1065,4,1,45000.00),(2379,1065,5,1,42000.00),(2380,1066,6,1,49000.00),(2381,1066,3,1,35000.00),(2382,1067,2,1,29000.00),(2383,1067,4,1,45000.00),(2384,1067,6,1,49000.00),(2385,1068,1,1,25000.00),(2386,1068,2,1,29000.00),(2387,1069,4,1,45000.00),(2388,1069,5,1,42000.00),(2389,1069,7,1,55000.00),(2390,1070,6,1,49000.00),(2391,1070,7,1,55000.00),(2392,1071,2,1,29000.00),(2393,1071,4,1,45000.00),(2394,1071,6,1,49000.00),(2395,1072,1,1,25000.00),(2396,1072,2,1,29000.00),(2397,1072,3,1,35000.00),(2398,1073,4,1,45000.00),(2399,1073,5,1,42000.00),(2400,1074,6,1,49000.00),(2401,1074,3,1,35000.00),(2402,1075,1,1,25000.00),(2403,1075,2,1,29000.00),(2404,1076,4,1,45000.00),(2405,1076,5,1,42000.00),(2406,1077,6,1,49000.00),(2407,1077,7,1,55000.00),(2408,1078,1,1,25000.00),(2409,1078,2,1,29000.00),(2410,1078,3,1,35000.00),(2411,1079,4,1,45000.00),(2412,1079,5,1,42000.00),(2413,1079,7,1,55000.00),(2414,1080,6,1,49000.00),(2415,1080,3,1,35000.00),(2416,1081,1,1,25000.00),(2417,1081,2,1,29000.00),(2418,1082,4,1,45000.00),(2419,1082,5,1,42000.00),(2420,1083,6,1,49000.00),(2421,1083,7,1,55000.00),(2422,1084,1,1,25000.00),(2423,1084,2,1,29000.00),(2424,1084,3,1,35000.00),(2425,1085,4,1,45000.00),(2426,1085,5,1,42000.00),(2427,1086,6,1,49000.00),(2428,1086,3,1,35000.00),(2429,1087,1,1,25000.00),(2430,1087,2,1,29000.00),(2431,1088,4,1,45000.00),(2432,1088,5,1,42000.00),(2433,1088,7,1,55000.00),(2434,1089,6,1,49000.00),(2435,1089,7,1,55000.00),(2436,1090,2,1,29000.00),(2437,1090,4,1,45000.00),(2438,1090,6,1,49000.00),(2439,1091,1,1,25000.00),(2440,1091,2,1,29000.00),(2441,1091,3,1,35000.00),(2442,1092,4,1,45000.00),(2443,1092,5,1,42000.00),(2444,1093,6,1,49000.00),(2445,1093,3,1,35000.00),(2446,1094,2,1,29000.00),(2447,1094,4,1,45000.00),(2448,1094,6,1,49000.00),(2449,1095,1,1,25000.00),(2450,1095,2,1,29000.00),(2451,1096,4,1,45000.00),(2452,1096,5,1,42000.00),(2453,1097,6,1,49000.00),(2454,1097,7,1,55000.00),(2455,1098,1,1,25000.00),(2456,1098,2,1,29000.00),(2457,1098,3,1,35000.00),(2458,1099,4,1,45000.00),(2459,1099,5,1,42000.00),(2460,1099,7,1,55000.00),(2461,1100,6,1,49000.00),(2462,1100,3,1,35000.00),(2463,1101,1,1,25000.00),(2464,1101,2,1,29000.00),(2465,1102,4,1,45000.00),(2466,1102,5,1,42000.00),(2467,1103,6,1,49000.00),(2468,1103,7,1,55000.00),(2469,1104,1,1,25000.00),(2470,1104,2,1,29000.00),(2471,1105,4,1,45000.00),(2472,1105,5,1,42000.00),(2473,1106,6,1,49000.00),(2474,1106,7,1,55000.00),(2475,1107,1,1,25000.00),(2476,1107,2,1,29000.00),(2477,1107,3,1,35000.00),(2478,1108,4,1,45000.00),(2479,1108,5,1,42000.00),(2480,1109,6,1,49000.00),(2481,1109,3,1,35000.00),(2482,1110,1,1,25000.00),(2483,1110,2,1,29000.00),(2484,1111,4,1,45000.00),(2485,1111,5,1,42000.00),(2486,1111,7,1,55000.00),(2487,1112,6,1,49000.00),(2488,1112,7,1,55000.00),(2489,1113,2,1,29000.00),(2490,1113,4,1,45000.00),(2491,1113,6,1,49000.00),(2492,1114,1,1,25000.00),(2493,1114,2,1,29000.00),(2494,1114,3,1,35000.00),(2495,1115,4,1,45000.00),(2496,1115,5,1,42000.00),(2497,1116,6,1,49000.00),(2498,1116,3,1,35000.00),(2499,1117,2,1,29000.00),(2500,1117,4,1,45000.00),(2501,1117,6,1,49000.00),(2502,1118,1,1,25000.00),(2503,1118,2,1,29000.00),(2504,1119,4,1,45000.00),(2505,1119,5,1,42000.00),(2506,1120,6,1,49000.00),(2507,1120,7,1,55000.00),(2508,1121,1,1,25000.00),(2509,1121,2,1,29000.00),(2510,1121,3,1,35000.00),(2511,1122,4,1,45000.00),(2512,1122,5,1,42000.00),(2513,1122,7,1,55000.00),(2514,1123,6,1,49000.00),(2515,1123,3,1,35000.00),(2516,1124,1,1,25000.00),(2517,1124,2,1,29000.00),(2518,1125,4,1,45000.00),(2519,1125,5,1,42000.00),(2520,1126,6,1,49000.00),(2521,1126,7,1,55000.00),(2522,1127,1,1,25000.00),(2523,1127,2,1,29000.00),(2524,1127,3,1,35000.00),(2525,1128,4,1,45000.00),(2526,1128,5,1,42000.00),(2527,1129,6,1,49000.00),(2528,1129,3,1,35000.00),(2529,1130,1,1,25000.00),(2530,1130,2,1,29000.00),(2531,1131,4,1,45000.00),(2532,1131,5,1,42000.00),(2533,1131,7,1,55000.00),(2534,1132,6,1,49000.00),(2535,1132,7,1,55000.00),(2536,1133,1,1,25000.00),(2537,1133,2,1,29000.00),(2538,1133,3,1,35000.00),(2539,1134,4,1,45000.00),(2540,1134,5,1,42000.00),(2541,1135,6,1,49000.00),(2542,1135,3,1,35000.00),(2543,1136,2,1,29000.00),(2544,1136,4,1,45000.00),(2545,1136,6,1,49000.00),(2546,1137,1,1,25000.00),(2547,1137,2,1,29000.00),(2548,1138,4,1,45000.00),(2549,1138,5,1,42000.00),(2550,1139,6,1,49000.00),(2551,1139,7,1,55000.00),(2552,1140,2,1,29000.00),(2553,1140,4,1,45000.00),(2554,1140,6,1,49000.00),(2555,1141,1,1,25000.00),(2556,1141,2,1,29000.00),(2557,1141,3,1,35000.00),(2558,1142,4,1,45000.00),(2559,1142,5,1,42000.00),(2560,1142,7,1,55000.00),(2561,1143,6,1,49000.00),(2562,1143,3,1,35000.00),(2563,1144,1,1,25000.00),(2564,1144,2,1,29000.00),(2565,1145,4,1,45000.00),(2566,1145,5,1,42000.00),(2567,1146,6,1,49000.00),(2568,1146,7,1,55000.00),(2569,1147,1,1,25000.00),(2570,1147,2,1,29000.00),(2571,1147,3,1,35000.00),(2572,1148,4,1,45000.00),(2573,1148,5,1,42000.00),(2574,1149,6,1,49000.00),(2575,1149,3,1,35000.00),(2576,1150,1,1,25000.00),(2577,1150,2,1,29000.00),(2578,1151,4,1,45000.00),(2579,1151,5,1,42000.00),(2580,1151,7,1,55000.00),(2581,1152,6,1,49000.00),(2582,1152,7,1,55000.00),(2583,1153,1,1,25000.00),(2584,1153,2,1,29000.00),(2585,1153,3,1,35000.00),(2586,1154,4,1,45000.00),(2587,1154,5,1,42000.00),(2588,1155,6,1,49000.00),(2589,1155,3,1,35000.00),(2590,1156,1,1,25000.00),(2591,1156,2,1,29000.00),(2592,1157,4,1,45000.00),(2593,1157,5,1,42000.00),(2594,1158,6,1,49000.00),(2595,1158,7,1,55000.00),(2596,1159,2,1,29000.00),(2597,1159,4,1,45000.00),(2598,1159,6,1,49000.00),(2599,1160,1,1,25000.00),(2600,1160,2,1,29000.00),(2601,1160,3,1,35000.00),(2602,1161,4,1,45000.00),(2603,1161,5,1,42000.00),(2604,1161,7,1,55000.00),(2605,1162,6,1,49000.00),(2606,1162,3,1,35000.00),(2607,1163,2,1,29000.00),(2608,1163,4,1,45000.00),(2609,1163,6,1,49000.00),(2610,1164,1,1,25000.00),(2611,1164,2,1,29000.00),(2612,1165,4,1,45000.00),(2613,1165,5,1,42000.00),(2614,1166,6,1,49000.00),(2615,1166,7,1,55000.00),(2616,1167,1,1,25000.00),(2617,1167,2,1,29000.00),(2618,1167,3,1,35000.00),(2619,1168,4,1,45000.00),(2620,1168,5,1,42000.00),(2621,1169,6,1,49000.00),(2622,1169,3,1,35000.00),(2623,1170,1,1,25000.00),(2624,1170,2,1,29000.00),(2625,1171,4,1,45000.00),(2626,1171,5,1,42000.00),(2627,1171,7,1,55000.00),(2628,1172,6,1,49000.00),(2629,1172,7,1,55000.00),(2630,1173,1,1,25000.00),(2631,1173,2,1,29000.00),(2632,1173,3,1,35000.00),(2633,1174,4,1,45000.00),(2634,1174,5,1,42000.00),(2635,1175,6,1,49000.00),(2636,1175,3,1,35000.00),(2637,1176,1,1,25000.00),(2638,1176,2,1,29000.00),(2639,1177,4,1,45000.00),(2640,1177,5,1,42000.00),(2641,1178,6,1,49000.00),(2642,1178,7,1,55000.00),(2643,1179,1,1,25000.00),(2644,1179,2,1,29000.00),(2645,1179,3,1,35000.00),(2646,1180,4,1,45000.00),(2647,1180,5,1,42000.00),(2648,1180,7,1,55000.00),(2649,1181,6,1,49000.00),(2650,1181,3,1,35000.00),(2651,1182,2,1,29000.00),(2652,1182,4,1,45000.00),(2653,1182,6,1,49000.00),(2654,1183,1,1,25000.00),(2655,1183,2,1,29000.00),(2656,1184,4,1,45000.00),(2657,1184,5,1,42000.00),(2658,1185,6,1,49000.00),(2659,1185,7,1,55000.00),(2660,1186,2,1,29000.00),(2661,1186,4,1,45000.00),(2662,1186,6,1,49000.00),(2663,1187,1,1,25000.00),(2664,1187,2,1,29000.00),(2665,1187,3,1,35000.00),(2666,1188,4,1,45000.00),(2667,1188,5,1,42000.00),(2668,1189,6,1,49000.00),(2669,1189,3,1,35000.00),(2670,1190,1,1,25000.00),(2671,1190,2,1,29000.00),(2672,1191,4,1,45000.00),(2673,1191,5,1,42000.00),(2674,1191,7,1,55000.00),(2675,1192,6,1,49000.00),(2676,1192,7,1,55000.00),(2677,1193,1,1,25000.00),(2678,1193,2,1,29000.00),(2679,1193,3,1,35000.00),(2680,1194,4,1,45000.00),(2681,1194,5,1,42000.00),(2682,1195,6,1,49000.00),(2683,1195,3,1,35000.00),(2684,1196,1,1,25000.00),(2685,1196,2,1,29000.00),(2686,1197,4,1,45000.00),(2687,1197,5,1,42000.00),(2688,1198,6,1,49000.00),(2689,1198,7,1,55000.00),(2690,1199,1,1,25000.00),(2691,1199,2,1,29000.00),(2692,1199,3,1,35000.00),(2693,1200,4,1,45000.00),(2694,1200,5,1,42000.00),(2695,1200,7,1,55000.00),(2696,1201,6,1,49000.00),(2697,1201,3,1,35000.00),(2698,1202,1,1,25000.00),(2699,1202,2,1,29000.00),(2700,1203,4,1,45000.00),(2701,1203,5,1,42000.00),(2702,1204,6,1,49000.00),(2703,1204,7,1,55000.00),(2704,1205,2,1,29000.00),(2705,1205,4,1,45000.00),(2706,1205,6,1,49000.00),(2707,1206,1,1,25000.00),(2708,1206,2,1,29000.00),(2709,1207,4,1,45000.00),(2710,1207,5,1,42000.00),(2711,1208,6,1,49000.00),(2712,1208,7,1,55000.00),(2713,1209,2,1,29000.00),(2714,1209,4,1,45000.00),(2715,1209,6,1,49000.00),(2716,1210,1,1,25000.00),(2717,1210,2,1,29000.00),(2718,1210,3,1,35000.00),(2719,1211,4,1,45000.00),(2720,1211,5,1,42000.00),(2721,1212,6,1,49000.00),(2722,1212,3,1,35000.00),(2723,1213,1,1,25000.00),(2724,1213,2,1,29000.00),(2725,1214,4,1,45000.00),(2726,1214,5,1,42000.00),(2727,1214,7,1,55000.00),(2728,1215,6,1,49000.00),(2729,1215,7,1,55000.00),(2730,1216,1,1,25000.00),(2731,1216,2,1,29000.00),(2732,1216,3,1,35000.00),(2733,1217,4,1,45000.00),(2734,1217,5,1,42000.00),(2735,1218,6,1,49000.00),(2736,1218,3,1,35000.00),(2737,1219,1,1,25000.00),(2738,1219,2,1,29000.00),(2739,1220,4,1,45000.00),(2740,1220,5,1,42000.00),(2741,1221,6,1,49000.00),(2742,1221,7,1,55000.00),(2743,1222,1,1,25000.00),(2744,1222,2,1,29000.00),(2745,1222,3,1,35000.00),(2746,1223,4,1,45000.00),(2747,1223,5,1,42000.00),(2748,1223,7,1,55000.00),(2749,1224,6,1,49000.00),(2750,1224,3,1,35000.00),(2751,1225,1,1,25000.00),(2752,1225,2,1,29000.00),(2753,1226,4,1,45000.00),(2754,1226,5,1,42000.00),(2755,1227,6,1,49000.00),(2756,1227,7,1,55000.00),(2757,1228,2,1,29000.00),(2758,1228,4,1,45000.00),(2759,1228,6,1,49000.00),(2760,1229,1,1,25000.00),(2761,1229,2,1,29000.00),(2762,1229,3,1,35000.00),(2763,1230,4,1,45000.00),(2764,1230,5,1,42000.00),(2765,1231,6,1,49000.00),(2766,1231,3,1,35000.00),(2767,1232,2,1,29000.00),(2768,1232,4,1,45000.00),(2769,1232,6,1,49000.00),(2770,1233,1,1,25000.00),(2771,1233,2,1,29000.00),(2772,1234,4,1,45000.00),(2773,1234,5,1,42000.00),(2774,1234,7,1,55000.00),(2775,1235,6,1,49000.00),(2776,1235,7,1,55000.00),(2777,1236,1,1,25000.00),(2778,1236,2,1,29000.00),(2779,1236,3,1,35000.00),(2780,1237,4,1,45000.00),(2781,1237,5,1,42000.00),(2782,1238,6,1,49000.00),(2783,1238,3,1,35000.00),(2784,1239,1,1,25000.00),(2785,1239,2,1,29000.00),(2786,1240,4,1,45000.00),(2787,1240,5,1,42000.00),(2788,1241,6,1,49000.00),(2789,1241,7,1,55000.00),(2790,1242,1,1,25000.00),(2791,1242,2,1,29000.00),(2792,1242,3,1,35000.00),(2793,1243,4,1,45000.00),(2794,1243,5,1,42000.00),(2795,1243,7,1,55000.00),(2796,1244,6,1,49000.00),(2797,1244,3,1,35000.00),(2798,1245,1,1,25000.00),(2799,1245,2,1,29000.00),(2800,1246,4,1,45000.00),(2801,1246,5,1,42000.00),(2802,1247,6,1,49000.00),(2803,1247,7,1,55000.00),(2804,1248,1,1,25000.00),(2805,1248,2,1,29000.00),(2806,1248,3,1,35000.00),(2807,1249,4,1,45000.00),(2808,1249,5,1,42000.00),(2809,1250,6,1,49000.00),(2810,1250,3,1,35000.00),(2811,1251,2,1,29000.00),(2812,1251,4,1,45000.00),(2813,1251,6,1,49000.00),(2814,1252,1,1,25000.00),(2815,1252,2,1,29000.00),(2816,1253,4,1,45000.00),(2817,1253,5,1,42000.00),(2818,1253,7,1,55000.00),(2819,1254,6,1,49000.00),(2820,1254,7,1,55000.00),(2821,1255,2,1,29000.00),(2822,1255,4,1,45000.00),(2823,1255,6,1,49000.00),(2824,1256,1,1,25000.00),(2825,1256,2,1,29000.00),(2826,1256,3,1,35000.00),(2827,1257,4,1,45000.00),(2828,1257,5,1,42000.00),(2829,1258,6,1,49000.00),(2830,1258,3,1,35000.00),(2831,1259,1,1,25000.00),(2832,1259,2,1,29000.00),(2833,1260,4,1,45000.00),(2834,1260,5,1,42000.00),(2835,1261,6,1,49000.00),(2836,1261,7,1,55000.00),(2837,1262,1,1,25000.00),(2838,1262,2,1,29000.00),(2839,1262,3,1,35000.00),(2840,1263,4,1,45000.00),(2841,1263,5,1,42000.00),(2842,1263,7,1,55000.00),(2843,1264,6,1,49000.00),(2844,1264,3,1,35000.00),(2845,1265,1,1,25000.00),(2846,1265,2,1,29000.00),(2847,1266,4,1,45000.00),(2848,1266,5,1,42000.00),(2849,1267,6,1,49000.00),(2850,1267,7,1,55000.00),(2851,1268,1,1,25000.00),(2852,1268,2,1,29000.00),(2853,1268,3,1,35000.00),(2854,1269,4,1,45000.00),(2855,1269,5,1,42000.00),(2856,1270,6,1,49000.00),(2857,1270,3,1,35000.00),(2858,1271,1,1,25000.00),(2859,1271,2,1,29000.00),(2860,1272,4,1,45000.00),(2861,1272,5,1,42000.00),(2862,1272,7,1,55000.00),(2863,1273,6,1,49000.00),(2864,1273,7,1,55000.00),(2865,1274,2,1,29000.00),(2866,1274,4,1,45000.00),(2867,1274,6,1,49000.00),(2868,1275,1,1,25000.00),(2869,1275,2,1,29000.00),(2870,1275,3,1,35000.00),(2871,1276,4,1,45000.00),(2872,1276,5,1,42000.00),(2873,1277,6,1,49000.00),(2874,1277,3,1,35000.00),(2875,1278,2,1,29000.00),(2876,1278,4,1,45000.00),(2877,1278,6,1,49000.00),(2878,1279,1,1,25000.00),(2879,1279,2,1,29000.00),(2880,1280,4,1,45000.00),(2881,1280,5,1,42000.00),(2882,1281,6,1,49000.00),(2883,1281,7,1,55000.00),(2884,1282,1,1,25000.00),(2885,1282,2,1,29000.00),(2886,1282,3,1,35000.00),(2887,1283,4,1,45000.00),(2888,1283,5,1,42000.00),(2889,1283,7,1,55000.00),(2890,1284,6,1,49000.00),(2891,1284,3,1,35000.00),(2892,1285,1,1,25000.00),(2893,1285,2,1,29000.00),(2894,1286,4,1,45000.00),(2895,1286,5,1,42000.00),(2896,1287,6,1,49000.00),(2897,1287,7,1,55000.00),(2898,1288,1,1,25000.00),(2899,1288,2,1,29000.00),(2900,1288,3,1,35000.00),(2901,1289,4,1,45000.00),(2902,1289,5,1,42000.00),(2903,1290,6,1,49000.00),(2904,1290,3,1,35000.00),(2905,1291,1,1,25000.00),(2906,1291,2,1,29000.00),(2907,1292,4,1,45000.00),(2908,1292,5,1,42000.00),(2909,1292,7,1,55000.00),(2910,1293,6,1,49000.00),(2911,1293,7,1,55000.00),(2912,1294,1,1,25000.00),(2913,1294,2,1,29000.00),(2914,1294,3,1,35000.00),(2915,1295,4,1,45000.00),(2916,1295,5,1,42000.00),(2917,1296,6,1,49000.00),(2918,1296,3,1,35000.00),(2919,1297,2,1,29000.00),(2920,1297,4,1,45000.00),(2921,1297,6,1,49000.00),(2922,1298,1,1,25000.00),(2923,1298,2,1,29000.00),(2924,1299,4,1,45000.00),(2925,1299,5,1,42000.00),(2926,1300,6,1,49000.00),(2927,1300,7,1,55000.00),(2928,1301,2,1,29000.00),(2929,1301,4,1,45000.00),(2930,1301,6,1,49000.00),(2931,1302,1,1,25000.00),(2932,1302,2,1,29000.00),(2933,1302,3,1,35000.00),(2934,1303,4,1,45000.00),(2935,1303,5,1,42000.00),(2936,1304,6,1,49000.00),(2937,1304,3,1,35000.00),(2938,1305,1,1,25000.00),(2939,1305,2,1,29000.00),(2940,1306,4,1,45000.00),(2941,1306,5,1,42000.00),(2942,1306,7,1,55000.00),(2943,1307,6,1,49000.00),(2944,1307,7,1,55000.00),(2945,1308,1,1,25000.00),(2946,1308,2,1,29000.00),(2947,1308,3,1,35000.00),(2948,1309,4,1,45000.00),(2949,1309,5,1,42000.00),(2950,1310,6,1,49000.00),(2951,1310,3,1,35000.00),(2952,1311,1,1,25000.00),(2953,1311,2,1,29000.00),(2954,1312,4,1,45000.00),(2955,1312,5,1,42000.00),(2956,1313,6,1,49000.00),(2957,1313,7,1,55000.00),(2958,1314,1,1,25000.00),(2959,1314,2,1,29000.00),(2960,1314,3,1,35000.00),(2961,1315,4,1,45000.00),(2962,1315,5,1,42000.00),(2963,1315,7,1,55000.00),(2964,1316,6,1,49000.00),(2965,1316,3,1,35000.00),(2966,1317,1,1,25000.00),(2967,1317,2,1,29000.00),(2968,1318,4,1,45000.00),(2969,1318,5,1,42000.00),(2970,1319,6,1,49000.00),(2971,1319,7,1,55000.00),(2972,1320,2,1,29000.00),(2973,1320,4,1,45000.00),(2974,1320,6,1,49000.00),(2975,1321,1,1,25000.00),(2976,1321,2,1,29000.00),(2977,1321,3,1,35000.00),(2978,1322,4,1,45000.00),(2979,1322,5,1,42000.00),(2980,1323,6,1,49000.00),(2981,1323,3,1,35000.00),(2982,1324,2,1,29000.00),(2983,1324,4,1,45000.00),(2984,1324,6,1,49000.00),(2985,1325,1,1,25000.00),(2986,1325,2,1,29000.00),(2987,1326,4,1,45000.00),(2988,1326,5,1,42000.00),(2989,1326,7,1,55000.00),(2990,1327,6,1,49000.00),(2991,1327,7,1,55000.00),(2992,1328,1,1,25000.00),(2993,1328,2,1,29000.00),(2994,1328,3,1,35000.00),(2995,1329,4,1,45000.00),(2996,1329,5,1,42000.00),(2997,1330,6,1,49000.00),(2998,1330,3,1,35000.00),(2999,1331,1,1,25000.00),(3000,1331,2,1,29000.00),(3001,1332,4,1,45000.00),(3002,1332,5,1,42000.00),(3003,1333,6,1,49000.00),(3004,1333,7,1,55000.00),(3005,1334,1,1,25000.00),(3006,1334,2,1,29000.00),(3007,1334,3,1,35000.00),(3008,1335,4,1,45000.00),(3009,1335,5,1,42000.00),(3010,1335,7,1,55000.00),(3011,1336,6,1,49000.00),(3012,1336,3,1,35000.00),(3013,1337,1,1,25000.00),(3014,1337,2,1,29000.00),(3015,1338,4,1,45000.00),(3016,1338,5,1,42000.00),(3017,1339,6,1,49000.00),(3018,1339,7,1,55000.00),(3019,1340,1,1,25000.00),(3020,1340,2,1,29000.00),(3021,1340,3,1,35000.00),(3022,1341,4,1,45000.00),(3023,1341,5,1,42000.00),(3024,1342,6,1,49000.00),(3025,1342,3,1,35000.00),(3026,1343,2,1,29000.00),(3027,1343,4,1,45000.00),(3028,1343,6,1,49000.00),(3029,1344,1,1,25000.00),(3030,1344,2,1,29000.00),(3031,1345,4,1,45000.00),(3032,1345,5,1,42000.00),(3033,1345,7,1,55000.00),(3034,1346,6,1,49000.00),(3035,1346,7,1,55000.00),(3036,1347,2,1,29000.00),(3037,1347,4,1,45000.00),(3038,1347,6,1,49000.00),(3039,1348,1,1,25000.00),(3040,1348,2,1,29000.00),(3041,1348,3,1,35000.00),(3042,1349,4,1,45000.00),(3043,1349,5,1,42000.00),(3044,1350,6,1,49000.00),(3045,1350,3,1,35000.00),(3046,1351,1,1,25000.00),(3047,1351,2,1,29000.00),(3048,1352,4,1,45000.00),(3049,1352,5,1,42000.00),(3050,1353,6,1,49000.00),(3051,1353,7,1,55000.00),(3052,1354,1,1,25000.00),(3053,1354,2,1,29000.00),(3054,1354,3,1,35000.00),(3055,1355,4,1,45000.00),(3056,1355,5,1,42000.00),(3057,1355,7,1,55000.00),(3058,1356,6,1,49000.00),(3059,1356,3,1,35000.00),(3060,1357,1,1,25000.00),(3061,1357,2,1,29000.00),(3062,1358,4,1,45000.00),(3063,1358,5,1,42000.00),(3064,1359,6,1,49000.00),(3065,1359,7,1,55000.00),(3066,1360,1,1,25000.00),(3067,1360,2,1,29000.00),(3068,1360,3,1,35000.00),(3069,1361,4,1,45000.00),(3070,1361,5,1,42000.00),(3071,1362,6,1,49000.00),(3072,1362,3,1,35000.00),(3073,1363,1,1,25000.00),(3074,1363,2,1,29000.00),(3075,1364,4,1,45000.00),(3076,1364,5,1,42000.00),(3077,1364,7,1,55000.00),(3078,1365,6,1,49000.00),(3079,1365,7,1,55000.00),(3080,1366,2,1,29000.00),(3081,1366,4,1,45000.00),(3082,1366,6,1,49000.00),(3083,1367,1,1,25000.00),(3084,1367,2,1,29000.00),(3085,1367,3,1,35000.00),(3086,1368,4,1,45000.00),(3087,1368,5,1,42000.00),(3088,1369,6,1,49000.00),(3089,1369,3,1,35000.00),(3090,1370,2,1,29000.00),(3091,1370,4,1,45000.00),(3092,1370,6,1,49000.00),(3093,1371,1,1,25000.00),(3094,1371,2,1,29000.00),(3095,1372,4,1,45000.00),(3096,1372,5,1,42000.00),(3097,1373,6,1,49000.00),(3098,1373,7,1,55000.00),(3099,1374,1,1,25000.00),(3100,1374,2,1,29000.00),(3101,1374,3,1,35000.00),(3102,1375,4,1,45000.00),(3103,1375,5,1,42000.00),(3104,1375,7,1,55000.00),(3105,1376,6,1,49000.00),(3106,1376,3,1,35000.00),(3107,1377,1,1,25000.00),(3108,1377,2,1,29000.00),(3109,1378,4,1,45000.00),(3110,1378,5,1,42000.00),(3111,1379,6,1,49000.00),(3112,1379,7,1,55000.00),(3113,1380,1,1,25000.00),(3114,1380,2,1,29000.00),(3115,1380,3,1,35000.00),(3116,1381,4,1,45000.00),(3117,1381,5,1,42000.00),(3118,1382,6,1,49000.00),(3119,1382,3,1,35000.00),(3120,1383,1,1,25000.00),(3121,1383,2,1,29000.00),(3122,1384,4,1,45000.00),(3123,1384,5,1,42000.00),(3124,1384,7,1,55000.00),(3125,1385,6,1,49000.00),(3126,1385,7,1,55000.00),(3127,1386,1,1,25000.00),(3128,1386,2,1,29000.00),(3129,1386,3,1,35000.00),(3130,1387,4,1,45000.00),(3131,1387,5,1,42000.00),(3132,1388,6,1,49000.00),(3133,1388,3,1,35000.00),(3134,1389,2,1,29000.00),(3135,1389,4,1,45000.00),(3136,1389,6,1,49000.00),(3137,1390,1,1,25000.00),(3138,1390,2,1,29000.00),(3139,1391,4,1,45000.00),(3140,1391,5,1,42000.00),(3141,1392,6,1,49000.00),(3142,1392,7,1,55000.00),(3143,1393,2,1,29000.00),(3144,1393,4,1,45000.00),(3145,1393,6,1,49000.00),(3146,1394,1,1,25000.00),(3147,1394,2,1,29000.00),(3148,1394,3,1,35000.00),(3149,1395,4,1,45000.00),(3150,1395,5,1,42000.00),(3151,1395,7,1,55000.00),(3152,1396,6,1,49000.00),(3153,1396,3,1,35000.00),(3154,1397,1,1,25000.00),(3155,1397,2,1,29000.00),(3156,1398,4,1,45000.00),(3157,1398,5,1,42000.00),(3158,1399,6,1,49000.00),(3159,1399,7,1,55000.00),(3160,1400,1,1,25000.00),(3161,1400,2,1,29000.00),(3162,1401,4,1,45000.00),(3163,1401,5,1,42000.00),(3164,1402,6,1,49000.00),(3165,1402,7,1,55000.00),(3166,1403,1,1,25000.00),(3167,1403,2,1,29000.00),(3168,1403,3,1,35000.00),(3169,1404,4,1,45000.00),(3170,1404,5,1,42000.00),(3171,1405,6,1,49000.00),(3172,1405,3,1,35000.00),(3173,1406,1,1,25000.00),(3174,1406,2,1,29000.00),(3175,1407,4,1,45000.00),(3176,1407,5,1,42000.00),(3177,1407,7,1,55000.00),(3178,1408,6,1,49000.00),(3179,1408,7,1,55000.00),(3180,1409,1,1,25000.00),(3181,1409,2,1,29000.00),(3182,1409,3,1,35000.00),(3183,1410,4,1,45000.00),(3184,1410,5,1,42000.00),(3185,1411,6,1,49000.00),(3186,1411,3,1,35000.00),(3187,1412,2,1,29000.00),(3188,1412,4,1,45000.00),(3189,1412,6,1,49000.00),(3190,1413,1,1,25000.00),(3191,1413,2,1,29000.00),(3192,1414,4,1,45000.00),(3193,1414,5,1,42000.00),(3194,1415,6,1,49000.00),(3195,1415,7,1,55000.00),(3196,1416,2,1,29000.00),(3197,1416,4,1,45000.00),(3198,1416,6,1,49000.00),(3199,1417,1,1,25000.00),(3200,1417,2,1,29000.00),(3201,1417,3,1,35000.00),(3202,1418,4,1,45000.00),(3203,1418,5,1,42000.00),(3204,1418,7,1,55000.00),(3205,1419,6,1,49000.00),(3206,1419,3,1,35000.00),(3207,1420,1,1,25000.00),(3208,1420,2,1,29000.00),(3209,1421,4,1,45000.00),(3210,1421,5,1,42000.00),(3211,1422,6,1,49000.00),(3212,1422,7,1,55000.00),(3213,1423,1,1,25000.00),(3214,1423,2,1,29000.00),(3215,1423,3,1,35000.00),(3216,1424,4,1,45000.00),(3217,1424,5,1,42000.00),(3218,1425,6,1,49000.00),(3219,1425,3,1,35000.00),(3220,1426,1,1,25000.00),(3221,1426,2,1,29000.00),(3222,1427,4,1,45000.00),(3223,1427,5,1,42000.00),(3224,1427,7,1,55000.00),(3225,1428,6,1,49000.00),(3226,1428,7,1,55000.00),(3227,1429,1,1,25000.00),(3228,1429,2,1,29000.00),(3229,1429,3,1,35000.00),(3230,1430,4,1,45000.00),(3231,1430,5,1,42000.00),(3232,1431,6,1,49000.00),(3233,1431,3,1,35000.00),(3234,1432,1,1,25000.00),(3235,1432,2,1,29000.00),(3236,1433,4,1,45000.00),(3237,1433,5,1,42000.00),(3238,1434,6,1,49000.00),(3239,1434,7,1,55000.00),(3240,1435,2,1,29000.00),(3241,1435,4,1,45000.00),(3242,1435,6,1,49000.00),(3243,1436,1,1,25000.00),(3244,1436,2,1,29000.00),(3245,1436,3,1,35000.00),(3246,1437,4,1,45000.00),(3247,1437,5,1,42000.00),(3248,1437,7,1,55000.00),(3249,1438,6,1,49000.00),(3250,1438,3,1,35000.00),(3251,1439,2,1,29000.00),(3252,1439,4,1,45000.00),(3253,1439,6,1,49000.00),(3254,1440,1,1,25000.00),(3255,1440,2,1,29000.00),(3256,1441,4,1,45000.00),(3257,1441,5,1,42000.00),(3258,1442,6,1,49000.00),(3259,1442,7,1,55000.00),(3260,1443,1,1,25000.00),(3261,1443,2,1,29000.00),(3262,1443,3,1,35000.00),(3263,1444,4,1,45000.00),(3264,1444,5,1,42000.00),(3265,1445,6,1,49000.00),(3266,1445,3,1,35000.00),(3267,1446,1,1,25000.00),(3268,1446,2,1,29000.00),(3269,1447,4,1,45000.00),(3270,1447,5,1,42000.00),(3271,1447,7,1,55000.00),(3272,1448,6,1,49000.00),(3273,1448,7,1,55000.00),(3274,1449,1,1,25000.00),(3275,1449,2,1,29000.00),(3276,1449,3,1,35000.00),(3277,1450,4,1,45000.00),(3278,1450,5,1,42000.00),(3279,1451,6,1,49000.00),(3280,1451,3,1,35000.00),(3281,1452,1,1,25000.00),(3282,1452,2,1,29000.00),(3283,1453,4,1,45000.00),(3284,1453,5,1,42000.00),(3285,1454,6,1,49000.00),(3286,1454,7,1,55000.00),(3287,1455,1,1,25000.00),(3288,1455,2,1,29000.00),(3289,1455,3,1,35000.00),(3290,1456,4,1,45000.00),(3291,1456,5,1,42000.00),(3292,1456,7,1,55000.00),(3293,1457,6,1,49000.00),(3294,1457,3,1,35000.00),(3295,1458,2,1,29000.00),(3296,1458,4,1,45000.00),(3297,1458,6,1,49000.00),(3298,1459,1,1,25000.00),(3299,1459,2,1,29000.00),(3300,1460,4,1,45000.00),(3301,1460,5,1,42000.00),(3302,1461,6,1,49000.00),(3303,1461,7,1,55000.00),(3304,1462,2,1,29000.00),(3305,1462,4,1,45000.00),(3306,1462,6,1,49000.00),(3307,1463,1,1,25000.00),(3308,1463,2,1,29000.00),(3309,1463,3,1,35000.00),(3310,1464,4,1,45000.00),(3311,1464,5,1,42000.00),(3312,1465,6,1,49000.00),(3313,1465,3,1,35000.00),(3314,1466,1,1,25000.00),(3315,1466,2,1,29000.00),(3316,1467,4,1,45000.00),(3317,1467,5,1,42000.00),(3318,1467,7,1,55000.00),(3319,1468,6,1,49000.00),(3320,1468,7,1,55000.00),(3321,1469,1,1,25000.00),(3322,1469,2,1,29000.00),(3323,1469,3,1,35000.00),(3324,1470,4,1,45000.00),(3325,1470,5,1,42000.00),(3326,1471,6,1,49000.00),(3327,1471,3,1,35000.00),(3328,1472,1,1,25000.00),(3329,1472,2,1,29000.00),(3330,1473,4,1,45000.00),(3331,1473,5,1,42000.00),(3332,1474,6,1,49000.00),(3333,1474,7,1,55000.00),(3334,1475,1,1,25000.00),(3335,1475,2,1,29000.00),(3336,1475,3,1,35000.00),(3337,1476,4,1,45000.00),(3338,1476,5,1,42000.00),(3339,1476,7,1,55000.00),(3340,1477,6,1,49000.00),(3341,1477,3,1,35000.00),(3342,1478,1,1,25000.00),(3343,1478,2,1,29000.00),(3344,1479,4,1,45000.00),(3345,1479,5,1,42000.00),(3346,1480,6,1,49000.00),(3347,1480,7,1,55000.00),(3348,1481,2,1,29000.00),(3349,1481,4,1,45000.00),(3350,1481,6,1,49000.00),(3351,1482,1,1,25000.00),(3352,1482,2,1,29000.00),(3353,1482,3,1,35000.00),(3354,1483,4,1,45000.00),(3355,1483,5,1,42000.00),(3356,1484,6,1,49000.00),(3357,1484,3,1,35000.00),(3358,1485,2,1,29000.00),(3359,1485,4,1,45000.00),(3360,1485,6,1,49000.00),(3361,1486,1,1,25000.00),(3362,1486,2,1,29000.00),(3363,1487,4,1,45000.00),(3364,1487,5,1,42000.00),(3365,1487,7,1,55000.00),(3366,1488,6,1,49000.00),(3367,1488,7,1,55000.00),(3368,1489,1,1,25000.00),(3369,1489,2,1,29000.00),(3370,1489,3,1,35000.00),(3371,1490,4,1,45000.00),(3372,1490,5,1,42000.00),(3373,1491,6,1,49000.00),(3374,1491,3,1,35000.00),(3375,1492,1,1,25000.00),(3376,1492,2,1,29000.00),(3377,1493,4,1,45000.00),(3378,1493,5,1,42000.00),(3379,1494,6,1,49000.00),(3380,1494,7,1,55000.00),(3381,1495,1,1,25000.00),(3382,1495,2,1,29000.00),(3383,1495,3,1,35000.00),(3384,1496,4,1,45000.00),(3385,1496,5,1,42000.00),(3386,1496,7,1,55000.00),(3387,1497,6,1,49000.00),(3388,1497,3,1,35000.00),(3389,1498,25,1,75000.00),(3390,1498,20,1,45000.00),(3391,1499,28,1,35000.00),(3392,1500,30,1,35000.00),(3393,1500,29,1,35000.00),(3394,1501,29,1,35000.00),(3395,1501,30,1,35000.00),(3396,1502,29,1,35000.00),(3397,1502,30,1,35000.00),(3398,1503,29,1,35000.00),(3399,1503,30,1,35000.00),(3400,1504,29,1,35000.00),(3401,1504,30,1,35000.00),(3402,1505,5,1,30000.00),(3403,1506,2,1,30000.00),(3404,1507,3,1,38000.00),(3405,1508,28,1,35000.00),(3406,1509,30,1,35000.00),(3407,1509,29,1,35000.00);
/*!40000 ALTER TABLE `order_items` ENABLE KEYS */;
UNLOCK TABLES;

--
-- Table structure for table `orders`
--

DROP TABLE IF EXISTS `orders`;
/*!40101 SET @saved_cs_client     = @@character_set_client */;
/*!50503 SET character_set_client = utf8mb4 */;
CREATE TABLE `orders` (
  `order_id` int NOT NULL AUTO_INCREMENT,
  `user_id` int DEFAULT NULL,
  `table_id` int DEFAULT NULL,
  `total_amount` decimal(10,2) DEFAULT NULL,
  `final_amount` decimal(10,2) DEFAULT NULL,
  `payment_method` enum('cash','card','momo') DEFAULT 'cash',
  `order_type` enum('dine_in','take_away') DEFAULT 'dine_in',
  `weather_condition` varchar(50) DEFAULT NULL,
  `status` varchar(50) DEFAULT 'paid',
  `created_at` timestamp NULL DEFAULT CURRENT_TIMESTAMP,
  `updated_at` timestamp NULL DEFAULT CURRENT_TIMESTAMP ON UPDATE CURRENT_TIMESTAMP,
  `customer_id` int DEFAULT NULL,
  PRIMARY KEY (`order_id`),
  KEY `user_id` (`user_id`),
  KEY `table_id` (`table_id`),
  KEY `created_at` (`created_at`),
  KEY `fk_orders_customer` (`customer_id`),
  CONSTRAINT `fk_orders_customer` FOREIGN KEY (`customer_id`) REFERENCES `customers` (`customer_id`),
  CONSTRAINT `orders_ibfk_1` FOREIGN KEY (`user_id`) REFERENCES `users` (`user_id`),
  CONSTRAINT `orders_ibfk_2` FOREIGN KEY (`table_id`) REFERENCES `tables` (`table_id`)
) ENGINE=InnoDB AUTO_INCREMENT=1510 DEFAULT CHARSET=utf8mb4 COLLATE=utf8mb4_0900_ai_ci;
/*!40101 SET character_set_client = @saved_cs_client */;

--
-- Dumping data for table `orders`
--

LOCK TABLES `orders` WRITE;
/*!40000 ALTER TABLE `orders` DISABLE KEYS */;
INSERT INTO `orders` VALUES (1,2,1,54000.00,54000.00,'cash','dine_in','Sunny','paid','2026-03-13 13:29:00','2026-03-14 13:29:00',NULL),(2,2,3,120000.00,110000.00,'cash','dine_in','Sunny','paid','2026-03-13 13:29:00','2026-03-14 13:29:00',NULL),(3,3,2,35000.00,35000.00,'cash','take_away','Rainy','paid','2026-03-14 13:29:03','2026-03-14 13:29:03',NULL),(4,3,5,84000.00,84000.00,'cash','dine_in','Rainy','paid','2026-03-14 13:29:03','2026-03-14 13:29:03',NULL),(5,1,NULL,25000.00,27500.00,'cash','take_away',NULL,'paid','2026-03-19 03:04:07','2026-03-19 03:04:07',NULL),(6,1,NULL,73000.00,80300.00,'cash','take_away',NULL,'paid','2026-03-30 02:12:30','2026-04-03 15:28:59',NULL),(7,1,NULL,58000.00,63800.00,'cash','take_away',NULL,'paid','2026-04-02 08:27:01','2026-04-02 08:27:01',NULL),(8,1,NULL,73000.00,80300.00,'cash','take_away',NULL,'paid','2026-04-02 08:37:05','2026-04-02 08:37:05',NULL),(9,1,NULL,38000.00,41800.00,'cash','take_away',NULL,'paid','2026-04-02 08:57:01','2026-04-02 08:57:01',NULL),(10,1,NULL,90000.00,99000.00,'momo','take_away',NULL,'paid','2026-04-02 09:00:45','2026-04-03 15:28:59',NULL),(11,1,NULL,28000.00,30800.00,'cash','take_away',NULL,'paid','2026-04-02 09:01:05','2026-04-03 15:28:59',NULL),(12,1,NULL,45000.00,49500.00,'cash','take_away',NULL,'paid','2026-04-02 09:04:48','2026-04-03 15:28:59',NULL),(13,1,NULL,38000.00,41800.00,'cash','take_away',NULL,'paid','2026-04-02 09:36:26','2026-04-03 15:28:59',NULL),(14,1,NULL,38000.00,41800.00,'cash','take_away',NULL,'paid','2026-04-02 09:44:20','2026-04-03 15:28:59',NULL),(15,1,NULL,45000.00,49500.00,'cash','take_away',NULL,'paid','2026-04-02 09:48:24','2026-04-03 15:28:59',NULL),(16,1,NULL,45000.00,49500.00,'cash','take_away',NULL,'paid','2026-04-02 09:49:09','2026-04-03 15:28:59',NULL),(17,1,NULL,38000.00,41800.00,'cash','take_away',NULL,'paid','2026-04-02 10:07:45','2026-04-03 15:28:59',NULL),(18,1,NULL,45000.00,49500.00,'cash','take_away',NULL,'paid','2026-04-03 12:48:47','2026-04-03 15:28:59',NULL),(19,1,NULL,38000.00,41800.00,'cash','take_away',NULL,'paid','2026-04-03 12:50:20','2026-04-03 15:28:59',NULL),(20,1,NULL,38000.00,41800.00,'cash','take_away',NULL,'paid','2026-04-03 14:18:08','2026-04-03 15:28:59',NULL),(21,1,NULL,38000.00,41800.00,'cash','take_away',NULL,'paid','2026-04-03 14:37:14','2026-04-03 15:28:59',NULL),(22,1,NULL,45000.00,49500.00,'cash','take_away',NULL,'paid','2026-04-03 14:42:11','2026-04-03 15:28:59',NULL),(23,1,NULL,30000.00,33000.00,'cash','take_away',NULL,'paid','2026-04-03 15:13:31','2026-04-03 15:13:31',NULL),(24,1,NULL,35000.00,38500.00,'cash','take_away',NULL,'paid','2026-04-05 01:40:28','2026-04-05 01:42:19',NULL),(25,1,NULL,75000.00,82500.00,'cash','take_away',NULL,'paid','2026-04-05 01:43:37','2026-04-05 02:31:30',NULL),(26,1,NULL,35000.00,38500.00,'cash','take_away',NULL,'paid','2026-04-05 01:46:20','2026-04-05 02:31:30',NULL),(27,1,NULL,55000.00,60500.00,'cash','take_away',NULL,'paid','2026-04-05 01:52:42','2026-04-05 02:31:30',NULL),(28,1,NULL,55000.00,60500.00,'cash','take_away',NULL,'paid','2026-04-05 01:56:58','2026-04-05 02:31:30',NULL),(29,1,NULL,85000.00,93500.00,'cash','take_away',NULL,'paid','2026-04-05 02:01:48','2026-04-05 02:01:55',NULL),(30,1,NULL,75000.00,82500.00,'cash','take_away',NULL,'paid','2026-04-05 02:02:18','2026-04-05 02:31:30',NULL),(31,1,NULL,75000.00,82500.00,'cash','take_away',NULL,'paid','2026-04-05 02:02:22','2026-04-05 02:31:30',NULL),(32,1,NULL,35000.00,38500.00,'cash','take_away',NULL,'paid','2026-04-05 02:04:47','2026-04-05 02:31:30',NULL),(33,1,NULL,75000.00,82500.00,'cash','take_away',NULL,'paid','2026-04-05 02:05:07','2026-04-05 02:05:12',NULL),(34,1,NULL,35000.00,38500.00,'cash','take_away',NULL,'paid','2026-04-07 05:45:40','2026-04-07 05:45:43',NULL),(35,1,NULL,60000.00,66000.00,'cash','take_away',NULL,'paid','2026-04-07 05:46:24','2026-04-07 05:46:26',NULL),(36,1,NULL,90000.00,99000.00,'cash','take_away',NULL,'paid','2026-04-09 05:38:54','2026-04-09 05:38:57',NULL),(37,1,NULL,45000.00,49500.00,'cash','take_away',NULL,'paid','2026-04-09 05:39:02','2026-04-09 05:39:04',NULL),(38,1,NULL,110000.00,121000.00,'cash','take_away',NULL,'paid','2026-04-09 05:39:14','2026-04-09 05:39:16',NULL),(39,1,NULL,35000.00,38500.00,'cash','take_away',NULL,'paid','2026-04-09 05:39:33','2026-04-09 05:39:35',NULL),(40,1,NULL,45000.00,49500.00,'cash','take_away',NULL,'paid','2026-04-09 06:14:21','2026-04-09 06:14:23',NULL),(41,1,NULL,35000.00,38500.00,'cash','dine_in',NULL,'paid','2026-04-09 06:23:50','2026-04-09 06:23:58',NULL),(42,1,NULL,70000.00,77000.00,'cash','take_away',NULL,'paid','2026-04-10 06:50:09','2026-04-10 06:50:13',NULL),(43,1,NULL,60000.00,66000.00,'cash','take_away',NULL,'paid','2026-04-10 06:50:25','2026-04-10 06:50:27',NULL),(44,1,NULL,60000.00,66000.00,'cash','take_away',NULL,'paid','2026-04-10 06:50:37','2026-04-10 06:50:40',NULL),(45,1,NULL,70000.00,77000.00,'cash','take_away',NULL,'paid','2026-04-10 06:50:58','2026-04-10 06:50:59',NULL),(46,1,NULL,70000.00,77000.00,'cash','take_away',NULL,'paid','2026-04-10 06:51:09','2026-04-10 06:51:10',NULL),(47,1,NULL,70000.00,77000.00,'cash','take_away',NULL,'paid','2026-04-10 06:51:19','2026-04-10 06:51:21',NULL),(48,1,NULL,70000.00,77000.00,'cash','take_away',NULL,'paid','2026-04-10 06:51:30','2026-04-10 06:51:33',NULL),(49,1,NULL,35000.00,38500.00,'cash','dine_in',NULL,'paid','2026-04-10 07:14:56','2026-04-12 09:40:55',NULL),(50,1,NULL,35000.00,38500.00,'cash','take_away',NULL,'paid','2026-04-10 07:36:31','2026-04-10 07:36:35',NULL),(51,1,NULL,45000.00,49500.00,'cash','take_away',NULL,'paid','2026-04-10 07:37:11','2026-04-10 07:37:19',NULL),(52,1,NULL,45000.00,49500.00,'cash','take_away',NULL,'paid','2026-04-10 07:44:43','2026-04-10 07:44:45',NULL),(53,1,NULL,30000.00,33000.00,'cash','take_away',NULL,'paid','2026-04-10 07:45:10','2026-04-10 07:45:12',NULL),(55,1,NULL,35000.00,38500.00,'cash','take_away',NULL,'paid','2026-04-10 07:46:54','2026-04-11 09:31:55',NULL),(56,1,NULL,55000.00,60500.00,'cash','take_away',NULL,'paid','2026-04-10 07:55:45','2026-04-11 09:31:53',NULL),(57,1,NULL,55000.00,60500.00,'cash','take_away',NULL,'paid','2026-04-10 09:36:43','2026-04-10 09:36:47',NULL),(58,1,NULL,55000.00,60500.00,'cash','take_away',NULL,'paid','2026-04-11 07:29:28','2026-04-11 09:31:50',NULL),(59,1,NULL,55000.00,60500.00,'cash','take_away',NULL,'paid','2026-04-11 07:42:28','2026-04-11 09:31:48',NULL),(60,1,NULL,55000.00,60500.00,'cash','take_away',NULL,'paid','2026-04-11 07:42:56','2026-04-11 09:31:44',NULL),(61,1,NULL,35000.00,38500.00,'cash','take_away',NULL,'paid','2026-04-11 07:50:56','2026-04-11 09:41:47',2),(62,1,NULL,55000.00,60500.00,'cash','take_away',NULL,'paid','2026-04-12 08:11:43','2026-04-12 08:11:43',NULL),(63,1,NULL,50000.00,55000.00,'cash','take_away',NULL,'paid','2026-04-12 08:12:20','2026-04-12 08:12:20',NULL),(64,1,NULL,60000.00,66000.00,'cash','take_away',NULL,'paid','2026-04-14 04:07:31','2026-04-14 04:07:31',NULL),(65,1,NULL,45000.00,49500.00,'cash','take_away',NULL,'paid','2026-04-14 04:07:37','2026-04-14 04:07:37',NULL),(66,1,NULL,55000.00,60500.00,'cash','take_away',NULL,'paid','2026-04-14 04:07:47','2026-04-14 04:07:47',NULL),(67,1,NULL,165000.00,181500.00,'cash','take_away',NULL,'paid','2026-04-14 04:07:56','2026-04-14 04:07:56',NULL),(68,1,NULL,135000.00,148500.00,'cash','take_away',NULL,'paid','2026-04-14 04:08:06','2026-04-14 04:08:06',NULL),(69,1,NULL,50000.00,55000.00,'cash','take_away',NULL,'paid','2026-04-14 04:08:28','2026-04-14 04:08:28',2),(70,1,NULL,150000.00,165000.00,'cash','take_away',NULL,'paid','2026-04-14 04:08:41','2026-04-14 04:08:41',2),(71,1,NULL,100000.00,110000.00,'cash','take_away',NULL,'paid','2026-04-14 04:09:02','2026-04-14 04:09:02',NULL),(72,1,NULL,100000.00,110000.00,'cash','take_away',NULL,'paid','2026-04-14 04:09:09','2026-04-14 04:09:09',NULL),(73,1,NULL,100000.00,110000.00,'cash','take_away',NULL,'paid','2026-04-14 04:09:14','2026-04-14 04:09:14',NULL),(74,1,NULL,100000.00,110000.00,'cash','take_away',NULL,'paid','2026-04-14 04:09:22','2026-04-14 04:09:22',NULL),(75,1,NULL,100000.00,110000.00,'cash','take_away',NULL,'paid','2026-04-14 06:49:11','2026-04-14 06:49:11',NULL),(76,1,NULL,100000.00,110000.00,'cash','take_away',NULL,'paid','2026-04-14 06:49:21','2026-04-14 06:49:21',NULL),(77,1,NULL,50000.00,55000.00,'cash','take_away',NULL,'paid','2026-04-14 06:50:01','2026-04-14 06:50:01',NULL),(78,1,NULL,30000.00,33000.00,'cash','take_away',NULL,'paid','2026-04-14 06:50:08','2026-04-14 06:50:08',NULL),(79,1,NULL,60000.00,66000.00,'cash','take_away',NULL,'paid','2026-04-14 06:50:14','2026-04-14 06:50:14',NULL),(80,1,NULL,60000.00,66000.00,'cash','take_away',NULL,'paid','2026-04-14 06:50:20','2026-04-14 06:50:20',NULL),(81,1,NULL,60000.00,66000.00,'cash','take_away',NULL,'paid','2026-04-14 06:50:27','2026-04-14 06:50:27',NULL),(82,1,NULL,55000.00,60500.00,'momo','take_away',NULL,'paid','2026-04-19 13:54:18','2026-04-19 13:54:18',NULL),(83,1,NULL,35000.00,38500.00,'cash','take_away',NULL,'paid','2026-04-19 13:54:24','2026-04-19 13:54:24',NULL),(84,1,NULL,60000.00,66000.00,'cash','take_away',NULL,'paid','2026-04-19 13:54:35','2026-04-19 13:54:35',NULL),(85,1,NULL,60000.00,66000.00,'cash','take_away',NULL,'paid','2026-04-19 13:55:32','2026-04-19 13:55:32',NULL),(86,1,NULL,45000.00,49500.00,'cash','take_away',NULL,'paid','2026-04-19 13:55:38','2026-04-19 13:55:38',NULL),(87,1,NULL,50000.00,55000.00,'cash','take_away',NULL,'paid','2026-04-19 13:55:43','2026-04-19 13:55:43',NULL),(88,1,NULL,50000.00,55000.00,'cash','take_away',NULL,'paid','2026-04-19 13:55:48','2026-04-19 13:55:48',NULL),(89,1,NULL,50000.00,55000.00,'cash','take_away',NULL,'paid','2026-04-19 13:55:53','2026-04-19 13:55:53',NULL),(90,1,NULL,50000.00,55000.00,'cash','take_away',NULL,'paid','2026-04-19 13:55:58','2026-04-19 13:55:58',NULL),(91,1,NULL,45000.00,49500.00,'cash','take_away',NULL,'paid','2026-04-19 13:56:04','2026-04-19 13:56:04',NULL),(92,1,NULL,55000.00,60500.00,'cash','take_away',NULL,'paid','2026-04-19 13:56:08','2026-04-19 13:56:08',NULL),(93,1,NULL,55000.00,60500.00,'cash','take_away',NULL,'paid','2026-04-19 13:56:13','2026-04-19 13:56:13',NULL),(94,1,NULL,135000.00,148500.00,'cash','take_away',NULL,'paid','2026-04-19 13:56:22','2026-04-19 13:56:22',NULL),(95,1,NULL,55000.00,60500.00,'cash','take_away',NULL,'paid','2026-04-19 13:56:30','2026-04-19 13:56:30',NULL),(96,1,NULL,60000.00,66000.00,'cash','take_away',NULL,'paid','2026-04-19 13:56:39','2026-04-19 13:56:39',NULL),(97,1,NULL,38000.00,41800.00,'cash','take_away',NULL,'paid','2026-04-19 13:56:44','2026-04-19 13:56:44',NULL),(98,1,NULL,35000.00,38500.00,'cash','take_away',NULL,'paid','2026-04-20 04:06:54','2026-04-20 04:06:54',NULL),(99,1,NULL,55000.00,60500.00,'cash','take_away',NULL,'paid','2026-04-20 04:07:01','2026-04-20 04:07:01',NULL),(100,1,NULL,195000.00,214500.00,'cash','take_away',NULL,'paid','2026-04-20 04:07:08','2026-04-20 04:07:08',NULL),(101,1,NULL,50000.00,55000.00,'cash','take_away',NULL,'paid','2026-04-20 04:07:13','2026-04-20 04:07:13',NULL),(102,1,NULL,35000.00,38500.00,'cash','take_away',NULL,'paid','2026-04-20 10:07:55','2026-04-20 10:07:55',NULL),(103,2,1,54000.00,54000.00,'card','dine_in','Rainy','paid','2025-10-01 01:15:00','2025-10-01 01:20:00',NULL),(104,3,3,87000.00,87000.00,'cash','dine_in','Rainy','paid','2025-10-01 05:30:00','2025-10-01 05:35:00',NULL),(106,1,1,54000.00,54000.00,'card','dine_in','Rainy','paid','2025-10-01 01:15:00','2025-10-01 01:20:00',NULL),(107,2,2,87000.00,87000.00,'cash','dine_in','Rainy','paid','2025-10-01 05:30:00','2025-10-01 05:35:00',NULL),(108,3,3,104000.00,104000.00,'momo','dine_in','Rainy','paid','2025-10-01 12:10:00','2025-10-01 12:18:00',NULL),(109,1,1,89000.00,89000.00,'momo','dine_in','Cool','paid','2025-10-02 01:15:00','2025-10-02 01:20:00',NULL),(110,2,2,87000.00,87000.00,'card','dine_in','Cool','paid','2025-10-02 05:30:00','2025-10-02 05:35:00',NULL),(111,3,3,84000.00,84000.00,'cash','dine_in','Cool','paid','2025-10-02 12:10:00','2025-10-02 12:18:00',NULL),(112,1,1,54000.00,54000.00,'cash','dine_in','Sunny','paid','2025-10-03 01:15:00','2025-10-03 01:20:00',NULL),(113,2,2,142000.00,142000.00,'momo','dine_in','Sunny','paid','2025-10-03 05:30:00','2025-10-03 05:35:00',NULL),(114,3,3,104000.00,104000.00,'card','dine_in','Sunny','paid','2025-10-03 12:10:00','2025-10-03 12:18:00',NULL),(115,1,1,89000.00,89000.00,'card','dine_in','Cloudy','paid','2025-10-04 01:15:00','2025-10-04 01:20:00',NULL),(116,2,2,87000.00,87000.00,'cash','take_away','Cloudy','paid','2025-10-04 05:30:00','2025-10-04 05:35:00',NULL),(117,3,3,84000.00,84000.00,'momo','dine_in','Cloudy','paid','2025-10-04 12:10:00','2025-10-04 12:18:00',NULL),(118,2,5,123000.00,123000.00,'momo','dine_in','Cloudy','paid','2025-10-04 09:20:00','2025-10-04 09:28:00',NULL),(119,1,1,54000.00,49000.00,'momo','dine_in','Rainy','paid','2025-10-05 01:15:00','2025-10-05 01:20:00',NULL),(120,2,2,87000.00,87000.00,'card','dine_in','Rainy','paid','2025-10-05 05:30:00','2025-10-05 05:35:00',NULL),(121,3,3,104000.00,104000.00,'cash','take_away','Rainy','paid','2025-10-05 12:10:00','2025-10-05 12:18:00',NULL),(122,2,5,123000.00,115000.00,'momo','dine_in','Rainy','paid','2025-10-05 09:20:00','2025-10-05 09:28:00',NULL),(123,1,1,89000.00,89000.00,'cash','dine_in','Sunny','paid','2025-10-06 01:15:00','2025-10-06 01:20:00',NULL),(124,2,2,142000.00,132000.00,'momo','dine_in','Sunny','paid','2025-10-06 05:30:00','2025-10-06 05:35:00',NULL),(125,3,3,84000.00,84000.00,'card','dine_in','Sunny','paid','2025-10-06 12:10:00','2025-10-06 12:18:00',NULL),(126,1,1,54000.00,54000.00,'card','dine_in','Cloudy','paid','2025-10-07 01:15:00','2025-10-07 01:20:00',NULL),(127,2,2,87000.00,87000.00,'cash','dine_in','Cloudy','paid','2025-10-07 05:30:00','2025-10-07 05:35:00',NULL),(128,3,3,104000.00,97000.00,'momo','dine_in','Cloudy','paid','2025-10-07 12:10:00','2025-10-07 12:18:00',NULL),(129,1,1,89000.00,89000.00,'momo','dine_in','Rainy','paid','2025-10-08 01:15:00','2025-10-08 01:20:00',NULL),(130,2,2,87000.00,87000.00,'card','take_away','Rainy','paid','2025-10-08 05:30:00','2025-10-08 05:35:00',NULL),(131,3,3,84000.00,84000.00,'cash','dine_in','Rainy','paid','2025-10-08 12:10:00','2025-10-08 12:18:00',NULL),(132,1,1,54000.00,54000.00,'cash','dine_in','Cool','paid','2025-10-09 01:15:00','2025-10-09 01:20:00',NULL),(133,2,2,142000.00,142000.00,'momo','dine_in','Cool','paid','2025-10-09 05:30:00','2025-10-09 05:35:00',NULL),(134,3,3,104000.00,104000.00,'card','dine_in','Cool','paid','2025-10-09 12:10:00','2025-10-09 12:18:00',NULL),(135,1,1,89000.00,84000.00,'card','dine_in','Sunny','paid','2025-10-10 01:15:00','2025-10-10 01:20:00',NULL),(136,2,2,87000.00,87000.00,'cash','dine_in','Sunny','paid','2025-10-10 05:30:00','2025-10-10 05:35:00',NULL),(137,3,3,84000.00,84000.00,'momo','take_away','Sunny','paid','2025-10-10 12:10:00','2025-10-10 12:18:00',NULL),(138,1,1,54000.00,54000.00,'momo','dine_in','Cloudy','paid','2025-10-11 01:15:00','2025-10-11 01:20:00',NULL),(139,2,2,87000.00,87000.00,'card','dine_in','Cloudy','paid','2025-10-11 05:30:00','2025-10-11 05:35:00',NULL),(140,3,3,104000.00,104000.00,'cash','dine_in','Cloudy','paid','2025-10-11 12:10:00','2025-10-11 12:18:00',NULL),(141,2,5,123000.00,123000.00,'momo','dine_in','Cloudy','paid','2025-10-11 09:20:00','2025-10-11 09:28:00',NULL),(142,1,1,89000.00,89000.00,'cash','dine_in','Rainy','paid','2025-10-12 01:15:00','2025-10-12 01:20:00',NULL),(143,2,2,142000.00,132000.00,'momo','take_away','Rainy','paid','2025-10-12 05:30:00','2025-10-12 05:35:00',NULL),(144,3,3,84000.00,84000.00,'card','dine_in','Rainy','paid','2025-10-12 12:10:00','2025-10-12 12:18:00',NULL),(145,2,5,123000.00,115000.00,'momo','dine_in','Rainy','paid','2025-10-12 09:20:00','2025-10-12 09:28:00',NULL),(146,1,1,54000.00,54000.00,'card','dine_in','Sunny','paid','2025-10-13 01:15:00','2025-10-13 01:20:00',NULL),(147,2,2,87000.00,87000.00,'cash','dine_in','Sunny','paid','2025-10-13 05:30:00','2025-10-13 05:35:00',NULL),(148,3,3,104000.00,104000.00,'momo','dine_in','Sunny','paid','2025-10-13 12:10:00','2025-10-13 12:18:00',NULL),(149,1,1,89000.00,89000.00,'momo','dine_in','Cloudy','paid','2025-10-14 01:15:00','2025-10-14 01:20:00',NULL),(150,2,2,87000.00,87000.00,'card','dine_in','Cloudy','paid','2025-10-14 05:30:00','2025-10-14 05:35:00',NULL),(151,3,3,84000.00,77000.00,'cash','dine_in','Cloudy','paid','2025-10-14 12:10:00','2025-10-14 12:18:00',NULL),(152,1,1,54000.00,49000.00,'cash','dine_in','Rainy','paid','2025-10-15 01:15:00','2025-10-15 01:20:00',NULL),(153,2,2,142000.00,142000.00,'momo','dine_in','Rainy','paid','2025-10-15 05:30:00','2025-10-15 05:35:00',NULL),(154,3,3,104000.00,104000.00,'card','take_away','Rainy','paid','2025-10-15 12:10:00','2025-10-15 12:18:00',NULL),(155,1,1,89000.00,89000.00,'card','dine_in','Cool','paid','2025-10-16 01:15:00','2025-10-16 01:20:00',NULL),(156,2,2,87000.00,87000.00,'cash','take_away','Cool','paid','2025-10-16 05:30:00','2025-10-16 05:35:00',NULL),(157,3,3,84000.00,84000.00,'momo','dine_in','Cool','paid','2025-10-16 12:10:00','2025-10-16 12:18:00',NULL),(158,1,1,54000.00,54000.00,'momo','dine_in','Sunny','paid','2025-10-17 01:15:00','2025-10-17 01:20:00',NULL),(159,2,2,87000.00,87000.00,'card','dine_in','Sunny','paid','2025-10-17 05:30:00','2025-10-17 05:35:00',NULL),(160,3,3,104000.00,104000.00,'cash','dine_in','Sunny','paid','2025-10-17 12:10:00','2025-10-17 12:18:00',NULL),(161,1,1,89000.00,89000.00,'cash','dine_in','Cloudy','paid','2025-10-18 01:15:00','2025-10-18 01:20:00',NULL),(162,2,2,142000.00,132000.00,'momo','dine_in','Cloudy','paid','2025-10-18 05:30:00','2025-10-18 05:35:00',NULL),(163,3,3,84000.00,84000.00,'card','dine_in','Cloudy','paid','2025-10-18 12:10:00','2025-10-18 12:18:00',NULL),(164,2,5,123000.00,123000.00,'momo','dine_in','Cloudy','paid','2025-10-18 09:20:00','2025-10-18 09:28:00',NULL),(165,1,1,54000.00,54000.00,'card','dine_in','Rainy','paid','2025-10-19 01:15:00','2025-10-19 01:20:00',NULL),(166,2,2,87000.00,87000.00,'cash','dine_in','Rainy','paid','2025-10-19 05:30:00','2025-10-19 05:35:00',NULL),(167,3,3,104000.00,104000.00,'momo','dine_in','Rainy','paid','2025-10-19 12:10:00','2025-10-19 12:18:00',NULL),(168,2,5,123000.00,115000.00,'momo','dine_in','Rainy','paid','2025-10-19 09:20:00','2025-10-19 09:28:00',NULL),(169,1,1,89000.00,84000.00,'momo','dine_in','Sunny','paid','2025-10-20 01:15:00','2025-10-20 01:20:00',NULL),(170,2,2,87000.00,87000.00,'card','take_away','Sunny','paid','2025-10-20 05:30:00','2025-10-20 05:35:00',NULL),(171,3,3,84000.00,84000.00,'cash','take_away','Sunny','paid','2025-10-20 12:10:00','2025-10-20 12:18:00',NULL),(172,1,1,54000.00,54000.00,'cash','dine_in','Cloudy','paid','2025-10-21 01:15:00','2025-10-21 01:20:00',NULL),(173,2,2,142000.00,142000.00,'momo','dine_in','Cloudy','paid','2025-10-21 05:30:00','2025-10-21 05:35:00',NULL),(174,3,3,104000.00,97000.00,'card','dine_in','Cloudy','paid','2025-10-21 12:10:00','2025-10-21 12:18:00',NULL),(175,1,1,89000.00,89000.00,'card','dine_in','Rainy','paid','2025-10-22 01:15:00','2025-10-22 01:20:00',NULL),(176,2,2,87000.00,87000.00,'cash','dine_in','Rainy','paid','2025-10-22 05:30:00','2025-10-22 05:35:00',NULL),(177,3,3,84000.00,84000.00,'momo','dine_in','Rainy','paid','2025-10-22 12:10:00','2025-10-22 12:18:00',NULL),(178,1,1,54000.00,54000.00,'momo','dine_in','Cool','paid','2025-10-23 01:15:00','2025-10-23 01:20:00',NULL),(179,2,2,87000.00,87000.00,'card','dine_in','Cool','paid','2025-10-23 05:30:00','2025-10-23 05:35:00',NULL),(180,3,3,104000.00,104000.00,'cash','dine_in','Cool','paid','2025-10-23 12:10:00','2025-10-23 12:18:00',NULL),(181,1,1,89000.00,89000.00,'cash','dine_in','Sunny','paid','2025-10-24 01:15:00','2025-10-24 01:20:00',NULL),(182,2,2,142000.00,132000.00,'momo','take_away','Sunny','paid','2025-10-24 05:30:00','2025-10-24 05:35:00',NULL),(183,3,3,84000.00,84000.00,'card','dine_in','Sunny','paid','2025-10-24 12:10:00','2025-10-24 12:18:00',NULL),(184,1,1,54000.00,49000.00,'card','dine_in','Cloudy','paid','2025-10-25 01:15:00','2025-10-25 01:20:00',NULL),(185,2,2,87000.00,87000.00,'cash','dine_in','Cloudy','paid','2025-10-25 05:30:00','2025-10-25 05:35:00',NULL),(186,3,3,104000.00,104000.00,'momo','take_away','Cloudy','paid','2025-10-25 12:10:00','2025-10-25 12:18:00',NULL),(187,2,5,123000.00,123000.00,'momo','dine_in','Cloudy','paid','2025-10-25 09:20:00','2025-10-25 09:28:00',NULL),(188,1,1,89000.00,89000.00,'momo','dine_in','Rainy','paid','2025-10-26 01:15:00','2025-10-26 01:20:00',NULL),(189,2,2,87000.00,87000.00,'card','dine_in','Rainy','paid','2025-10-26 05:30:00','2025-10-26 05:35:00',NULL),(190,3,3,84000.00,84000.00,'cash','dine_in','Rainy','paid','2025-10-26 12:10:00','2025-10-26 12:18:00',NULL),(191,2,5,123000.00,115000.00,'momo','dine_in','Rainy','paid','2025-10-26 09:20:00','2025-10-26 09:28:00',NULL),(192,1,1,54000.00,54000.00,'cash','dine_in','Sunny','paid','2025-10-27 01:15:00','2025-10-27 01:20:00',NULL),(193,2,2,142000.00,142000.00,'momo','dine_in','Sunny','paid','2025-10-27 05:30:00','2025-10-27 05:35:00',NULL),(194,3,3,104000.00,104000.00,'card','dine_in','Sunny','paid','2025-10-27 12:10:00','2025-10-27 12:18:00',NULL),(195,1,1,89000.00,89000.00,'card','dine_in','Cloudy','paid','2025-10-28 01:15:00','2025-10-28 01:20:00',NULL),(196,2,2,87000.00,87000.00,'cash','take_away','Cloudy','paid','2025-10-28 05:30:00','2025-10-28 05:35:00',NULL),(197,3,3,84000.00,77000.00,'momo','dine_in','Cloudy','paid','2025-10-28 12:10:00','2025-10-28 12:18:00',NULL),(198,1,1,54000.00,54000.00,'momo','dine_in','Rainy','paid','2025-10-29 01:15:00','2025-10-29 01:20:00',NULL),(199,2,2,87000.00,87000.00,'card','dine_in','Rainy','paid','2025-10-29 05:30:00','2025-10-29 05:35:00',NULL),(200,3,3,104000.00,104000.00,'cash','dine_in','Rainy','paid','2025-10-29 12:10:00','2025-10-29 12:18:00',NULL),(201,1,1,89000.00,84000.00,'cash','dine_in','Cool','paid','2025-10-30 01:15:00','2025-10-30 01:20:00',NULL),(202,2,2,142000.00,132000.00,'momo','dine_in','Cool','paid','2025-10-30 05:30:00','2025-10-30 05:35:00',NULL),(203,3,3,84000.00,84000.00,'card','take_away','Cool','paid','2025-10-30 12:10:00','2025-10-30 12:18:00',NULL),(204,1,1,54000.00,54000.00,'card','dine_in','Sunny','paid','2025-10-31 01:15:00','2025-10-31 01:20:00',NULL),(205,2,2,87000.00,87000.00,'cash','dine_in','Sunny','paid','2025-10-31 05:30:00','2025-10-31 05:35:00',NULL),(206,3,3,104000.00,104000.00,'momo','dine_in','Sunny','paid','2025-10-31 12:10:00','2025-10-31 12:18:00',NULL),(207,1,1,54000.00,54000.00,'card','dine_in','Cloudy','paid','2025-11-01 01:15:00','2025-11-01 01:20:00',NULL),(208,2,2,87000.00,87000.00,'cash','dine_in','Cloudy','paid','2025-11-01 05:30:00','2025-11-01 05:35:00',NULL),(209,3,3,104000.00,104000.00,'momo','dine_in','Cloudy','paid','2025-11-01 12:10:00','2025-11-01 12:18:00',NULL),(210,2,5,123000.00,123000.00,'momo','dine_in','Cloudy','paid','2025-11-01 09:20:00','2025-11-01 09:28:00',NULL),(211,1,1,89000.00,89000.00,'momo','dine_in','Rainy','paid','2025-11-02 01:15:00','2025-11-02 01:20:00',NULL),(212,2,2,87000.00,87000.00,'card','dine_in','Rainy','paid','2025-11-02 05:30:00','2025-11-02 05:35:00',NULL),(213,3,3,84000.00,84000.00,'cash','dine_in','Rainy','paid','2025-11-02 12:10:00','2025-11-02 12:18:00',NULL),(214,2,5,123000.00,115000.00,'momo','dine_in','Rainy','paid','2025-11-02 09:20:00','2025-11-02 09:28:00',NULL),(215,1,1,54000.00,54000.00,'cash','dine_in','Sunny','paid','2025-11-03 01:15:00','2025-11-03 01:20:00',NULL),(216,2,2,142000.00,142000.00,'momo','dine_in','Sunny','paid','2025-11-03 05:30:00','2025-11-03 05:35:00',NULL),(217,3,3,104000.00,104000.00,'card','dine_in','Sunny','paid','2025-11-03 12:10:00','2025-11-03 12:18:00',NULL),(218,1,1,89000.00,89000.00,'card','dine_in','Cloudy','paid','2025-11-04 01:15:00','2025-11-04 01:20:00',NULL),(219,2,2,87000.00,87000.00,'cash','take_away','Cloudy','paid','2025-11-04 05:30:00','2025-11-04 05:35:00',NULL),(220,3,3,84000.00,84000.00,'momo','dine_in','Cloudy','paid','2025-11-04 12:10:00','2025-11-04 12:18:00',NULL),(221,1,1,54000.00,49000.00,'momo','dine_in','Rainy','paid','2025-11-05 01:15:00','2025-11-05 01:20:00',NULL),(222,2,2,87000.00,87000.00,'card','dine_in','Rainy','paid','2025-11-05 05:30:00','2025-11-05 05:35:00',NULL),(223,3,3,104000.00,104000.00,'cash','take_away','Rainy','paid','2025-11-05 12:10:00','2025-11-05 12:18:00',NULL),(224,1,1,89000.00,89000.00,'cash','dine_in','Cool','paid','2025-11-06 01:15:00','2025-11-06 01:20:00',NULL),(225,2,2,142000.00,132000.00,'momo','dine_in','Cool','paid','2025-11-06 05:30:00','2025-11-06 05:35:00',NULL),(226,3,3,84000.00,84000.00,'card','dine_in','Cool','paid','2025-11-06 12:10:00','2025-11-06 12:18:00',NULL),(227,1,1,54000.00,54000.00,'card','dine_in','Sunny','paid','2025-11-07 01:15:00','2025-11-07 01:20:00',NULL),(228,2,2,87000.00,87000.00,'cash','dine_in','Sunny','paid','2025-11-07 05:30:00','2025-11-07 05:35:00',NULL),(229,3,3,104000.00,97000.00,'momo','dine_in','Sunny','paid','2025-11-07 12:10:00','2025-11-07 12:18:00',NULL),(230,1,1,89000.00,89000.00,'momo','dine_in','Cloudy','paid','2025-11-08 01:15:00','2025-11-08 01:20:00',NULL),(231,2,2,87000.00,87000.00,'card','take_away','Cloudy','paid','2025-11-08 05:30:00','2025-11-08 05:35:00',NULL),(232,3,3,84000.00,84000.00,'cash','dine_in','Cloudy','paid','2025-11-08 12:10:00','2025-11-08 12:18:00',NULL),(233,2,5,123000.00,123000.00,'momo','dine_in','Cloudy','paid','2025-11-08 09:20:00','2025-11-08 09:28:00',NULL),(234,1,1,54000.00,54000.00,'cash','dine_in','Rainy','paid','2025-11-09 01:15:00','2025-11-09 01:20:00',NULL),(235,2,2,142000.00,142000.00,'momo','dine_in','Rainy','paid','2025-11-09 05:30:00','2025-11-09 05:35:00',NULL),(236,3,3,104000.00,104000.00,'card','dine_in','Rainy','paid','2025-11-09 12:10:00','2025-11-09 12:18:00',NULL),(237,2,5,123000.00,115000.00,'momo','dine_in','Rainy','paid','2025-11-09 09:20:00','2025-11-09 09:28:00',NULL),(238,1,1,89000.00,84000.00,'card','dine_in','Sunny','paid','2025-11-10 01:15:00','2025-11-10 01:20:00',NULL),(239,2,2,87000.00,87000.00,'cash','dine_in','Sunny','paid','2025-11-10 05:30:00','2025-11-10 05:35:00',NULL),(240,3,3,84000.00,84000.00,'momo','take_away','Sunny','paid','2025-11-10 12:10:00','2025-11-10 12:18:00',NULL),(241,1,1,54000.00,54000.00,'momo','dine_in','Cloudy','paid','2025-11-11 01:15:00','2025-11-11 01:20:00',NULL),(242,2,2,87000.00,87000.00,'card','dine_in','Cloudy','paid','2025-11-11 05:30:00','2025-11-11 05:35:00',NULL),(243,3,3,104000.00,104000.00,'cash','dine_in','Cloudy','paid','2025-11-11 12:10:00','2025-11-11 12:18:00',NULL),(244,1,1,89000.00,89000.00,'cash','dine_in','Rainy','paid','2025-11-12 01:15:00','2025-11-12 01:20:00',NULL),(245,2,2,142000.00,132000.00,'momo','take_away','Rainy','paid','2025-11-12 05:30:00','2025-11-12 05:35:00',NULL),(246,3,3,84000.00,84000.00,'card','dine_in','Rainy','paid','2025-11-12 12:10:00','2025-11-12 12:18:00',NULL),(247,1,1,54000.00,54000.00,'card','dine_in','Cool','paid','2025-11-13 01:15:00','2025-11-13 01:20:00',NULL),(248,2,2,87000.00,87000.00,'cash','dine_in','Cool','paid','2025-11-13 05:30:00','2025-11-13 05:35:00',NULL),(249,3,3,104000.00,104000.00,'momo','dine_in','Cool','paid','2025-11-13 12:10:00','2025-11-13 12:18:00',NULL),(250,1,1,89000.00,89000.00,'momo','dine_in','Sunny','paid','2025-11-14 01:15:00','2025-11-14 01:20:00',NULL),(251,2,2,87000.00,87000.00,'card','dine_in','Sunny','paid','2025-11-14 05:30:00','2025-11-14 05:35:00',NULL),(252,3,3,84000.00,77000.00,'cash','dine_in','Sunny','paid','2025-11-14 12:10:00','2025-11-14 12:18:00',NULL),(253,1,1,54000.00,49000.00,'cash','dine_in','Cloudy','paid','2025-11-15 01:15:00','2025-11-15 01:20:00',NULL),(254,2,2,142000.00,142000.00,'momo','dine_in','Cloudy','paid','2025-11-15 05:30:00','2025-11-15 05:35:00',NULL),(255,3,3,104000.00,104000.00,'card','take_away','Cloudy','paid','2025-11-15 12:10:00','2025-11-15 12:18:00',NULL),(256,2,5,123000.00,123000.00,'momo','dine_in','Cloudy','paid','2025-11-15 09:20:00','2025-11-15 09:28:00',NULL),(257,1,1,89000.00,89000.00,'card','dine_in','Rainy','paid','2025-11-16 01:15:00','2025-11-16 01:20:00',NULL),(258,2,2,87000.00,87000.00,'cash','take_away','Rainy','paid','2025-11-16 05:30:00','2025-11-16 05:35:00',NULL),(259,3,3,84000.00,84000.00,'momo','dine_in','Rainy','paid','2025-11-16 12:10:00','2025-11-16 12:18:00',NULL),(260,2,5,123000.00,115000.00,'momo','dine_in','Rainy','paid','2025-11-16 09:20:00','2025-11-16 09:28:00',NULL),(261,1,1,54000.00,54000.00,'momo','dine_in','Sunny','paid','2025-11-17 01:15:00','2025-11-17 01:20:00',NULL),(262,2,2,87000.00,87000.00,'card','dine_in','Sunny','paid','2025-11-17 05:30:00','2025-11-17 05:35:00',NULL),(263,3,3,104000.00,104000.00,'cash','dine_in','Sunny','paid','2025-11-17 12:10:00','2025-11-17 12:18:00',NULL),(264,1,1,89000.00,89000.00,'cash','dine_in','Cloudy','paid','2025-11-18 01:15:00','2025-11-18 01:20:00',NULL),(265,2,2,142000.00,132000.00,'momo','dine_in','Cloudy','paid','2025-11-18 05:30:00','2025-11-18 05:35:00',NULL),(266,3,3,84000.00,84000.00,'card','dine_in','Cloudy','paid','2025-11-18 12:10:00','2025-11-18 12:18:00',NULL),(267,1,1,54000.00,54000.00,'card','dine_in','Rainy','paid','2025-11-19 01:15:00','2025-11-19 01:20:00',NULL),(268,2,2,87000.00,87000.00,'cash','dine_in','Rainy','paid','2025-11-19 05:30:00','2025-11-19 05:35:00',NULL),(269,3,3,104000.00,104000.00,'momo','dine_in','Rainy','paid','2025-11-19 12:10:00','2025-11-19 12:18:00',NULL),(270,1,1,89000.00,84000.00,'momo','dine_in','Cool','paid','2025-11-20 01:15:00','2025-11-20 01:20:00',NULL),(271,2,2,87000.00,87000.00,'card','take_away','Cool','paid','2025-11-20 05:30:00','2025-11-20 05:35:00',NULL),(272,3,3,84000.00,84000.00,'cash','take_away','Cool','paid','2025-11-20 12:10:00','2025-11-20 12:18:00',NULL),(273,1,1,54000.00,54000.00,'cash','dine_in','Sunny','paid','2025-11-21 01:15:00','2025-11-21 01:20:00',NULL),(274,2,2,142000.00,142000.00,'momo','dine_in','Sunny','paid','2025-11-21 05:30:00','2025-11-21 05:35:00',NULL),(275,3,3,104000.00,97000.00,'card','dine_in','Sunny','paid','2025-11-21 12:10:00','2025-11-21 12:18:00',NULL),(276,1,1,89000.00,89000.00,'card','dine_in','Cloudy','paid','2025-11-22 01:15:00','2025-11-22 01:20:00',NULL),(277,2,2,87000.00,87000.00,'cash','dine_in','Cloudy','paid','2025-11-22 05:30:00','2025-11-22 05:35:00',NULL),(278,3,3,84000.00,84000.00,'momo','dine_in','Cloudy','paid','2025-11-22 12:10:00','2025-11-22 12:18:00',NULL),(279,2,5,123000.00,123000.00,'momo','dine_in','Cloudy','paid','2025-11-22 09:20:00','2025-11-22 09:28:00',NULL),(280,1,1,54000.00,54000.00,'momo','dine_in','Rainy','paid','2025-11-23 01:15:00','2025-11-23 01:20:00',NULL),(281,2,2,87000.00,87000.00,'card','dine_in','Rainy','paid','2025-11-23 05:30:00','2025-11-23 05:35:00',NULL),(282,3,3,104000.00,104000.00,'cash','dine_in','Rainy','paid','2025-11-23 12:10:00','2025-11-23 12:18:00',NULL),(283,2,5,123000.00,115000.00,'momo','dine_in','Rainy','paid','2025-11-23 09:20:00','2025-11-23 09:28:00',NULL),(284,1,1,89000.00,89000.00,'cash','dine_in','Sunny','paid','2025-11-24 01:15:00','2025-11-24 01:20:00',NULL),(285,2,2,142000.00,132000.00,'momo','take_away','Sunny','paid','2025-11-24 05:30:00','2025-11-24 05:35:00',NULL),(286,3,3,84000.00,84000.00,'card','dine_in','Sunny','paid','2025-11-24 12:10:00','2025-11-24 12:18:00',NULL),(287,1,1,54000.00,49000.00,'card','dine_in','Cloudy','paid','2025-11-25 01:15:00','2025-11-25 01:20:00',NULL),(288,2,2,87000.00,87000.00,'cash','dine_in','Cloudy','paid','2025-11-25 05:30:00','2025-11-25 05:35:00',NULL),(289,3,3,104000.00,104000.00,'momo','take_away','Cloudy','paid','2025-11-25 12:10:00','2025-11-25 12:18:00',NULL),(290,1,1,89000.00,89000.00,'momo','dine_in','Rainy','paid','2025-11-26 01:15:00','2025-11-26 01:20:00',NULL),(291,2,2,87000.00,87000.00,'card','dine_in','Rainy','paid','2025-11-26 05:30:00','2025-11-26 05:35:00',NULL),(292,3,3,84000.00,84000.00,'cash','dine_in','Rainy','paid','2025-11-26 12:10:00','2025-11-26 12:18:00',NULL),(293,1,1,54000.00,54000.00,'cash','dine_in','Cool','paid','2025-11-27 01:15:00','2025-11-27 01:20:00',NULL),(294,2,2,142000.00,142000.00,'momo','dine_in','Cool','paid','2025-11-27 05:30:00','2025-11-27 05:35:00',NULL),(295,3,3,104000.00,104000.00,'card','dine_in','Cool','paid','2025-11-27 12:10:00','2025-11-27 12:18:00',NULL),(296,1,1,89000.00,89000.00,'card','dine_in','Sunny','paid','2025-11-28 01:15:00','2025-11-28 01:20:00',NULL),(297,2,2,87000.00,87000.00,'cash','take_away','Sunny','paid','2025-11-28 05:30:00','2025-11-28 05:35:00',NULL),(298,3,3,84000.00,77000.00,'momo','dine_in','Sunny','paid','2025-11-28 12:10:00','2025-11-28 12:18:00',NULL),(299,1,1,54000.00,54000.00,'momo','dine_in','Cloudy','paid','2025-11-29 01:15:00','2025-11-29 01:20:00',NULL),(300,2,2,87000.00,87000.00,'card','dine_in','Cloudy','paid','2025-11-29 05:30:00','2025-11-29 05:35:00',NULL),(301,3,3,104000.00,104000.00,'cash','dine_in','Cloudy','paid','2025-11-29 12:10:00','2025-11-29 12:18:00',NULL),(302,2,5,123000.00,123000.00,'momo','dine_in','Cloudy','paid','2025-11-29 09:20:00','2025-11-29 09:28:00',NULL),(303,1,1,89000.00,84000.00,'cash','dine_in','Rainy','paid','2025-11-30 01:15:00','2025-11-30 01:20:00',NULL),(304,2,2,142000.00,132000.00,'momo','dine_in','Rainy','paid','2025-11-30 05:30:00','2025-11-30 05:35:00',NULL),(305,3,3,84000.00,84000.00,'card','take_away','Rainy','paid','2025-11-30 12:10:00','2025-11-30 12:18:00',NULL),(306,2,5,123000.00,115000.00,'momo','dine_in','Rainy','paid','2025-11-30 09:20:00','2025-11-30 09:28:00',NULL),(307,1,1,54000.00,54000.00,'card','dine_in','Sunny','paid','2025-12-01 01:15:00','2025-12-01 01:20:00',NULL),(308,2,2,87000.00,87000.00,'cash','dine_in','Sunny','paid','2025-12-01 05:30:00','2025-12-01 05:35:00',NULL),(309,3,3,104000.00,104000.00,'momo','dine_in','Sunny','paid','2025-12-01 12:10:00','2025-12-01 12:18:00',NULL),(310,1,1,89000.00,89000.00,'momo','dine_in','Cloudy','paid','2025-12-02 01:15:00','2025-12-02 01:20:00',NULL),(311,2,2,87000.00,87000.00,'card','dine_in','Cloudy','paid','2025-12-02 05:30:00','2025-12-02 05:35:00',NULL),(312,3,3,84000.00,84000.00,'cash','dine_in','Cloudy','paid','2025-12-02 12:10:00','2025-12-02 12:18:00',NULL),(313,1,1,54000.00,54000.00,'cash','dine_in','Rainy','paid','2025-12-03 01:15:00','2025-12-03 01:20:00',NULL),(314,2,2,142000.00,142000.00,'momo','dine_in','Rainy','paid','2025-12-03 05:30:00','2025-12-03 05:35:00',NULL),(315,3,3,104000.00,104000.00,'card','dine_in','Rainy','paid','2025-12-03 12:10:00','2025-12-03 12:18:00',NULL),(316,1,1,89000.00,89000.00,'card','dine_in','Cool','paid','2025-12-04 01:15:00','2025-12-04 01:20:00',NULL),(317,2,2,87000.00,87000.00,'cash','take_away','Cool','paid','2025-12-04 05:30:00','2025-12-04 05:35:00',NULL),(318,3,3,84000.00,84000.00,'momo','dine_in','Cool','paid','2025-12-04 12:10:00','2025-12-04 12:18:00',NULL),(319,1,1,54000.00,49000.00,'momo','dine_in','Sunny','paid','2025-12-05 01:15:00','2025-12-05 01:20:00',NULL),(320,2,2,87000.00,87000.00,'card','dine_in','Sunny','paid','2025-12-05 05:30:00','2025-12-05 05:35:00',NULL),(321,3,3,104000.00,104000.00,'cash','take_away','Sunny','paid','2025-12-05 12:10:00','2025-12-05 12:18:00',NULL),(322,1,1,89000.00,89000.00,'cash','dine_in','Cloudy','paid','2025-12-06 01:15:00','2025-12-06 01:20:00',NULL),(323,2,2,142000.00,132000.00,'momo','dine_in','Cloudy','paid','2025-12-06 05:30:00','2025-12-06 05:35:00',NULL),(324,3,3,84000.00,84000.00,'card','dine_in','Cloudy','paid','2025-12-06 12:10:00','2025-12-06 12:18:00',NULL),(325,2,5,123000.00,123000.00,'momo','dine_in','Cloudy','paid','2025-12-06 09:20:00','2025-12-06 09:28:00',NULL),(326,1,1,54000.00,54000.00,'card','dine_in','Rainy','paid','2025-12-07 01:15:00','2025-12-07 01:20:00',NULL),(327,2,2,87000.00,87000.00,'cash','dine_in','Rainy','paid','2025-12-07 05:30:00','2025-12-07 05:35:00',NULL),(328,3,3,104000.00,97000.00,'momo','dine_in','Rainy','paid','2025-12-07 12:10:00','2025-12-07 12:18:00',NULL),(329,2,5,123000.00,115000.00,'momo','dine_in','Rainy','paid','2025-12-07 09:20:00','2025-12-07 09:28:00',NULL),(330,1,1,89000.00,89000.00,'momo','dine_in','Sunny','paid','2025-12-08 01:15:00','2025-12-08 01:20:00',NULL),(331,2,2,87000.00,87000.00,'card','take_away','Sunny','paid','2025-12-08 05:30:00','2025-12-08 05:35:00',NULL),(332,3,3,84000.00,84000.00,'cash','dine_in','Sunny','paid','2025-12-08 12:10:00','2025-12-08 12:18:00',NULL),(333,1,1,54000.00,54000.00,'cash','dine_in','Cloudy','paid','2025-12-09 01:15:00','2025-12-09 01:20:00',NULL),(334,2,2,142000.00,142000.00,'momo','dine_in','Cloudy','paid','2025-12-09 05:30:00','2025-12-09 05:35:00',NULL),(335,3,3,104000.00,104000.00,'card','dine_in','Cloudy','paid','2025-12-09 12:10:00','2025-12-09 12:18:00',NULL),(336,1,1,89000.00,84000.00,'card','dine_in','Rainy','paid','2025-12-10 01:15:00','2025-12-10 01:20:00',NULL),(337,2,2,87000.00,87000.00,'cash','dine_in','Rainy','paid','2025-12-10 05:30:00','2025-12-10 05:35:00',NULL),(338,3,3,84000.00,84000.00,'momo','take_away','Rainy','paid','2025-12-10 12:10:00','2025-12-10 12:18:00',NULL),(339,1,1,54000.00,54000.00,'momo','dine_in','Cool','paid','2025-12-11 01:15:00','2025-12-11 01:20:00',NULL),(340,2,2,87000.00,87000.00,'card','dine_in','Cool','paid','2025-12-11 05:30:00','2025-12-11 05:35:00',NULL),(341,3,3,104000.00,104000.00,'cash','dine_in','Cool','paid','2025-12-11 12:10:00','2025-12-11 12:18:00',NULL),(342,1,1,89000.00,89000.00,'cash','dine_in','Sunny','paid','2025-12-12 01:15:00','2025-12-12 01:20:00',NULL),(343,2,2,142000.00,132000.00,'momo','take_away','Sunny','paid','2025-12-12 05:30:00','2025-12-12 05:35:00',NULL),(344,3,3,84000.00,84000.00,'card','dine_in','Sunny','paid','2025-12-12 12:10:00','2025-12-12 12:18:00',NULL),(345,1,1,54000.00,54000.00,'card','dine_in','Cloudy','paid','2025-12-13 01:15:00','2025-12-13 01:20:00',NULL),(346,2,2,87000.00,87000.00,'cash','dine_in','Cloudy','paid','2025-12-13 05:30:00','2025-12-13 05:35:00',NULL),(347,3,3,104000.00,104000.00,'momo','dine_in','Cloudy','paid','2025-12-13 12:10:00','2025-12-13 12:18:00',NULL),(348,2,5,123000.00,123000.00,'momo','dine_in','Cloudy','paid','2025-12-13 09:20:00','2025-12-13 09:28:00',NULL),(349,1,1,89000.00,89000.00,'momo','dine_in','Rainy','paid','2025-12-14 01:15:00','2025-12-14 01:20:00',NULL),(350,2,2,87000.00,87000.00,'card','dine_in','Rainy','paid','2025-12-14 05:30:00','2025-12-14 05:35:00',NULL),(351,3,3,84000.00,77000.00,'cash','dine_in','Rainy','paid','2025-12-14 12:10:00','2025-12-14 12:18:00',NULL),(352,2,5,123000.00,115000.00,'momo','dine_in','Rainy','paid','2025-12-14 09:20:00','2025-12-14 09:28:00',NULL),(353,1,1,54000.00,49000.00,'cash','dine_in','Sunny','paid','2025-12-15 01:15:00','2025-12-15 01:20:00',NULL),(354,2,2,142000.00,142000.00,'momo','dine_in','Sunny','paid','2025-12-15 05:30:00','2025-12-15 05:35:00',NULL),(355,3,3,104000.00,104000.00,'card','take_away','Sunny','paid','2025-12-15 12:10:00','2025-12-15 12:18:00',NULL),(356,1,1,89000.00,89000.00,'card','dine_in','Cloudy','paid','2025-12-16 01:15:00','2025-12-16 01:20:00',NULL),(357,2,2,87000.00,87000.00,'cash','take_away','Cloudy','paid','2025-12-16 05:30:00','2025-12-16 05:35:00',NULL),(358,3,3,84000.00,84000.00,'momo','dine_in','Cloudy','paid','2025-12-16 12:10:00','2025-12-16 12:18:00',NULL),(359,1,1,54000.00,54000.00,'momo','dine_in','Rainy','paid','2025-12-17 01:15:00','2025-12-17 01:20:00',NULL),(360,2,2,87000.00,87000.00,'card','dine_in','Rainy','paid','2025-12-17 05:30:00','2025-12-17 05:35:00',NULL),(361,3,3,104000.00,104000.00,'cash','dine_in','Rainy','paid','2025-12-17 12:10:00','2025-12-17 12:18:00',NULL),(362,1,1,89000.00,89000.00,'cash','dine_in','Cool','paid','2025-12-18 01:15:00','2025-12-18 01:20:00',NULL),(363,2,2,142000.00,132000.00,'momo','dine_in','Cool','paid','2025-12-18 05:30:00','2025-12-18 05:35:00',NULL),(364,3,3,84000.00,84000.00,'card','dine_in','Cool','paid','2025-12-18 12:10:00','2025-12-18 12:18:00',NULL),(365,1,1,54000.00,54000.00,'card','dine_in','Sunny','paid','2025-12-19 01:15:00','2025-12-19 01:20:00',NULL),(366,2,2,87000.00,87000.00,'cash','dine_in','Sunny','paid','2025-12-19 05:30:00','2025-12-19 05:35:00',NULL),(367,3,3,104000.00,104000.00,'momo','dine_in','Sunny','paid','2025-12-19 12:10:00','2025-12-19 12:18:00',NULL),(368,1,1,89000.00,84000.00,'momo','dine_in','Cloudy','paid','2025-12-20 01:15:00','2025-12-20 01:20:00',NULL),(369,2,2,87000.00,87000.00,'card','take_away','Cloudy','paid','2025-12-20 05:30:00','2025-12-20 05:35:00',NULL),(370,3,3,84000.00,84000.00,'cash','take_away','Cloudy','paid','2025-12-20 12:10:00','2025-12-20 12:18:00',NULL),(371,2,5,123000.00,123000.00,'momo','dine_in','Cloudy','paid','2025-12-20 09:20:00','2025-12-20 09:28:00',NULL),(372,1,1,54000.00,54000.00,'cash','dine_in','Rainy','paid','2025-12-21 01:15:00','2025-12-21 01:20:00',NULL),(373,2,2,142000.00,142000.00,'momo','dine_in','Rainy','paid','2025-12-21 05:30:00','2025-12-21 05:35:00',NULL),(374,3,3,104000.00,97000.00,'card','dine_in','Rainy','paid','2025-12-21 12:10:00','2025-12-21 12:18:00',NULL),(375,2,5,123000.00,115000.00,'momo','dine_in','Rainy','paid','2025-12-21 09:20:00','2025-12-21 09:28:00',NULL),(376,1,1,89000.00,89000.00,'card','dine_in','Sunny','paid','2025-12-22 01:15:00','2025-12-22 01:20:00',NULL),(377,2,2,87000.00,87000.00,'cash','dine_in','Sunny','paid','2025-12-22 05:30:00','2025-12-22 05:35:00',NULL),(378,3,3,84000.00,84000.00,'momo','dine_in','Sunny','paid','2025-12-22 12:10:00','2025-12-22 12:18:00',NULL),(379,1,1,54000.00,54000.00,'momo','dine_in','Cloudy','paid','2025-12-23 01:15:00','2025-12-23 01:20:00',NULL),(380,2,2,87000.00,87000.00,'card','dine_in','Cloudy','paid','2025-12-23 05:30:00','2025-12-23 05:35:00',NULL),(381,3,3,104000.00,104000.00,'cash','dine_in','Cloudy','paid','2025-12-23 12:10:00','2025-12-23 12:18:00',NULL),(382,1,1,89000.00,89000.00,'cash','dine_in','Rainy','paid','2025-12-24 01:15:00','2025-12-24 01:20:00',NULL),(383,2,2,142000.00,132000.00,'momo','take_away','Rainy','paid','2025-12-24 05:30:00','2025-12-24 05:35:00',NULL),(384,3,3,84000.00,84000.00,'card','dine_in','Rainy','paid','2025-12-24 12:10:00','2025-12-24 12:18:00',NULL),(385,1,1,54000.00,49000.00,'card','dine_in','Cool','paid','2025-12-25 01:15:00','2025-12-25 01:20:00',NULL),(386,2,2,87000.00,87000.00,'cash','dine_in','Cool','paid','2025-12-25 05:30:00','2025-12-25 05:35:00',NULL),(387,3,3,104000.00,104000.00,'momo','take_away','Cool','paid','2025-12-25 12:10:00','2025-12-25 12:18:00',NULL),(388,1,1,89000.00,89000.00,'momo','dine_in','Sunny','paid','2025-12-26 01:15:00','2025-12-26 01:20:00',NULL),(389,2,2,87000.00,87000.00,'card','dine_in','Sunny','paid','2025-12-26 05:30:00','2025-12-26 05:35:00',NULL),(390,3,3,84000.00,84000.00,'cash','dine_in','Sunny','paid','2025-12-26 12:10:00','2025-12-26 12:18:00',NULL),(391,1,1,54000.00,54000.00,'cash','dine_in','Cloudy','paid','2025-12-27 01:15:00','2025-12-27 01:20:00',NULL),(392,2,2,142000.00,142000.00,'momo','dine_in','Cloudy','paid','2025-12-27 05:30:00','2025-12-27 05:35:00',NULL),(393,3,3,104000.00,104000.00,'card','dine_in','Cloudy','paid','2025-12-27 12:10:00','2025-12-27 12:18:00',NULL),(394,2,5,123000.00,123000.00,'momo','dine_in','Cloudy','paid','2025-12-27 09:20:00','2025-12-27 09:28:00',NULL),(395,1,1,89000.00,89000.00,'card','dine_in','Rainy','paid','2025-12-28 01:15:00','2025-12-28 01:20:00',NULL),(396,2,2,87000.00,87000.00,'cash','take_away','Rainy','paid','2025-12-28 05:30:00','2025-12-28 05:35:00',NULL),(397,3,3,84000.00,77000.00,'momo','dine_in','Rainy','paid','2025-12-28 12:10:00','2025-12-28 12:18:00',NULL),(398,2,5,123000.00,115000.00,'momo','dine_in','Rainy','paid','2025-12-28 09:20:00','2025-12-28 09:28:00',NULL),(399,1,1,54000.00,54000.00,'momo','dine_in','Sunny','paid','2025-12-29 01:15:00','2025-12-29 01:20:00',NULL),(400,2,2,87000.00,87000.00,'card','dine_in','Sunny','paid','2025-12-29 05:30:00','2025-12-29 05:35:00',NULL),(401,3,3,104000.00,104000.00,'cash','dine_in','Sunny','paid','2025-12-29 12:10:00','2025-12-29 12:18:00',NULL),(402,1,1,89000.00,84000.00,'cash','dine_in','Cloudy','paid','2025-12-30 01:15:00','2025-12-30 01:20:00',NULL),(403,2,2,142000.00,132000.00,'momo','dine_in','Cloudy','paid','2025-12-30 05:30:00','2025-12-30 05:35:00',NULL),(404,3,3,84000.00,84000.00,'card','take_away','Cloudy','paid','2025-12-30 12:10:00','2025-12-30 12:18:00',NULL),(405,1,1,54000.00,54000.00,'card','dine_in','Rainy','paid','2025-12-31 01:15:00','2025-12-31 01:20:00',NULL),(406,2,2,87000.00,87000.00,'cash','dine_in','Rainy','paid','2025-12-31 05:30:00','2025-12-31 05:35:00',NULL),(407,3,3,104000.00,104000.00,'momo','dine_in','Rainy','paid','2025-12-31 12:10:00','2025-12-31 12:18:00',NULL),(408,1,1,54000.00,54000.00,'card','dine_in','Cool','paid','2026-01-01 01:15:00','2026-01-01 01:20:00',NULL),(409,2,2,87000.00,87000.00,'cash','dine_in','Cool','paid','2026-01-01 05:30:00','2026-01-01 05:35:00',NULL),(410,3,3,104000.00,104000.00,'momo','dine_in','Cool','paid','2026-01-01 12:10:00','2026-01-01 12:18:00',NULL),(411,1,1,89000.00,89000.00,'momo','dine_in','Sunny','paid','2026-01-02 01:15:00','2026-01-02 01:20:00',NULL),(412,2,2,87000.00,87000.00,'card','dine_in','Sunny','paid','2026-01-02 05:30:00','2026-01-02 05:35:00',NULL),(413,3,3,84000.00,84000.00,'cash','dine_in','Sunny','paid','2026-01-02 12:10:00','2026-01-02 12:18:00',NULL),(414,1,1,54000.00,54000.00,'cash','dine_in','Cloudy','paid','2026-01-03 01:15:00','2026-01-03 01:20:00',NULL),(415,2,2,142000.00,142000.00,'momo','dine_in','Cloudy','paid','2026-01-03 05:30:00','2026-01-03 05:35:00',NULL),(416,3,3,104000.00,104000.00,'card','dine_in','Cloudy','paid','2026-01-03 12:10:00','2026-01-03 12:18:00',NULL),(417,2,5,123000.00,123000.00,'momo','dine_in','Cloudy','paid','2026-01-03 09:20:00','2026-01-03 09:28:00',NULL),(418,1,1,89000.00,89000.00,'card','dine_in','Rainy','paid','2026-01-04 01:15:00','2026-01-04 01:20:00',NULL),(419,2,2,87000.00,87000.00,'cash','take_away','Rainy','paid','2026-01-04 05:30:00','2026-01-04 05:35:00',NULL),(420,3,3,84000.00,84000.00,'momo','dine_in','Rainy','paid','2026-01-04 12:10:00','2026-01-04 12:18:00',NULL),(421,2,5,123000.00,115000.00,'momo','dine_in','Rainy','paid','2026-01-04 09:20:00','2026-01-04 09:28:00',NULL),(422,1,1,54000.00,49000.00,'momo','dine_in','Sunny','paid','2026-01-05 01:15:00','2026-01-05 01:20:00',NULL),(423,2,2,87000.00,87000.00,'card','dine_in','Sunny','paid','2026-01-05 05:30:00','2026-01-05 05:35:00',NULL),(424,3,3,104000.00,104000.00,'cash','take_away','Sunny','paid','2026-01-05 12:10:00','2026-01-05 12:18:00',NULL),(425,1,1,89000.00,89000.00,'cash','dine_in','Cloudy','paid','2026-01-06 01:15:00','2026-01-06 01:20:00',NULL),(426,2,2,142000.00,132000.00,'momo','dine_in','Cloudy','paid','2026-01-06 05:30:00','2026-01-06 05:35:00',NULL),(427,3,3,84000.00,84000.00,'card','dine_in','Cloudy','paid','2026-01-06 12:10:00','2026-01-06 12:18:00',NULL),(428,1,1,54000.00,54000.00,'card','dine_in','Rainy','paid','2026-01-07 01:15:00','2026-01-07 01:20:00',NULL),(429,2,2,87000.00,87000.00,'cash','dine_in','Rainy','paid','2026-01-07 05:30:00','2026-01-07 05:35:00',NULL),(430,3,3,104000.00,97000.00,'momo','dine_in','Rainy','paid','2026-01-07 12:10:00','2026-01-07 12:18:00',NULL),(431,1,1,89000.00,89000.00,'momo','dine_in','Cool','paid','2026-01-08 01:15:00','2026-01-08 01:20:00',NULL),(432,2,2,87000.00,87000.00,'card','take_away','Cool','paid','2026-01-08 05:30:00','2026-01-08 05:35:00',NULL),(433,3,3,84000.00,84000.00,'cash','dine_in','Cool','paid','2026-01-08 12:10:00','2026-01-08 12:18:00',NULL),(434,1,1,54000.00,54000.00,'cash','dine_in','Sunny','paid','2026-01-09 01:15:00','2026-01-09 01:20:00',NULL),(435,2,2,142000.00,142000.00,'momo','dine_in','Sunny','paid','2026-01-09 05:30:00','2026-01-09 05:35:00',NULL),(436,3,3,104000.00,104000.00,'card','dine_in','Sunny','paid','2026-01-09 12:10:00','2026-01-09 12:18:00',NULL),(437,1,1,89000.00,84000.00,'card','dine_in','Cloudy','paid','2026-01-10 01:15:00','2026-01-10 01:20:00',NULL),(438,2,2,87000.00,87000.00,'cash','dine_in','Cloudy','paid','2026-01-10 05:30:00','2026-01-10 05:35:00',NULL),(439,3,3,84000.00,84000.00,'momo','take_away','Cloudy','paid','2026-01-10 12:10:00','2026-01-10 12:18:00',NULL),(440,2,5,123000.00,123000.00,'momo','dine_in','Cloudy','paid','2026-01-10 09:20:00','2026-01-10 09:28:00',NULL),(441,1,1,54000.00,54000.00,'momo','dine_in','Rainy','paid','2026-01-11 01:15:00','2026-01-11 01:20:00',NULL),(442,2,2,87000.00,87000.00,'card','dine_in','Rainy','paid','2026-01-11 05:30:00','2026-01-11 05:35:00',NULL),(443,3,3,104000.00,104000.00,'cash','dine_in','Rainy','paid','2026-01-11 12:10:00','2026-01-11 12:18:00',NULL),(444,2,5,123000.00,115000.00,'momo','dine_in','Rainy','paid','2026-01-11 09:20:00','2026-01-11 09:28:00',NULL),(445,1,1,89000.00,89000.00,'cash','dine_in','Sunny','paid','2026-01-12 01:15:00','2026-01-12 01:20:00',NULL),(446,2,2,142000.00,132000.00,'momo','take_away','Sunny','paid','2026-01-12 05:30:00','2026-01-12 05:35:00',NULL),(447,3,3,84000.00,84000.00,'card','dine_in','Sunny','paid','2026-01-12 12:10:00','2026-01-12 12:18:00',NULL),(448,1,1,54000.00,54000.00,'card','dine_in','Cloudy','paid','2026-01-13 01:15:00','2026-01-13 01:20:00',NULL),(449,2,2,87000.00,87000.00,'cash','dine_in','Cloudy','paid','2026-01-13 05:30:00','2026-01-13 05:35:00',NULL),(450,3,3,104000.00,104000.00,'momo','dine_in','Cloudy','paid','2026-01-13 12:10:00','2026-01-13 12:18:00',NULL),(451,1,1,89000.00,89000.00,'momo','dine_in','Rainy','paid','2026-01-14 01:15:00','2026-01-14 01:20:00',NULL),(452,2,2,87000.00,87000.00,'card','dine_in','Rainy','paid','2026-01-14 05:30:00','2026-01-14 05:35:00',NULL),(453,3,3,84000.00,77000.00,'cash','dine_in','Rainy','paid','2026-01-14 12:10:00','2026-01-14 12:18:00',NULL),(454,1,1,54000.00,49000.00,'cash','dine_in','Cool','paid','2026-01-15 01:15:00','2026-01-15 01:20:00',NULL),(455,2,2,142000.00,142000.00,'momo','dine_in','Cool','paid','2026-01-15 05:30:00','2026-01-15 05:35:00',NULL),(456,3,3,104000.00,104000.00,'card','take_away','Cool','paid','2026-01-15 12:10:00','2026-01-15 12:18:00',NULL),(457,1,1,89000.00,89000.00,'card','dine_in','Sunny','paid','2026-01-16 01:15:00','2026-01-16 01:20:00',NULL),(458,2,2,87000.00,87000.00,'cash','take_away','Sunny','paid','2026-01-16 05:30:00','2026-01-16 05:35:00',NULL),(459,3,3,84000.00,84000.00,'momo','dine_in','Sunny','paid','2026-01-16 12:10:00','2026-01-16 12:18:00',NULL),(460,1,1,54000.00,54000.00,'momo','dine_in','Cloudy','paid','2026-01-17 01:15:00','2026-01-17 01:20:00',NULL),(461,2,2,87000.00,87000.00,'card','dine_in','Cloudy','paid','2026-01-17 05:30:00','2026-01-17 05:35:00',NULL),(462,3,3,104000.00,104000.00,'cash','dine_in','Cloudy','paid','2026-01-17 12:10:00','2026-01-17 12:18:00',NULL),(463,2,5,123000.00,123000.00,'momo','dine_in','Cloudy','paid','2026-01-17 09:20:00','2026-01-17 09:28:00',NULL),(464,1,1,89000.00,89000.00,'cash','dine_in','Rainy','paid','2026-01-18 01:15:00','2026-01-18 01:20:00',NULL),(465,2,2,142000.00,132000.00,'momo','dine_in','Rainy','paid','2026-01-18 05:30:00','2026-01-18 05:35:00',NULL),(466,3,3,84000.00,84000.00,'card','dine_in','Rainy','paid','2026-01-18 12:10:00','2026-01-18 12:18:00',NULL),(467,2,5,123000.00,115000.00,'momo','dine_in','Rainy','paid','2026-01-18 09:20:00','2026-01-18 09:28:00',NULL),(468,1,1,54000.00,54000.00,'card','dine_in','Sunny','paid','2026-01-19 01:15:00','2026-01-19 01:20:00',NULL),(469,2,2,87000.00,87000.00,'cash','dine_in','Sunny','paid','2026-01-19 05:30:00','2026-01-19 05:35:00',NULL),(470,3,3,104000.00,104000.00,'momo','dine_in','Sunny','paid','2026-01-19 12:10:00','2026-01-19 12:18:00',NULL),(471,1,1,89000.00,84000.00,'momo','dine_in','Cloudy','paid','2026-01-20 01:15:00','2026-01-20 01:20:00',NULL),(472,2,2,87000.00,87000.00,'card','take_away','Cloudy','paid','2026-01-20 05:30:00','2026-01-20 05:35:00',NULL),(473,3,3,84000.00,84000.00,'cash','take_away','Cloudy','paid','2026-01-20 12:10:00','2026-01-20 12:18:00',NULL),(474,1,1,54000.00,54000.00,'cash','dine_in','Rainy','paid','2026-01-21 01:15:00','2026-01-21 01:20:00',NULL),(475,2,2,142000.00,142000.00,'momo','dine_in','Rainy','paid','2026-01-21 05:30:00','2026-01-21 05:35:00',NULL),(476,3,3,104000.00,97000.00,'card','dine_in','Rainy','paid','2026-01-21 12:10:00','2026-01-21 12:18:00',NULL),(477,1,1,89000.00,89000.00,'card','dine_in','Cool','paid','2026-01-22 01:15:00','2026-01-22 01:20:00',NULL),(478,2,2,87000.00,87000.00,'cash','dine_in','Cool','paid','2026-01-22 05:30:00','2026-01-22 05:35:00',NULL),(479,3,3,84000.00,84000.00,'momo','dine_in','Cool','paid','2026-01-22 12:10:00','2026-01-22 12:18:00',NULL),(480,1,1,54000.00,54000.00,'momo','dine_in','Sunny','paid','2026-01-23 01:15:00','2026-01-23 01:20:00',NULL),(481,2,2,87000.00,87000.00,'card','dine_in','Sunny','paid','2026-01-23 05:30:00','2026-01-23 05:35:00',NULL),(482,3,3,104000.00,104000.00,'cash','dine_in','Sunny','paid','2026-01-23 12:10:00','2026-01-23 12:18:00',NULL),(483,1,1,89000.00,89000.00,'cash','dine_in','Cloudy','paid','2026-01-24 01:15:00','2026-01-24 01:20:00',NULL),(484,2,2,142000.00,132000.00,'momo','take_away','Cloudy','paid','2026-01-24 05:30:00','2026-01-24 05:35:00',NULL),(485,3,3,84000.00,84000.00,'card','dine_in','Cloudy','paid','2026-01-24 12:10:00','2026-01-24 12:18:00',NULL),(486,2,5,123000.00,123000.00,'momo','dine_in','Cloudy','paid','2026-01-24 09:20:00','2026-01-24 09:28:00',NULL),(487,1,1,54000.00,49000.00,'card','dine_in','Rainy','paid','2026-01-25 01:15:00','2026-01-25 01:20:00',NULL),(488,2,2,87000.00,87000.00,'cash','dine_in','Rainy','paid','2026-01-25 05:30:00','2026-01-25 05:35:00',NULL),(489,3,3,104000.00,104000.00,'momo','take_away','Rainy','paid','2026-01-25 12:10:00','2026-01-25 12:18:00',NULL),(490,2,5,123000.00,115000.00,'momo','dine_in','Rainy','paid','2026-01-25 09:20:00','2026-01-25 09:28:00',NULL),(491,1,1,89000.00,89000.00,'momo','dine_in','Sunny','paid','2026-01-26 01:15:00','2026-01-26 01:20:00',NULL),(492,2,2,87000.00,87000.00,'card','dine_in','Sunny','paid','2026-01-26 05:30:00','2026-01-26 05:35:00',NULL),(493,3,3,84000.00,84000.00,'cash','dine_in','Sunny','paid','2026-01-26 12:10:00','2026-01-26 12:18:00',NULL),(494,1,1,54000.00,54000.00,'cash','dine_in','Cloudy','paid','2026-01-27 01:15:00','2026-01-27 01:20:00',NULL),(495,2,2,142000.00,142000.00,'momo','dine_in','Cloudy','paid','2026-01-27 05:30:00','2026-01-27 05:35:00',NULL),(496,3,3,104000.00,104000.00,'card','dine_in','Cloudy','paid','2026-01-27 12:10:00','2026-01-27 12:18:00',NULL),(497,1,1,89000.00,89000.00,'card','dine_in','Rainy','paid','2026-01-28 01:15:00','2026-01-28 01:20:00',NULL),(498,2,2,87000.00,87000.00,'cash','take_away','Rainy','paid','2026-01-28 05:30:00','2026-01-28 05:35:00',NULL),(499,3,3,84000.00,77000.00,'momo','dine_in','Rainy','paid','2026-01-28 12:10:00','2026-01-28 12:18:00',NULL),(500,1,1,54000.00,54000.00,'momo','dine_in','Cool','paid','2026-01-29 01:15:00','2026-01-29 01:20:00',NULL),(501,2,2,87000.00,87000.00,'card','dine_in','Cool','paid','2026-01-29 05:30:00','2026-01-29 05:35:00',NULL),(502,3,3,104000.00,104000.00,'cash','dine_in','Cool','paid','2026-01-29 12:10:00','2026-01-29 12:18:00',NULL),(503,1,1,89000.00,84000.00,'cash','dine_in','Sunny','paid','2026-01-30 01:15:00','2026-01-30 01:20:00',NULL),(504,2,2,142000.00,132000.00,'momo','dine_in','Sunny','paid','2026-01-30 05:30:00','2026-01-30 05:35:00',NULL),(505,3,3,84000.00,84000.00,'card','take_away','Sunny','paid','2026-01-30 12:10:00','2026-01-30 12:18:00',NULL),(506,1,1,54000.00,54000.00,'card','dine_in','Cloudy','paid','2026-01-31 01:15:00','2026-01-31 01:20:00',NULL),(507,2,2,87000.00,87000.00,'cash','dine_in','Cloudy','paid','2026-01-31 05:30:00','2026-01-31 05:35:00',NULL),(508,3,3,104000.00,104000.00,'momo','dine_in','Cloudy','paid','2026-01-31 12:10:00','2026-01-31 12:18:00',NULL),(509,2,5,123000.00,123000.00,'momo','dine_in','Cloudy','paid','2026-01-31 09:20:00','2026-01-31 09:28:00',NULL),(510,1,1,54000.00,54000.00,'card','dine_in','Rainy','paid','2026-02-01 01:15:00','2026-02-01 01:20:00',NULL),(511,2,2,87000.00,87000.00,'cash','dine_in','Rainy','paid','2026-02-01 05:30:00','2026-02-01 05:35:00',NULL),(512,3,3,104000.00,104000.00,'momo','dine_in','Rainy','paid','2026-02-01 12:10:00','2026-02-01 12:18:00',NULL),(513,2,5,123000.00,115000.00,'momo','dine_in','Rainy','paid','2026-02-01 09:20:00','2026-02-01 09:28:00',NULL),(514,1,1,89000.00,89000.00,'momo','dine_in','Sunny','paid','2026-02-02 01:15:00','2026-02-02 01:20:00',NULL),(515,2,2,87000.00,87000.00,'card','dine_in','Sunny','paid','2026-02-02 05:30:00','2026-02-02 05:35:00',NULL),(516,3,3,84000.00,84000.00,'cash','dine_in','Sunny','paid','2026-02-02 12:10:00','2026-02-02 12:18:00',NULL),(517,1,1,54000.00,54000.00,'cash','dine_in','Cloudy','paid','2026-02-03 01:15:00','2026-02-03 01:20:00',NULL),(518,2,2,142000.00,142000.00,'momo','dine_in','Cloudy','paid','2026-02-03 05:30:00','2026-02-03 05:35:00',NULL),(519,3,3,104000.00,104000.00,'card','dine_in','Cloudy','paid','2026-02-03 12:10:00','2026-02-03 12:18:00',NULL),(520,1,1,89000.00,89000.00,'card','dine_in','Rainy','paid','2026-02-04 01:15:00','2026-02-04 01:20:00',NULL),(521,2,2,87000.00,87000.00,'cash','take_away','Rainy','paid','2026-02-04 05:30:00','2026-02-04 05:35:00',NULL),(522,3,3,84000.00,84000.00,'momo','dine_in','Rainy','paid','2026-02-04 12:10:00','2026-02-04 12:18:00',NULL),(523,1,1,54000.00,49000.00,'momo','dine_in','Cool','paid','2026-02-05 01:15:00','2026-02-05 01:20:00',NULL),(524,2,2,87000.00,87000.00,'card','dine_in','Cool','paid','2026-02-05 05:30:00','2026-02-05 05:35:00',NULL),(525,3,3,104000.00,104000.00,'cash','take_away','Cool','paid','2026-02-05 12:10:00','2026-02-05 12:18:00',NULL),(526,1,1,89000.00,89000.00,'cash','dine_in','Sunny','paid','2026-02-06 01:15:00','2026-02-06 01:20:00',NULL),(527,2,2,142000.00,132000.00,'momo','dine_in','Sunny','paid','2026-02-06 05:30:00','2026-02-06 05:35:00',NULL),(528,3,3,84000.00,84000.00,'card','dine_in','Sunny','paid','2026-02-06 12:10:00','2026-02-06 12:18:00',NULL),(529,1,1,54000.00,54000.00,'card','dine_in','Cloudy','paid','2026-02-07 01:15:00','2026-02-07 01:20:00',NULL),(530,2,2,87000.00,87000.00,'cash','dine_in','Cloudy','paid','2026-02-07 05:30:00','2026-02-07 05:35:00',NULL),(531,3,3,104000.00,97000.00,'momo','dine_in','Cloudy','paid','2026-02-07 12:10:00','2026-02-07 12:18:00',NULL),(532,2,5,123000.00,123000.00,'momo','dine_in','Cloudy','paid','2026-02-07 09:20:00','2026-02-07 09:28:00',NULL),(533,1,1,89000.00,89000.00,'momo','dine_in','Rainy','paid','2026-02-08 01:15:00','2026-02-08 01:20:00',NULL),(534,2,2,87000.00,87000.00,'card','take_away','Rainy','paid','2026-02-08 05:30:00','2026-02-08 05:35:00',NULL),(535,3,3,84000.00,84000.00,'cash','dine_in','Rainy','paid','2026-02-08 12:10:00','2026-02-08 12:18:00',NULL),(536,2,5,123000.00,115000.00,'momo','dine_in','Rainy','paid','2026-02-08 09:20:00','2026-02-08 09:28:00',NULL),(537,1,1,54000.00,54000.00,'cash','dine_in','Sunny','paid','2026-02-09 01:15:00','2026-02-09 01:20:00',NULL),(538,2,2,142000.00,142000.00,'momo','dine_in','Sunny','paid','2026-02-09 05:30:00','2026-02-09 05:35:00',NULL),(539,3,3,104000.00,104000.00,'card','dine_in','Sunny','paid','2026-02-09 12:10:00','2026-02-09 12:18:00',NULL),(540,1,1,89000.00,84000.00,'card','dine_in','Cloudy','paid','2026-02-10 01:15:00','2026-02-10 01:20:00',NULL),(541,2,2,87000.00,87000.00,'cash','dine_in','Cloudy','paid','2026-02-10 05:30:00','2026-02-10 05:35:00',NULL),(542,3,3,84000.00,84000.00,'momo','take_away','Cloudy','paid','2026-02-10 12:10:00','2026-02-10 12:18:00',NULL),(543,1,1,54000.00,54000.00,'momo','dine_in','Rainy','paid','2026-02-11 01:15:00','2026-02-11 01:20:00',NULL),(544,2,2,87000.00,87000.00,'card','dine_in','Rainy','paid','2026-02-11 05:30:00','2026-02-11 05:35:00',NULL),(545,3,3,104000.00,104000.00,'cash','dine_in','Rainy','paid','2026-02-11 12:10:00','2026-02-11 12:18:00',NULL),(546,1,1,89000.00,89000.00,'cash','dine_in','Cool','paid','2026-02-12 01:15:00','2026-02-12 01:20:00',NULL),(547,2,2,142000.00,132000.00,'momo','take_away','Cool','paid','2026-02-12 05:30:00','2026-02-12 05:35:00',NULL),(548,3,3,84000.00,84000.00,'card','dine_in','Cool','paid','2026-02-12 12:10:00','2026-02-12 12:18:00',NULL),(549,1,1,54000.00,54000.00,'card','dine_in','Sunny','paid','2026-02-13 01:15:00','2026-02-13 01:20:00',NULL),(550,2,2,87000.00,87000.00,'cash','dine_in','Sunny','paid','2026-02-13 05:30:00','2026-02-13 05:35:00',NULL),(551,3,3,104000.00,104000.00,'momo','dine_in','Sunny','paid','2026-02-13 12:10:00','2026-02-13 12:18:00',NULL),(552,1,1,89000.00,89000.00,'momo','dine_in','Cloudy','paid','2026-02-14 01:15:00','2026-02-14 01:20:00',NULL),(553,2,2,87000.00,87000.00,'card','dine_in','Cloudy','paid','2026-02-14 05:30:00','2026-02-14 05:35:00',NULL),(554,3,3,84000.00,77000.00,'cash','dine_in','Cloudy','paid','2026-02-14 12:10:00','2026-02-14 12:18:00',NULL),(555,2,5,123000.00,123000.00,'momo','dine_in','Cloudy','paid','2026-02-14 09:20:00','2026-02-14 09:28:00',NULL),(556,1,1,54000.00,49000.00,'cash','dine_in','Rainy','paid','2026-02-15 01:15:00','2026-02-15 01:20:00',NULL),(557,2,2,142000.00,142000.00,'momo','dine_in','Rainy','paid','2026-02-15 05:30:00','2026-02-15 05:35:00',NULL),(558,3,3,104000.00,104000.00,'card','take_away','Rainy','paid','2026-02-15 12:10:00','2026-02-15 12:18:00',NULL),(559,2,5,123000.00,115000.00,'momo','dine_in','Rainy','paid','2026-02-15 09:20:00','2026-02-15 09:28:00',NULL),(560,1,1,89000.00,89000.00,'card','dine_in','Sunny','paid','2026-02-16 01:15:00','2026-02-16 01:20:00',NULL),(561,2,2,87000.00,87000.00,'cash','take_away','Sunny','paid','2026-02-16 05:30:00','2026-02-16 05:35:00',NULL),(562,3,3,84000.00,84000.00,'momo','dine_in','Sunny','paid','2026-02-16 12:10:00','2026-02-16 12:18:00',NULL),(563,1,1,54000.00,54000.00,'momo','dine_in','Cloudy','paid','2026-02-17 01:15:00','2026-02-17 01:20:00',NULL),(564,2,2,87000.00,87000.00,'card','dine_in','Cloudy','paid','2026-02-17 05:30:00','2026-02-17 05:35:00',NULL),(565,3,3,104000.00,104000.00,'cash','dine_in','Cloudy','paid','2026-02-17 12:10:00','2026-02-17 12:18:00',NULL),(566,1,1,89000.00,89000.00,'cash','dine_in','Rainy','paid','2026-02-18 01:15:00','2026-02-18 01:20:00',NULL),(567,2,2,142000.00,132000.00,'momo','dine_in','Rainy','paid','2026-02-18 05:30:00','2026-02-18 05:35:00',NULL),(568,3,3,84000.00,84000.00,'card','dine_in','Rainy','paid','2026-02-18 12:10:00','2026-02-18 12:18:00',NULL),(569,1,1,54000.00,54000.00,'card','dine_in','Cool','paid','2026-02-19 01:15:00','2026-02-19 01:20:00',NULL),(570,2,2,87000.00,87000.00,'cash','dine_in','Cool','paid','2026-02-19 05:30:00','2026-02-19 05:35:00',NULL),(571,3,3,104000.00,104000.00,'momo','dine_in','Cool','paid','2026-02-19 12:10:00','2026-02-19 12:18:00',NULL),(572,1,1,89000.00,84000.00,'momo','dine_in','Sunny','paid','2026-02-20 01:15:00','2026-02-20 01:20:00',NULL),(573,2,2,87000.00,87000.00,'card','take_away','Sunny','paid','2026-02-20 05:30:00','2026-02-20 05:35:00',NULL),(574,3,3,84000.00,84000.00,'cash','take_away','Sunny','paid','2026-02-20 12:10:00','2026-02-20 12:18:00',NULL),(575,1,1,54000.00,54000.00,'cash','dine_in','Cloudy','paid','2026-02-21 01:15:00','2026-02-21 01:20:00',NULL),(576,2,2,142000.00,142000.00,'momo','dine_in','Cloudy','paid','2026-02-21 05:30:00','2026-02-21 05:35:00',NULL),(577,3,3,104000.00,97000.00,'card','dine_in','Cloudy','paid','2026-02-21 12:10:00','2026-02-21 12:18:00',NULL),(578,2,5,123000.00,123000.00,'momo','dine_in','Cloudy','paid','2026-02-21 09:20:00','2026-02-21 09:28:00',NULL),(579,1,1,89000.00,89000.00,'card','dine_in','Rainy','paid','2026-02-22 01:15:00','2026-02-22 01:20:00',NULL),(580,2,2,87000.00,87000.00,'cash','dine_in','Rainy','paid','2026-02-22 05:30:00','2026-02-22 05:35:00',NULL),(581,3,3,84000.00,84000.00,'momo','dine_in','Rainy','paid','2026-02-22 12:10:00','2026-02-22 12:18:00',NULL),(582,2,5,123000.00,115000.00,'momo','dine_in','Rainy','paid','2026-02-22 09:20:00','2026-02-22 09:28:00',NULL),(583,1,1,54000.00,54000.00,'momo','dine_in','Sunny','paid','2026-02-23 01:15:00','2026-02-23 01:20:00',NULL),(584,2,2,87000.00,87000.00,'card','dine_in','Sunny','paid','2026-02-23 05:30:00','2026-02-23 05:35:00',NULL),(585,3,3,104000.00,104000.00,'cash','dine_in','Sunny','paid','2026-02-23 12:10:00','2026-02-23 12:18:00',NULL),(586,1,1,89000.00,89000.00,'cash','dine_in','Cloudy','paid','2026-02-24 01:15:00','2026-02-24 01:20:00',NULL),(587,2,2,142000.00,132000.00,'momo','take_away','Cloudy','paid','2026-02-24 05:30:00','2026-02-24 05:35:00',NULL),(588,3,3,84000.00,84000.00,'card','dine_in','Cloudy','paid','2026-02-24 12:10:00','2026-02-24 12:18:00',NULL),(589,1,1,54000.00,49000.00,'card','dine_in','Rainy','paid','2026-02-25 01:15:00','2026-02-25 01:20:00',NULL),(590,2,2,87000.00,87000.00,'cash','dine_in','Rainy','paid','2026-02-25 05:30:00','2026-02-25 05:35:00',NULL),(591,3,3,104000.00,104000.00,'momo','take_away','Rainy','paid','2026-02-25 12:10:00','2026-02-25 12:18:00',NULL),(592,1,1,89000.00,89000.00,'momo','dine_in','Cool','paid','2026-02-26 01:15:00','2026-02-26 01:20:00',NULL),(593,2,2,87000.00,87000.00,'card','dine_in','Cool','paid','2026-02-26 05:30:00','2026-02-26 05:35:00',NULL),(594,3,3,84000.00,84000.00,'cash','dine_in','Cool','paid','2026-02-26 12:10:00','2026-02-26 12:18:00',NULL),(595,1,1,54000.00,54000.00,'cash','dine_in','Sunny','paid','2026-02-27 01:15:00','2026-02-27 01:20:00',NULL),(596,2,2,142000.00,142000.00,'momo','dine_in','Sunny','paid','2026-02-27 05:30:00','2026-02-27 05:35:00',NULL),(597,3,3,104000.00,104000.00,'card','dine_in','Sunny','paid','2026-02-27 12:10:00','2026-02-27 12:18:00',NULL),(598,1,1,89000.00,89000.00,'card','dine_in','Cloudy','paid','2026-02-28 01:15:00','2026-02-28 01:20:00',NULL),(599,2,2,87000.00,87000.00,'cash','take_away','Cloudy','paid','2026-02-28 05:30:00','2026-02-28 05:35:00',NULL),(600,3,3,84000.00,77000.00,'momo','dine_in','Cloudy','paid','2026-02-28 12:10:00','2026-02-28 12:18:00',NULL),(601,2,5,123000.00,123000.00,'momo','dine_in','Cloudy','paid','2026-02-28 09:20:00','2026-02-28 09:28:00',NULL),(602,1,1,54000.00,54000.00,'card','dine_in','Rainy','paid','2026-03-01 01:15:00','2026-03-01 01:20:00',NULL),(603,2,2,87000.00,87000.00,'cash','dine_in','Rainy','paid','2026-03-01 05:30:00','2026-03-01 05:35:00',NULL),(604,3,3,104000.00,104000.00,'momo','dine_in','Rainy','paid','2026-03-01 12:10:00','2026-03-01 12:18:00',NULL),(605,2,5,123000.00,115000.00,'momo','dine_in','Rainy','paid','2026-03-01 09:20:00','2026-03-01 09:28:00',NULL),(606,1,1,89000.00,89000.00,'momo','dine_in','Sunny','paid','2026-03-02 01:15:00','2026-03-02 01:20:00',NULL),(607,2,2,87000.00,87000.00,'card','dine_in','Sunny','paid','2026-03-02 05:30:00','2026-03-02 05:35:00',NULL),(608,3,3,84000.00,84000.00,'cash','dine_in','Sunny','paid','2026-03-02 12:10:00','2026-03-02 12:18:00',NULL),(609,1,1,54000.00,54000.00,'cash','dine_in','Cloudy','paid','2026-03-03 01:15:00','2026-03-03 01:20:00',NULL),(610,2,2,142000.00,142000.00,'momo','dine_in','Cloudy','paid','2026-03-03 05:30:00','2026-03-03 05:35:00',NULL),(611,3,3,104000.00,104000.00,'card','dine_in','Cloudy','paid','2026-03-03 12:10:00','2026-03-03 12:18:00',NULL),(612,1,1,89000.00,89000.00,'card','dine_in','Rainy','paid','2026-03-04 01:15:00','2026-03-04 01:20:00',NULL),(613,2,2,87000.00,87000.00,'cash','take_away','Rainy','paid','2026-03-04 05:30:00','2026-03-04 05:35:00',NULL),(614,3,3,84000.00,84000.00,'momo','dine_in','Rainy','paid','2026-03-04 12:10:00','2026-03-04 12:18:00',NULL),(615,1,1,54000.00,49000.00,'momo','dine_in','Cool','paid','2026-03-05 01:15:00','2026-03-05 01:20:00',NULL),(616,2,2,87000.00,87000.00,'card','dine_in','Cool','paid','2026-03-05 05:30:00','2026-03-05 05:35:00',NULL),(617,3,3,104000.00,104000.00,'cash','take_away','Cool','paid','2026-03-05 12:10:00','2026-03-05 12:18:00',NULL),(618,1,1,89000.00,89000.00,'cash','dine_in','Sunny','paid','2026-03-06 01:15:00','2026-03-06 01:20:00',NULL),(619,2,2,142000.00,132000.00,'momo','dine_in','Sunny','paid','2026-03-06 05:30:00','2026-03-06 05:35:00',NULL),(620,3,3,84000.00,84000.00,'card','dine_in','Sunny','paid','2026-03-06 12:10:00','2026-03-06 12:18:00',NULL),(621,1,1,54000.00,54000.00,'card','dine_in','Cloudy','paid','2026-03-07 01:15:00','2026-03-07 01:20:00',NULL),(622,2,2,87000.00,87000.00,'cash','dine_in','Cloudy','paid','2026-03-07 05:30:00','2026-03-07 05:35:00',NULL),(623,3,3,104000.00,97000.00,'momo','dine_in','Cloudy','paid','2026-03-07 12:10:00','2026-03-07 12:18:00',NULL),(624,2,5,123000.00,123000.00,'momo','dine_in','Cloudy','paid','2026-03-07 09:20:00','2026-03-07 09:28:00',NULL),(625,1,1,89000.00,89000.00,'momo','dine_in','Rainy','paid','2026-03-08 01:15:00','2026-03-08 01:20:00',NULL),(626,2,2,87000.00,87000.00,'card','take_away','Rainy','paid','2026-03-08 05:30:00','2026-03-08 05:35:00',NULL),(627,3,3,84000.00,84000.00,'cash','dine_in','Rainy','paid','2026-03-08 12:10:00','2026-03-08 12:18:00',NULL),(628,2,5,123000.00,115000.00,'momo','dine_in','Rainy','paid','2026-03-08 09:20:00','2026-03-08 09:28:00',NULL),(629,1,1,54000.00,54000.00,'cash','dine_in','Sunny','paid','2026-03-09 01:15:00','2026-03-09 01:20:00',NULL),(630,2,2,142000.00,142000.00,'momo','dine_in','Sunny','paid','2026-03-09 05:30:00','2026-03-09 05:35:00',NULL),(631,3,3,104000.00,104000.00,'card','dine_in','Sunny','paid','2026-03-09 12:10:00','2026-03-09 12:18:00',NULL),(632,1,1,89000.00,84000.00,'card','dine_in','Cloudy','paid','2026-03-10 01:15:00','2026-03-10 01:20:00',NULL),(633,2,2,87000.00,87000.00,'cash','dine_in','Cloudy','paid','2026-03-10 05:30:00','2026-03-10 05:35:00',NULL),(634,3,3,84000.00,84000.00,'momo','take_away','Cloudy','paid','2026-03-10 12:10:00','2026-03-10 12:18:00',NULL),(635,1,1,54000.00,54000.00,'momo','dine_in','Rainy','paid','2026-03-11 01:15:00','2026-03-11 01:20:00',NULL),(636,2,2,87000.00,87000.00,'card','dine_in','Rainy','paid','2026-03-11 05:30:00','2026-03-11 05:35:00',NULL),(637,3,3,104000.00,104000.00,'cash','dine_in','Rainy','paid','2026-03-11 12:10:00','2026-03-11 12:18:00',NULL),(638,1,1,89000.00,89000.00,'cash','dine_in','Cool','paid','2026-03-12 01:15:00','2026-03-12 01:20:00',NULL),(639,2,2,142000.00,132000.00,'momo','take_away','Cool','paid','2026-03-12 05:30:00','2026-03-12 05:35:00',NULL),(640,3,3,84000.00,84000.00,'card','dine_in','Cool','paid','2026-03-12 12:10:00','2026-03-12 12:18:00',NULL),(641,1,1,54000.00,54000.00,'card','dine_in','Sunny','paid','2026-03-13 01:15:00','2026-03-13 01:20:00',NULL),(642,2,2,87000.00,87000.00,'cash','dine_in','Sunny','paid','2026-03-13 05:30:00','2026-03-13 05:35:00',NULL),(643,3,3,104000.00,104000.00,'momo','dine_in','Sunny','paid','2026-03-13 12:10:00','2026-03-13 12:18:00',NULL),(644,1,1,89000.00,89000.00,'momo','dine_in','Cloudy','paid','2026-03-14 01:15:00','2026-03-14 01:20:00',NULL),(645,2,2,87000.00,87000.00,'card','dine_in','Cloudy','paid','2026-03-14 05:30:00','2026-03-14 05:35:00',NULL),(646,3,3,84000.00,77000.00,'cash','dine_in','Cloudy','paid','2026-03-14 12:10:00','2026-03-14 12:18:00',NULL),(647,2,5,123000.00,123000.00,'momo','dine_in','Cloudy','paid','2026-03-14 09:20:00','2026-03-14 09:28:00',NULL),(648,1,1,54000.00,49000.00,'cash','dine_in','Rainy','paid','2026-03-15 01:15:00','2026-03-15 01:20:00',NULL),(649,2,2,142000.00,142000.00,'momo','dine_in','Rainy','paid','2026-03-15 05:30:00','2026-03-15 05:35:00',NULL),(650,3,3,104000.00,104000.00,'card','take_away','Rainy','paid','2026-03-15 12:10:00','2026-03-15 12:18:00',NULL),(651,2,5,123000.00,115000.00,'momo','dine_in','Rainy','paid','2026-03-15 09:20:00','2026-03-15 09:28:00',NULL),(652,1,1,89000.00,89000.00,'card','dine_in','Sunny','paid','2026-03-16 01:15:00','2026-03-16 01:20:00',NULL),(653,2,2,87000.00,87000.00,'cash','take_away','Sunny','paid','2026-03-16 05:30:00','2026-03-16 05:35:00',NULL),(654,3,3,84000.00,84000.00,'momo','dine_in','Sunny','paid','2026-03-16 12:10:00','2026-03-16 12:18:00',NULL),(655,1,1,54000.00,54000.00,'momo','dine_in','Cloudy','paid','2026-03-17 01:15:00','2026-03-17 01:20:00',NULL),(656,2,2,87000.00,87000.00,'card','dine_in','Cloudy','paid','2026-03-17 05:30:00','2026-03-17 05:35:00',NULL),(657,3,3,104000.00,104000.00,'cash','dine_in','Cloudy','paid','2026-03-17 12:10:00','2026-03-17 12:18:00',NULL),(658,1,1,89000.00,89000.00,'cash','dine_in','Rainy','paid','2026-03-18 01:15:00','2026-03-18 01:20:00',NULL),(659,2,2,142000.00,132000.00,'momo','dine_in','Rainy','paid','2026-03-18 05:30:00','2026-03-18 05:35:00',NULL),(660,3,3,84000.00,84000.00,'card','dine_in','Rainy','paid','2026-03-18 12:10:00','2026-03-18 12:18:00',NULL),(661,1,1,54000.00,54000.00,'card','dine_in','Cool','paid','2026-03-19 01:15:00','2026-03-19 01:20:00',NULL),(662,2,2,87000.00,87000.00,'cash','dine_in','Cool','paid','2026-03-19 05:30:00','2026-03-19 05:35:00',NULL),(663,3,3,104000.00,104000.00,'momo','dine_in','Cool','paid','2026-03-19 12:10:00','2026-03-19 12:18:00',NULL),(664,1,1,89000.00,84000.00,'momo','dine_in','Sunny','paid','2026-03-20 01:15:00','2026-03-20 01:20:00',NULL),(665,2,2,87000.00,87000.00,'card','take_away','Sunny','paid','2026-03-20 05:30:00','2026-03-20 05:35:00',NULL),(666,3,3,84000.00,84000.00,'cash','take_away','Sunny','paid','2026-03-20 12:10:00','2026-03-20 12:18:00',NULL),(667,1,1,54000.00,54000.00,'cash','dine_in','Cloudy','paid','2026-03-21 01:15:00','2026-03-21 01:20:00',NULL),(668,2,2,142000.00,142000.00,'momo','dine_in','Cloudy','paid','2026-03-21 05:30:00','2026-03-21 05:35:00',NULL),(669,3,3,104000.00,97000.00,'card','dine_in','Cloudy','paid','2026-03-21 12:10:00','2026-03-21 12:18:00',NULL),(670,2,5,123000.00,123000.00,'momo','dine_in','Cloudy','paid','2026-03-21 09:20:00','2026-03-21 09:28:00',NULL),(671,1,1,89000.00,89000.00,'card','dine_in','Rainy','paid','2026-03-22 01:15:00','2026-03-22 01:20:00',NULL),(672,2,2,87000.00,87000.00,'cash','dine_in','Rainy','paid','2026-03-22 05:30:00','2026-03-22 05:35:00',NULL),(673,3,3,84000.00,84000.00,'momo','dine_in','Rainy','paid','2026-03-22 12:10:00','2026-03-22 12:18:00',NULL),(674,2,5,123000.00,115000.00,'momo','dine_in','Rainy','paid','2026-03-22 09:20:00','2026-03-22 09:28:00',NULL),(675,1,1,54000.00,54000.00,'momo','dine_in','Sunny','paid','2026-03-23 01:15:00','2026-03-23 01:20:00',NULL),(676,2,2,87000.00,87000.00,'card','dine_in','Sunny','paid','2026-03-23 05:30:00','2026-03-23 05:35:00',NULL),(677,3,3,104000.00,104000.00,'cash','dine_in','Sunny','paid','2026-03-23 12:10:00','2026-03-23 12:18:00',NULL),(678,1,1,89000.00,89000.00,'cash','dine_in','Cloudy','paid','2026-03-24 01:15:00','2026-03-24 01:20:00',NULL),(679,2,2,142000.00,132000.00,'momo','take_away','Cloudy','paid','2026-03-24 05:30:00','2026-03-24 05:35:00',NULL),(680,3,3,84000.00,84000.00,'card','dine_in','Cloudy','paid','2026-03-24 12:10:00','2026-03-24 12:18:00',NULL),(681,1,1,54000.00,49000.00,'card','dine_in','Rainy','paid','2026-03-25 01:15:00','2026-03-25 01:20:00',NULL),(682,2,2,87000.00,87000.00,'cash','dine_in','Rainy','paid','2026-03-25 05:30:00','2026-03-25 05:35:00',NULL),(683,3,3,104000.00,104000.00,'momo','take_away','Rainy','paid','2026-03-25 12:10:00','2026-03-25 12:18:00',NULL),(684,1,1,89000.00,89000.00,'momo','dine_in','Cool','paid','2026-03-26 01:15:00','2026-03-26 01:20:00',NULL),(685,2,2,87000.00,87000.00,'card','dine_in','Cool','paid','2026-03-26 05:30:00','2026-03-26 05:35:00',NULL),(686,3,3,84000.00,84000.00,'cash','dine_in','Cool','paid','2026-03-26 12:10:00','2026-03-26 12:18:00',NULL),(687,1,1,54000.00,54000.00,'cash','dine_in','Sunny','paid','2026-03-27 01:15:00','2026-03-27 01:20:00',NULL),(688,2,2,142000.00,142000.00,'momo','dine_in','Sunny','paid','2026-03-27 05:30:00','2026-03-27 05:35:00',NULL),(689,3,3,104000.00,104000.00,'card','dine_in','Sunny','paid','2026-03-27 12:10:00','2026-03-27 12:18:00',NULL),(690,1,1,89000.00,89000.00,'card','dine_in','Cloudy','paid','2026-03-28 01:15:00','2026-03-28 01:20:00',NULL),(691,2,2,87000.00,87000.00,'cash','take_away','Cloudy','paid','2026-03-28 05:30:00','2026-03-28 05:35:00',NULL),(692,3,3,84000.00,77000.00,'momo','dine_in','Cloudy','paid','2026-03-28 12:10:00','2026-03-28 12:18:00',NULL),(693,2,5,123000.00,123000.00,'momo','dine_in','Cloudy','paid','2026-03-28 09:20:00','2026-03-28 09:28:00',NULL),(694,1,1,54000.00,54000.00,'momo','dine_in','Rainy','paid','2026-03-29 01:15:00','2026-03-29 01:20:00',NULL),(695,2,2,87000.00,87000.00,'card','dine_in','Rainy','paid','2026-03-29 05:30:00','2026-03-29 05:35:00',NULL),(696,3,3,104000.00,104000.00,'cash','dine_in','Rainy','paid','2026-03-29 12:10:00','2026-03-29 12:18:00',NULL),(697,2,5,123000.00,115000.00,'momo','dine_in','Rainy','paid','2026-03-29 09:20:00','2026-03-29 09:28:00',NULL),(698,1,1,89000.00,84000.00,'cash','dine_in','Sunny','paid','2026-03-30 01:15:00','2026-03-30 01:20:00',NULL),(699,2,2,142000.00,132000.00,'momo','dine_in','Sunny','paid','2026-03-30 05:30:00','2026-03-30 05:35:00',NULL),(700,3,3,84000.00,84000.00,'card','take_away','Sunny','paid','2026-03-30 12:10:00','2026-03-30 12:18:00',NULL),(701,1,1,54000.00,54000.00,'card','dine_in','Cloudy','paid','2026-03-31 01:15:00','2026-03-31 01:20:00',NULL),(702,2,2,87000.00,87000.00,'cash','dine_in','Cloudy','paid','2026-03-31 05:30:00','2026-03-31 05:35:00',NULL),(703,3,3,104000.00,104000.00,'momo','dine_in','Cloudy','paid','2026-03-31 12:10:00','2026-03-31 12:18:00',NULL),(704,1,1,54000.00,54000.00,'card','dine_in','Rainy','paid','2026-04-01 01:15:00','2026-04-01 01:20:00',NULL),(705,2,2,87000.00,87000.00,'cash','dine_in','Rainy','paid','2026-04-01 05:30:00','2026-04-01 05:35:00',NULL),(706,3,3,104000.00,104000.00,'momo','dine_in','Rainy','paid','2026-04-01 12:10:00','2026-04-01 12:18:00',NULL),(707,1,1,89000.00,89000.00,'momo','dine_in','Cool','paid','2026-04-02 01:15:00','2026-04-02 01:20:00',NULL),(708,2,2,87000.00,87000.00,'card','dine_in','Cool','paid','2026-04-02 05:30:00','2026-04-02 05:35:00',NULL),(709,3,3,84000.00,84000.00,'cash','dine_in','Cool','paid','2026-04-02 12:10:00','2026-04-02 12:18:00',NULL),(710,1,1,54000.00,54000.00,'cash','dine_in','Sunny','paid','2026-04-03 01:15:00','2026-04-03 01:20:00',NULL),(711,2,2,142000.00,142000.00,'momo','dine_in','Sunny','paid','2026-04-03 05:30:00','2026-04-03 05:35:00',NULL),(712,3,3,104000.00,104000.00,'card','dine_in','Sunny','paid','2026-04-03 12:10:00','2026-04-03 12:18:00',NULL),(713,1,1,89000.00,89000.00,'card','dine_in','Cloudy','paid','2026-04-04 01:15:00','2026-04-04 01:20:00',NULL),(714,2,2,87000.00,87000.00,'cash','take_away','Cloudy','paid','2026-04-04 05:30:00','2026-04-04 05:35:00',NULL),(715,3,3,84000.00,84000.00,'momo','dine_in','Cloudy','paid','2026-04-04 12:10:00','2026-04-04 12:18:00',NULL),(716,2,5,123000.00,123000.00,'momo','dine_in','Cloudy','paid','2026-04-04 09:20:00','2026-04-04 09:28:00',NULL),(717,1,1,54000.00,49000.00,'momo','dine_in','Rainy','paid','2026-04-05 01:15:00','2026-04-05 01:20:00',NULL),(718,2,2,87000.00,87000.00,'card','dine_in','Rainy','paid','2026-04-05 05:30:00','2026-04-05 05:35:00',NULL),(719,3,3,104000.00,104000.00,'cash','take_away','Rainy','paid','2026-04-05 12:10:00','2026-04-05 12:18:00',NULL),(720,2,5,123000.00,115000.00,'momo','dine_in','Rainy','paid','2026-04-05 09:20:00','2026-04-05 09:28:00',NULL),(721,1,1,89000.00,89000.00,'cash','dine_in','Sunny','paid','2026-04-06 01:15:00','2026-04-06 01:20:00',NULL),(722,2,2,142000.00,132000.00,'momo','dine_in','Sunny','paid','2026-04-06 05:30:00','2026-04-06 05:35:00',NULL),(723,3,3,84000.00,84000.00,'card','dine_in','Sunny','paid','2026-04-06 12:10:00','2026-04-06 12:18:00',NULL),(724,1,1,54000.00,54000.00,'card','dine_in','Cloudy','paid','2026-04-07 01:15:00','2026-04-07 01:20:00',NULL),(725,2,2,87000.00,87000.00,'cash','dine_in','Cloudy','paid','2026-04-07 05:30:00','2026-04-07 05:35:00',NULL),(726,3,3,104000.00,97000.00,'momo','dine_in','Cloudy','paid','2026-04-07 12:10:00','2026-04-07 12:18:00',NULL),(727,1,1,89000.00,89000.00,'momo','dine_in','Rainy','paid','2026-04-08 01:15:00','2026-04-08 01:20:00',NULL),(728,2,2,87000.00,87000.00,'card','take_away','Rainy','paid','2026-04-08 05:30:00','2026-04-08 05:35:00',NULL),(729,3,3,84000.00,84000.00,'cash','dine_in','Rainy','paid','2026-04-08 12:10:00','2026-04-08 12:18:00',NULL),(730,1,1,54000.00,54000.00,'cash','dine_in','Cool','paid','2026-04-09 01:15:00','2026-04-09 01:20:00',NULL),(731,2,2,142000.00,142000.00,'momo','dine_in','Cool','paid','2026-04-09 05:30:00','2026-04-09 05:35:00',NULL),(732,3,3,104000.00,104000.00,'card','dine_in','Cool','paid','2026-04-09 12:10:00','2026-04-09 12:18:00',NULL),(733,1,1,89000.00,84000.00,'card','dine_in','Sunny','paid','2026-04-10 01:15:00','2026-04-10 01:20:00',NULL),(734,2,2,87000.00,87000.00,'cash','dine_in','Sunny','paid','2026-04-10 05:30:00','2026-04-10 05:35:00',NULL),(735,3,3,84000.00,84000.00,'momo','take_away','Sunny','paid','2026-04-10 12:10:00','2026-04-10 12:18:00',NULL),(736,1,1,54000.00,54000.00,'momo','dine_in','Cloudy','paid','2026-04-11 01:15:00','2026-04-11 01:20:00',NULL),(737,2,2,87000.00,87000.00,'card','dine_in','Cloudy','paid','2026-04-11 05:30:00','2026-04-11 05:35:00',NULL),(738,3,3,104000.00,104000.00,'cash','dine_in','Cloudy','paid','2026-04-11 12:10:00','2026-04-11 12:18:00',NULL),(739,2,5,123000.00,123000.00,'momo','dine_in','Cloudy','paid','2026-04-11 09:20:00','2026-04-11 09:28:00',NULL),(740,1,1,89000.00,89000.00,'cash','dine_in','Rainy','paid','2026-04-12 01:15:00','2026-04-12 01:20:00',NULL),(741,2,2,142000.00,132000.00,'momo','take_away','Rainy','paid','2026-04-12 05:30:00','2026-04-12 05:35:00',NULL),(742,3,3,84000.00,84000.00,'card','dine_in','Rainy','paid','2026-04-12 12:10:00','2026-04-12 12:18:00',NULL),(743,2,5,123000.00,115000.00,'momo','dine_in','Rainy','paid','2026-04-12 09:20:00','2026-04-12 09:28:00',NULL),(744,1,1,54000.00,54000.00,'card','dine_in','Sunny','paid','2026-04-13 01:15:00','2026-04-13 01:20:00',NULL),(745,2,2,87000.00,87000.00,'cash','dine_in','Sunny','paid','2026-04-13 05:30:00','2026-04-13 05:35:00',NULL),(746,3,3,104000.00,104000.00,'momo','dine_in','Sunny','paid','2026-04-13 12:10:00','2026-04-13 12:18:00',NULL),(747,1,1,89000.00,89000.00,'momo','dine_in','Cloudy','paid','2026-04-14 01:15:00','2026-04-14 01:20:00',NULL),(748,2,2,87000.00,87000.00,'card','dine_in','Cloudy','paid','2026-04-14 05:30:00','2026-04-14 05:35:00',NULL),(749,3,3,84000.00,77000.00,'cash','dine_in','Cloudy','paid','2026-04-14 12:10:00','2026-04-14 12:18:00',NULL),(750,1,1,54000.00,49000.00,'cash','dine_in','Rainy','paid','2026-04-15 01:15:00','2026-04-15 01:20:00',NULL),(751,2,2,142000.00,142000.00,'momo','dine_in','Rainy','paid','2026-04-15 05:30:00','2026-04-15 05:35:00',NULL),(752,3,3,104000.00,104000.00,'card','take_away','Rainy','paid','2026-04-15 12:10:00','2026-04-15 12:18:00',NULL),(753,1,1,89000.00,89000.00,'card','dine_in','Cool','paid','2026-04-16 01:15:00','2026-04-16 01:20:00',NULL),(754,2,2,87000.00,87000.00,'cash','take_away','Cool','paid','2026-04-16 05:30:00','2026-04-16 05:35:00',NULL),(755,3,3,84000.00,84000.00,'momo','dine_in','Cool','paid','2026-04-16 12:10:00','2026-04-16 12:18:00',NULL),(756,1,1,54000.00,54000.00,'momo','dine_in','Sunny','paid','2026-04-17 01:15:00','2026-04-17 01:20:00',NULL),(757,2,2,87000.00,87000.00,'card','dine_in','Sunny','paid','2026-04-17 05:30:00','2026-04-17 05:35:00',NULL),(758,3,3,104000.00,104000.00,'cash','dine_in','Sunny','paid','2026-04-17 12:10:00','2026-04-17 12:18:00',NULL),(759,1,1,89000.00,89000.00,'cash','dine_in','Cloudy','paid','2026-04-18 01:15:00','2026-04-18 01:20:00',NULL),(760,2,2,142000.00,132000.00,'momo','dine_in','Cloudy','paid','2026-04-18 05:30:00','2026-04-18 05:35:00',NULL),(761,3,3,84000.00,84000.00,'card','dine_in','Cloudy','paid','2026-04-18 12:10:00','2026-04-18 12:18:00',NULL),(762,2,5,123000.00,123000.00,'momo','dine_in','Cloudy','paid','2026-04-18 09:20:00','2026-04-18 09:28:00',NULL),(763,1,1,54000.00,54000.00,'card','dine_in','Rainy','paid','2026-04-19 01:15:00','2026-04-19 01:20:00',NULL),(764,2,2,87000.00,87000.00,'cash','dine_in','Rainy','paid','2026-04-19 05:30:00','2026-04-19 05:35:00',NULL),(765,3,3,104000.00,104000.00,'momo','dine_in','Rainy','paid','2026-04-19 12:10:00','2026-04-19 12:18:00',NULL),(766,2,5,123000.00,115000.00,'momo','dine_in','Rainy','paid','2026-04-19 09:20:00','2026-04-19 09:28:00',NULL),(767,1,1,89000.00,84000.00,'momo','dine_in','Sunny','paid','2026-04-20 01:15:00','2026-04-20 01:20:00',NULL),(768,2,2,87000.00,87000.00,'card','take_away','Sunny','paid','2026-04-20 05:30:00','2026-04-20 05:35:00',NULL),(769,3,3,84000.00,84000.00,'cash','take_away','Sunny','paid','2026-04-20 12:10:00','2026-04-20 12:18:00',NULL),(770,1,1,54000.00,54000.00,'cash','dine_in','Cloudy','paid','2026-04-21 01:15:00','2026-04-21 01:20:00',NULL),(771,2,2,142000.00,142000.00,'momo','dine_in','Cloudy','paid','2026-04-21 05:30:00','2026-04-21 05:35:00',NULL),(772,3,3,104000.00,97000.00,'card','dine_in','Cloudy','paid','2026-04-21 12:10:00','2026-04-21 12:18:00',NULL),(773,1,1,89000.00,89000.00,'card','dine_in','Rainy','paid','2026-04-22 01:15:00','2026-04-22 01:20:00',NULL),(774,2,2,87000.00,87000.00,'cash','dine_in','Rainy','paid','2026-04-22 05:30:00','2026-04-22 05:35:00',NULL),(775,3,3,84000.00,84000.00,'momo','dine_in','Rainy','paid','2026-04-22 12:10:00','2026-04-22 12:18:00',NULL),(776,1,1,54000.00,54000.00,'momo','dine_in','Cool','paid','2026-04-23 01:15:00','2026-04-23 01:20:00',NULL),(777,2,2,87000.00,87000.00,'card','dine_in','Cool','paid','2026-04-23 05:30:00','2026-04-23 05:35:00',NULL),(778,3,3,104000.00,104000.00,'cash','dine_in','Cool','paid','2026-04-23 12:10:00','2026-04-23 12:18:00',NULL),(779,1,1,89000.00,89000.00,'cash','dine_in','Sunny','paid','2026-04-24 01:15:00','2026-04-24 01:20:00',NULL),(780,2,2,142000.00,132000.00,'momo','take_away','Sunny','paid','2026-04-24 05:30:00','2026-04-24 05:35:00',NULL),(781,3,3,84000.00,84000.00,'card','dine_in','Sunny','paid','2026-04-24 12:10:00','2026-04-24 12:18:00',NULL),(782,1,1,54000.00,49000.00,'card','dine_in','Cloudy','paid','2026-04-25 01:15:00','2026-04-25 01:20:00',NULL),(783,2,2,87000.00,87000.00,'cash','dine_in','Cloudy','paid','2026-04-25 05:30:00','2026-04-25 05:35:00',NULL),(784,3,3,104000.00,104000.00,'momo','take_away','Cloudy','paid','2026-04-25 12:10:00','2026-04-25 12:18:00',NULL),(785,2,5,123000.00,123000.00,'momo','dine_in','Cloudy','paid','2026-04-25 09:20:00','2026-04-25 09:28:00',NULL),(786,1,1,89000.00,89000.00,'momo','dine_in','Rainy','paid','2026-04-26 01:15:00','2026-04-26 01:20:00',NULL),(787,2,2,87000.00,87000.00,'card','dine_in','Rainy','paid','2026-04-26 05:30:00','2026-04-26 05:35:00',NULL),(788,3,3,84000.00,84000.00,'cash','dine_in','Rainy','paid','2026-04-26 12:10:00','2026-04-26 12:18:00',NULL),(789,2,5,123000.00,115000.00,'momo','dine_in','Rainy','paid','2026-04-26 09:20:00','2026-04-26 09:28:00',NULL),(790,1,1,54000.00,54000.00,'cash','dine_in','Sunny','paid','2026-04-27 01:15:00','2026-04-27 01:20:00',NULL),(791,2,2,142000.00,142000.00,'momo','dine_in','Sunny','paid','2026-04-27 05:30:00','2026-04-27 05:35:00',NULL),(792,3,3,104000.00,104000.00,'card','dine_in','Sunny','paid','2026-04-27 12:10:00','2026-04-27 12:18:00',NULL),(793,1,1,89000.00,89000.00,'card','dine_in','Cloudy','paid','2026-04-28 01:15:00','2026-04-28 01:20:00',NULL),(794,2,2,87000.00,87000.00,'cash','take_away','Cloudy','paid','2026-04-28 05:30:00','2026-04-28 05:35:00',NULL),(795,3,3,84000.00,77000.00,'momo','dine_in','Cloudy','paid','2026-04-28 12:10:00','2026-04-28 12:18:00',NULL),(796,1,1,54000.00,54000.00,'momo','dine_in','Rainy','paid','2026-04-29 01:15:00','2026-04-29 01:20:00',NULL),(797,2,2,87000.00,87000.00,'card','dine_in','Rainy','paid','2026-04-29 05:30:00','2026-04-29 05:35:00',NULL),(798,3,3,104000.00,104000.00,'cash','dine_in','Rainy','paid','2026-04-29 12:10:00','2026-04-29 12:18:00',NULL),(799,1,1,89000.00,84000.00,'cash','dine_in','Cool','paid','2026-04-30 01:15:00','2026-04-30 01:20:00',NULL),(800,2,2,142000.00,132000.00,'momo','dine_in','Cool','paid','2026-04-30 05:30:00','2026-04-30 05:35:00',NULL),(801,3,3,84000.00,84000.00,'card','take_away','Cool','paid','2026-04-30 12:10:00','2026-04-30 12:18:00',NULL),(802,1,1,54000.00,54000.00,'card','dine_in','Rainy','paid','2025-10-01 01:15:00','2025-10-01 01:20:00',NULL),(803,2,2,87000.00,87000.00,'cash','dine_in','Rainy','paid','2025-10-01 05:30:00','2025-10-01 05:35:00',NULL),(804,3,3,104000.00,104000.00,'momo','dine_in','Rainy','paid','2025-10-01 12:10:00','2025-10-01 12:18:00',NULL),(805,1,1,89000.00,89000.00,'momo','dine_in','Cool','paid','2025-10-02 01:15:00','2025-10-02 01:20:00',NULL),(806,2,2,87000.00,87000.00,'card','dine_in','Cool','paid','2025-10-02 05:30:00','2025-10-02 05:35:00',NULL),(807,3,3,84000.00,84000.00,'cash','dine_in','Cool','paid','2025-10-02 12:10:00','2025-10-02 12:18:00',NULL),(808,1,1,54000.00,54000.00,'cash','dine_in','Sunny','paid','2025-10-03 01:15:00','2025-10-03 01:20:00',NULL),(809,2,2,142000.00,142000.00,'momo','dine_in','Sunny','paid','2025-10-03 05:30:00','2025-10-03 05:35:00',NULL),(810,3,3,104000.00,104000.00,'card','dine_in','Sunny','paid','2025-10-03 12:10:00','2025-10-03 12:18:00',NULL),(811,1,1,89000.00,89000.00,'card','dine_in','Cloudy','paid','2025-10-04 01:15:00','2025-10-04 01:20:00',NULL),(812,2,2,87000.00,87000.00,'cash','take_away','Cloudy','paid','2025-10-04 05:30:00','2025-10-04 05:35:00',NULL),(813,3,3,84000.00,84000.00,'momo','dine_in','Cloudy','paid','2025-10-04 12:10:00','2025-10-04 12:18:00',NULL),(814,2,4,123000.00,123000.00,'momo','dine_in','Cloudy','paid','2025-10-04 09:20:00','2025-10-04 09:28:00',NULL),(815,1,1,54000.00,49000.00,'momo','dine_in','Rainy','paid','2025-10-05 01:15:00','2025-10-05 01:20:00',NULL),(816,2,2,87000.00,87000.00,'card','dine_in','Rainy','paid','2025-10-05 05:30:00','2025-10-05 05:35:00',NULL),(817,3,3,104000.00,104000.00,'cash','take_away','Rainy','paid','2025-10-05 12:10:00','2025-10-05 12:18:00',NULL),(818,2,4,123000.00,115000.00,'momo','dine_in','Rainy','paid','2025-10-05 09:20:00','2025-10-05 09:28:00',NULL),(819,1,1,89000.00,89000.00,'cash','dine_in','Sunny','paid','2025-10-06 01:15:00','2025-10-06 01:20:00',NULL),(820,2,2,142000.00,132000.00,'momo','dine_in','Sunny','paid','2025-10-06 05:30:00','2025-10-06 05:35:00',NULL),(821,3,3,84000.00,84000.00,'card','dine_in','Sunny','paid','2025-10-06 12:10:00','2025-10-06 12:18:00',NULL),(822,1,1,54000.00,54000.00,'card','dine_in','Cloudy','paid','2025-10-07 01:15:00','2025-10-07 01:20:00',NULL),(823,2,2,87000.00,87000.00,'cash','dine_in','Cloudy','paid','2025-10-07 05:30:00','2025-10-07 05:35:00',NULL),(824,3,3,104000.00,97000.00,'momo','dine_in','Cloudy','paid','2025-10-07 12:10:00','2025-10-07 12:18:00',NULL),(825,1,1,89000.00,89000.00,'momo','dine_in','Rainy','paid','2025-10-08 01:15:00','2025-10-08 01:20:00',NULL),(826,2,2,87000.00,87000.00,'card','take_away','Rainy','paid','2025-10-08 05:30:00','2025-10-08 05:35:00',NULL),(827,3,3,84000.00,84000.00,'cash','dine_in','Rainy','paid','2025-10-08 12:10:00','2025-10-08 12:18:00',NULL),(828,1,1,54000.00,54000.00,'cash','dine_in','Cool','paid','2025-10-09 01:15:00','2025-10-09 01:20:00',NULL),(829,2,2,142000.00,142000.00,'momo','dine_in','Cool','paid','2025-10-09 05:30:00','2025-10-09 05:35:00',NULL),(830,3,3,104000.00,104000.00,'card','dine_in','Cool','paid','2025-10-09 12:10:00','2025-10-09 12:18:00',NULL),(831,1,1,89000.00,84000.00,'card','dine_in','Sunny','paid','2025-10-10 01:15:00','2025-10-10 01:20:00',NULL),(832,2,2,87000.00,87000.00,'cash','dine_in','Sunny','paid','2025-10-10 05:30:00','2025-10-10 05:35:00',NULL),(833,3,3,84000.00,84000.00,'momo','take_away','Sunny','paid','2025-10-10 12:10:00','2025-10-10 12:18:00',NULL),(834,1,1,54000.00,54000.00,'momo','dine_in','Cloudy','paid','2025-10-11 01:15:00','2025-10-11 01:20:00',NULL),(835,2,2,87000.00,87000.00,'card','dine_in','Cloudy','paid','2025-10-11 05:30:00','2025-10-11 05:35:00',NULL),(836,3,3,104000.00,104000.00,'cash','dine_in','Cloudy','paid','2025-10-11 12:10:00','2025-10-11 12:18:00',NULL),(837,2,4,123000.00,123000.00,'momo','dine_in','Cloudy','paid','2025-10-11 09:20:00','2025-10-11 09:28:00',NULL),(838,1,1,89000.00,89000.00,'cash','dine_in','Rainy','paid','2025-10-12 01:15:00','2025-10-12 01:20:00',NULL),(839,2,2,142000.00,132000.00,'momo','take_away','Rainy','paid','2025-10-12 05:30:00','2025-10-12 05:35:00',NULL),(840,3,3,84000.00,84000.00,'card','dine_in','Rainy','paid','2025-10-12 12:10:00','2025-10-12 12:18:00',NULL),(841,2,4,123000.00,115000.00,'momo','dine_in','Rainy','paid','2025-10-12 09:20:00','2025-10-12 09:28:00',NULL),(842,1,1,54000.00,54000.00,'card','dine_in','Sunny','paid','2025-10-13 01:15:00','2025-10-13 01:20:00',NULL),(843,2,2,87000.00,87000.00,'cash','dine_in','Sunny','paid','2025-10-13 05:30:00','2025-10-13 05:35:00',NULL),(844,3,3,104000.00,104000.00,'momo','dine_in','Sunny','paid','2025-10-13 12:10:00','2025-10-13 12:18:00',NULL),(845,1,1,89000.00,89000.00,'momo','dine_in','Cloudy','paid','2025-10-14 01:15:00','2025-10-14 01:20:00',NULL),(846,2,2,87000.00,87000.00,'card','dine_in','Cloudy','paid','2025-10-14 05:30:00','2025-10-14 05:35:00',NULL),(847,3,3,84000.00,77000.00,'cash','dine_in','Cloudy','paid','2025-10-14 12:10:00','2025-10-14 12:18:00',NULL),(848,1,1,54000.00,49000.00,'cash','dine_in','Rainy','paid','2025-10-15 01:15:00','2025-10-15 01:20:00',NULL),(849,2,2,142000.00,142000.00,'momo','dine_in','Rainy','paid','2025-10-15 05:30:00','2025-10-15 05:35:00',NULL),(850,3,3,104000.00,104000.00,'card','take_away','Rainy','paid','2025-10-15 12:10:00','2025-10-15 12:18:00',NULL),(851,1,1,89000.00,89000.00,'card','dine_in','Cool','paid','2025-10-16 01:15:00','2025-10-16 01:20:00',NULL),(852,2,2,87000.00,87000.00,'cash','take_away','Cool','paid','2025-10-16 05:30:00','2025-10-16 05:35:00',NULL),(853,3,3,84000.00,84000.00,'momo','dine_in','Cool','paid','2025-10-16 12:10:00','2025-10-16 12:18:00',NULL),(854,1,1,54000.00,54000.00,'momo','dine_in','Sunny','paid','2025-10-17 01:15:00','2025-10-17 01:20:00',NULL),(855,2,2,87000.00,87000.00,'card','dine_in','Sunny','paid','2025-10-17 05:30:00','2025-10-17 05:35:00',NULL),(856,3,3,104000.00,104000.00,'cash','dine_in','Sunny','paid','2025-10-17 12:10:00','2025-10-17 12:18:00',NULL),(857,1,1,89000.00,89000.00,'cash','dine_in','Cloudy','paid','2025-10-18 01:15:00','2025-10-18 01:20:00',NULL),(858,2,2,142000.00,132000.00,'momo','dine_in','Cloudy','paid','2025-10-18 05:30:00','2025-10-18 05:35:00',NULL),(859,3,3,84000.00,84000.00,'card','dine_in','Cloudy','paid','2025-10-18 12:10:00','2025-10-18 12:18:00',NULL),(860,2,4,123000.00,123000.00,'momo','dine_in','Cloudy','paid','2025-10-18 09:20:00','2025-10-18 09:28:00',NULL),(861,1,1,54000.00,54000.00,'card','dine_in','Rainy','paid','2025-10-19 01:15:00','2025-10-19 01:20:00',NULL),(862,2,2,87000.00,87000.00,'cash','dine_in','Rainy','paid','2025-10-19 05:30:00','2025-10-19 05:35:00',NULL),(863,3,3,104000.00,104000.00,'momo','dine_in','Rainy','paid','2025-10-19 12:10:00','2025-10-19 12:18:00',NULL),(864,2,4,123000.00,115000.00,'momo','dine_in','Rainy','paid','2025-10-19 09:20:00','2025-10-19 09:28:00',NULL),(865,1,1,89000.00,84000.00,'momo','dine_in','Sunny','paid','2025-10-20 01:15:00','2025-10-20 01:20:00',NULL),(866,2,2,87000.00,87000.00,'card','take_away','Sunny','paid','2025-10-20 05:30:00','2025-10-20 05:35:00',NULL),(867,3,3,84000.00,84000.00,'cash','take_away','Sunny','paid','2025-10-20 12:10:00','2025-10-20 12:18:00',NULL),(868,1,1,54000.00,54000.00,'cash','dine_in','Cloudy','paid','2025-10-21 01:15:00','2025-10-21 01:20:00',NULL),(869,2,2,142000.00,142000.00,'momo','dine_in','Cloudy','paid','2025-10-21 05:30:00','2025-10-21 05:35:00',NULL),(870,3,3,104000.00,97000.00,'card','dine_in','Cloudy','paid','2025-10-21 12:10:00','2025-10-21 12:18:00',NULL),(871,1,1,89000.00,89000.00,'card','dine_in','Rainy','paid','2025-10-22 01:15:00','2025-10-22 01:20:00',NULL),(872,2,2,87000.00,87000.00,'cash','dine_in','Rainy','paid','2025-10-22 05:30:00','2025-10-22 05:35:00',NULL),(873,3,3,84000.00,84000.00,'momo','dine_in','Rainy','paid','2025-10-22 12:10:00','2025-10-22 12:18:00',NULL),(874,1,1,54000.00,54000.00,'momo','dine_in','Cool','paid','2025-10-23 01:15:00','2025-10-23 01:20:00',NULL),(875,2,2,87000.00,87000.00,'card','dine_in','Cool','paid','2025-10-23 05:30:00','2025-10-23 05:35:00',NULL),(876,3,3,104000.00,104000.00,'cash','dine_in','Cool','paid','2025-10-23 12:10:00','2025-10-23 12:18:00',NULL),(877,1,1,89000.00,89000.00,'cash','dine_in','Sunny','paid','2025-10-24 01:15:00','2025-10-24 01:20:00',NULL),(878,2,2,142000.00,132000.00,'momo','take_away','Sunny','paid','2025-10-24 05:30:00','2025-10-24 05:35:00',NULL),(879,3,3,84000.00,84000.00,'card','dine_in','Sunny','paid','2025-10-24 12:10:00','2025-10-24 12:18:00',NULL),(880,1,1,54000.00,49000.00,'card','dine_in','Cloudy','paid','2025-10-25 01:15:00','2025-10-25 01:20:00',NULL),(881,2,2,87000.00,87000.00,'cash','dine_in','Cloudy','paid','2025-10-25 05:30:00','2025-10-25 05:35:00',NULL),(882,3,3,104000.00,104000.00,'momo','take_away','Cloudy','paid','2025-10-25 12:10:00','2025-10-25 12:18:00',NULL),(883,2,4,123000.00,123000.00,'momo','dine_in','Cloudy','paid','2025-10-25 09:20:00','2025-10-25 09:28:00',NULL),(884,1,1,89000.00,89000.00,'momo','dine_in','Rainy','paid','2025-10-26 01:15:00','2025-10-26 01:20:00',NULL),(885,2,2,87000.00,87000.00,'card','dine_in','Rainy','paid','2025-10-26 05:30:00','2025-10-26 05:35:00',NULL),(886,3,3,84000.00,84000.00,'cash','dine_in','Rainy','paid','2025-10-26 12:10:00','2025-10-26 12:18:00',NULL),(887,2,4,123000.00,115000.00,'momo','dine_in','Rainy','paid','2025-10-26 09:20:00','2025-10-26 09:28:00',NULL),(888,1,1,54000.00,54000.00,'cash','dine_in','Sunny','paid','2025-10-27 01:15:00','2025-10-27 01:20:00',NULL),(889,2,2,142000.00,142000.00,'momo','dine_in','Sunny','paid','2025-10-27 05:30:00','2025-10-27 05:35:00',NULL),(890,3,3,104000.00,104000.00,'card','dine_in','Sunny','paid','2025-10-27 12:10:00','2025-10-27 12:18:00',NULL),(891,1,1,89000.00,89000.00,'card','dine_in','Cloudy','paid','2025-10-28 01:15:00','2025-10-28 01:20:00',NULL),(892,2,2,87000.00,87000.00,'cash','take_away','Cloudy','paid','2025-10-28 05:30:00','2025-10-28 05:35:00',NULL),(893,3,3,84000.00,77000.00,'momo','dine_in','Cloudy','paid','2025-10-28 12:10:00','2025-10-28 12:18:00',NULL),(894,1,1,54000.00,54000.00,'momo','dine_in','Rainy','paid','2025-10-29 01:15:00','2025-10-29 01:20:00',NULL),(895,2,2,87000.00,87000.00,'card','dine_in','Rainy','paid','2025-10-29 05:30:00','2025-10-29 05:35:00',NULL),(896,3,3,104000.00,104000.00,'cash','dine_in','Rainy','paid','2025-10-29 12:10:00','2025-10-29 12:18:00',NULL),(897,1,1,89000.00,84000.00,'cash','dine_in','Cool','paid','2025-10-30 01:15:00','2025-10-30 01:20:00',NULL),(898,2,2,142000.00,132000.00,'momo','dine_in','Cool','paid','2025-10-30 05:30:00','2025-10-30 05:35:00',NULL),(899,3,3,84000.00,84000.00,'card','take_away','Cool','paid','2025-10-30 12:10:00','2025-10-30 12:18:00',NULL),(900,1,1,54000.00,54000.00,'card','dine_in','Sunny','paid','2025-10-31 01:15:00','2025-10-31 01:20:00',NULL),(901,2,2,87000.00,87000.00,'cash','dine_in','Sunny','paid','2025-10-31 05:30:00','2025-10-31 05:35:00',NULL),(902,3,3,104000.00,104000.00,'momo','dine_in','Sunny','paid','2025-10-31 12:10:00','2025-10-31 12:18:00',NULL),(903,1,1,54000.00,54000.00,'card','dine_in','Cloudy','paid','2025-11-01 01:15:00','2025-11-01 01:20:00',NULL),(904,2,2,87000.00,87000.00,'cash','dine_in','Cloudy','paid','2025-11-01 05:30:00','2025-11-01 05:35:00',NULL),(905,3,3,104000.00,104000.00,'momo','dine_in','Cloudy','paid','2025-11-01 12:10:00','2025-11-01 12:18:00',NULL),(906,2,4,123000.00,123000.00,'momo','dine_in','Cloudy','paid','2025-11-01 09:20:00','2025-11-01 09:28:00',NULL),(907,1,1,89000.00,89000.00,'momo','dine_in','Rainy','paid','2025-11-02 01:15:00','2025-11-02 01:20:00',NULL),(908,2,2,87000.00,87000.00,'card','dine_in','Rainy','paid','2025-11-02 05:30:00','2025-11-02 05:35:00',NULL),(909,3,3,84000.00,84000.00,'cash','dine_in','Rainy','paid','2025-11-02 12:10:00','2025-11-02 12:18:00',NULL),(910,2,4,123000.00,115000.00,'momo','dine_in','Rainy','paid','2025-11-02 09:20:00','2025-11-02 09:28:00',NULL),(911,1,1,54000.00,54000.00,'cash','dine_in','Sunny','paid','2025-11-03 01:15:00','2025-11-03 01:20:00',NULL),(912,2,2,142000.00,142000.00,'momo','dine_in','Sunny','paid','2025-11-03 05:30:00','2025-11-03 05:35:00',NULL),(913,3,3,104000.00,104000.00,'card','dine_in','Sunny','paid','2025-11-03 12:10:00','2025-11-03 12:18:00',NULL),(914,1,1,89000.00,89000.00,'card','dine_in','Cloudy','paid','2025-11-04 01:15:00','2025-11-04 01:20:00',NULL),(915,2,2,87000.00,87000.00,'cash','take_away','Cloudy','paid','2025-11-04 05:30:00','2025-11-04 05:35:00',NULL),(916,3,3,84000.00,84000.00,'momo','dine_in','Cloudy','paid','2025-11-04 12:10:00','2025-11-04 12:18:00',NULL),(917,1,1,54000.00,49000.00,'momo','dine_in','Rainy','paid','2025-11-05 01:15:00','2025-11-05 01:20:00',NULL),(918,2,2,87000.00,87000.00,'card','dine_in','Rainy','paid','2025-11-05 05:30:00','2025-11-05 05:35:00',NULL),(919,3,3,104000.00,104000.00,'cash','take_away','Rainy','paid','2025-11-05 12:10:00','2025-11-05 12:18:00',NULL),(920,1,1,89000.00,89000.00,'cash','dine_in','Cool','paid','2025-11-06 01:15:00','2025-11-06 01:20:00',NULL),(921,2,2,142000.00,132000.00,'momo','dine_in','Cool','paid','2025-11-06 05:30:00','2025-11-06 05:35:00',NULL),(922,3,3,84000.00,84000.00,'card','dine_in','Cool','paid','2025-11-06 12:10:00','2025-11-06 12:18:00',NULL),(923,1,1,54000.00,54000.00,'card','dine_in','Sunny','paid','2025-11-07 01:15:00','2025-11-07 01:20:00',NULL),(924,2,2,87000.00,87000.00,'cash','dine_in','Sunny','paid','2025-11-07 05:30:00','2025-11-07 05:35:00',NULL),(925,3,3,104000.00,97000.00,'momo','dine_in','Sunny','paid','2025-11-07 12:10:00','2025-11-07 12:18:00',NULL),(926,1,1,89000.00,89000.00,'momo','dine_in','Cloudy','paid','2025-11-08 01:15:00','2025-11-08 01:20:00',NULL),(927,2,2,87000.00,87000.00,'card','take_away','Cloudy','paid','2025-11-08 05:30:00','2025-11-08 05:35:00',NULL),(928,3,3,84000.00,84000.00,'cash','dine_in','Cloudy','paid','2025-11-08 12:10:00','2025-11-08 12:18:00',NULL),(929,2,4,123000.00,123000.00,'momo','dine_in','Cloudy','paid','2025-11-08 09:20:00','2025-11-08 09:28:00',NULL),(930,1,1,54000.00,54000.00,'cash','dine_in','Rainy','paid','2025-11-09 01:15:00','2025-11-09 01:20:00',NULL),(931,2,2,142000.00,142000.00,'momo','dine_in','Rainy','paid','2025-11-09 05:30:00','2025-11-09 05:35:00',NULL),(932,3,3,104000.00,104000.00,'card','dine_in','Rainy','paid','2025-11-09 12:10:00','2025-11-09 12:18:00',NULL),(933,2,4,123000.00,115000.00,'momo','dine_in','Rainy','paid','2025-11-09 09:20:00','2025-11-09 09:28:00',NULL),(934,1,1,89000.00,84000.00,'card','dine_in','Sunny','paid','2025-11-10 01:15:00','2025-11-10 01:20:00',NULL),(935,2,2,87000.00,87000.00,'cash','dine_in','Sunny','paid','2025-11-10 05:30:00','2025-11-10 05:35:00',NULL),(936,3,3,84000.00,84000.00,'momo','take_away','Sunny','paid','2025-11-10 12:10:00','2025-11-10 12:18:00',NULL),(937,1,1,54000.00,54000.00,'momo','dine_in','Cloudy','paid','2025-11-11 01:15:00','2025-11-11 01:20:00',NULL),(938,2,2,87000.00,87000.00,'card','dine_in','Cloudy','paid','2025-11-11 05:30:00','2025-11-11 05:35:00',NULL),(939,3,3,104000.00,104000.00,'cash','dine_in','Cloudy','paid','2025-11-11 12:10:00','2025-11-11 12:18:00',NULL),(940,1,1,89000.00,89000.00,'cash','dine_in','Rainy','paid','2025-11-12 01:15:00','2025-11-12 01:20:00',NULL),(941,2,2,142000.00,132000.00,'momo','take_away','Rainy','paid','2025-11-12 05:30:00','2025-11-12 05:35:00',NULL),(942,3,3,84000.00,84000.00,'card','dine_in','Rainy','paid','2025-11-12 12:10:00','2025-11-12 12:18:00',NULL),(943,1,1,54000.00,54000.00,'card','dine_in','Cool','paid','2025-11-13 01:15:00','2025-11-13 01:20:00',NULL),(944,2,2,87000.00,87000.00,'cash','dine_in','Cool','paid','2025-11-13 05:30:00','2025-11-13 05:35:00',NULL),(945,3,3,104000.00,104000.00,'momo','dine_in','Cool','paid','2025-11-13 12:10:00','2025-11-13 12:18:00',NULL),(946,1,1,89000.00,89000.00,'momo','dine_in','Sunny','paid','2025-11-14 01:15:00','2025-11-14 01:20:00',NULL),(947,2,2,87000.00,87000.00,'card','dine_in','Sunny','paid','2025-11-14 05:30:00','2025-11-14 05:35:00',NULL),(948,3,3,84000.00,77000.00,'cash','dine_in','Sunny','paid','2025-11-14 12:10:00','2025-11-14 12:18:00',NULL),(949,1,1,54000.00,49000.00,'cash','dine_in','Cloudy','paid','2025-11-15 01:15:00','2025-11-15 01:20:00',NULL),(950,2,2,142000.00,142000.00,'momo','dine_in','Cloudy','paid','2025-11-15 05:30:00','2025-11-15 05:35:00',NULL),(951,3,3,104000.00,104000.00,'card','take_away','Cloudy','paid','2025-11-15 12:10:00','2025-11-15 12:18:00',NULL),(952,2,4,123000.00,123000.00,'momo','dine_in','Cloudy','paid','2025-11-15 09:20:00','2025-11-15 09:28:00',NULL),(953,1,1,89000.00,89000.00,'card','dine_in','Rainy','paid','2025-11-16 01:15:00','2025-11-16 01:20:00',NULL),(954,2,2,87000.00,87000.00,'cash','take_away','Rainy','paid','2025-11-16 05:30:00','2025-11-16 05:35:00',NULL),(955,3,3,84000.00,84000.00,'momo','dine_in','Rainy','paid','2025-11-16 12:10:00','2025-11-16 12:18:00',NULL),(956,2,4,123000.00,115000.00,'momo','dine_in','Rainy','paid','2025-11-16 09:20:00','2025-11-16 09:28:00',NULL),(957,1,1,54000.00,54000.00,'momo','dine_in','Sunny','paid','2025-11-17 01:15:00','2025-11-17 01:20:00',NULL),(958,2,2,87000.00,87000.00,'card','dine_in','Sunny','paid','2025-11-17 05:30:00','2025-11-17 05:35:00',NULL),(959,3,3,104000.00,104000.00,'cash','dine_in','Sunny','paid','2025-11-17 12:10:00','2025-11-17 12:18:00',NULL),(960,1,1,89000.00,89000.00,'cash','dine_in','Cloudy','paid','2025-11-18 01:15:00','2025-11-18 01:20:00',NULL),(961,2,2,142000.00,132000.00,'momo','dine_in','Cloudy','paid','2025-11-18 05:30:00','2025-11-18 05:35:00',NULL),(962,3,3,84000.00,84000.00,'card','dine_in','Cloudy','paid','2025-11-18 12:10:00','2025-11-18 12:18:00',NULL),(963,1,1,54000.00,54000.00,'card','dine_in','Rainy','paid','2025-11-19 01:15:00','2025-11-19 01:20:00',NULL),(964,2,2,87000.00,87000.00,'cash','dine_in','Rainy','paid','2025-11-19 05:30:00','2025-11-19 05:35:00',NULL),(965,3,3,104000.00,104000.00,'momo','dine_in','Rainy','paid','2025-11-19 12:10:00','2025-11-19 12:18:00',NULL),(966,1,1,89000.00,84000.00,'momo','dine_in','Cool','paid','2025-11-20 01:15:00','2025-11-20 01:20:00',NULL),(967,2,2,87000.00,87000.00,'card','take_away','Cool','paid','2025-11-20 05:30:00','2025-11-20 05:35:00',NULL),(968,3,3,84000.00,84000.00,'cash','take_away','Cool','paid','2025-11-20 12:10:00','2025-11-20 12:18:00',NULL),(969,1,1,54000.00,54000.00,'cash','dine_in','Sunny','paid','2025-11-21 01:15:00','2025-11-21 01:20:00',NULL),(970,2,2,142000.00,142000.00,'momo','dine_in','Sunny','paid','2025-11-21 05:30:00','2025-11-21 05:35:00',NULL),(971,3,3,104000.00,97000.00,'card','dine_in','Sunny','paid','2025-11-21 12:10:00','2025-11-21 12:18:00',NULL),(972,1,1,89000.00,89000.00,'card','dine_in','Cloudy','paid','2025-11-22 01:15:00','2025-11-22 01:20:00',NULL),(973,2,2,87000.00,87000.00,'cash','dine_in','Cloudy','paid','2025-11-22 05:30:00','2025-11-22 05:35:00',NULL),(974,3,3,84000.00,84000.00,'momo','dine_in','Cloudy','paid','2025-11-22 12:10:00','2025-11-22 12:18:00',NULL),(975,2,4,123000.00,123000.00,'momo','dine_in','Cloudy','paid','2025-11-22 09:20:00','2025-11-22 09:28:00',NULL),(976,1,1,54000.00,54000.00,'momo','dine_in','Rainy','paid','2025-11-23 01:15:00','2025-11-23 01:20:00',NULL),(977,2,2,87000.00,87000.00,'card','dine_in','Rainy','paid','2025-11-23 05:30:00','2025-11-23 05:35:00',NULL),(978,3,3,104000.00,104000.00,'cash','dine_in','Rainy','paid','2025-11-23 12:10:00','2025-11-23 12:18:00',NULL),(979,2,4,123000.00,115000.00,'momo','dine_in','Rainy','paid','2025-11-23 09:20:00','2025-11-23 09:28:00',NULL),(980,1,1,89000.00,89000.00,'cash','dine_in','Sunny','paid','2025-11-24 01:15:00','2025-11-24 01:20:00',NULL),(981,2,2,142000.00,132000.00,'momo','take_away','Sunny','paid','2025-11-24 05:30:00','2025-11-24 05:35:00',NULL),(982,3,3,84000.00,84000.00,'card','dine_in','Sunny','paid','2025-11-24 12:10:00','2025-11-24 12:18:00',NULL),(983,1,1,54000.00,49000.00,'card','dine_in','Cloudy','paid','2025-11-25 01:15:00','2025-11-25 01:20:00',NULL),(984,2,2,87000.00,87000.00,'cash','dine_in','Cloudy','paid','2025-11-25 05:30:00','2025-11-25 05:35:00',NULL),(985,3,3,104000.00,104000.00,'momo','take_away','Cloudy','paid','2025-11-25 12:10:00','2025-11-25 12:18:00',NULL),(986,1,1,89000.00,89000.00,'momo','dine_in','Rainy','paid','2025-11-26 01:15:00','2025-11-26 01:20:00',NULL),(987,2,2,87000.00,87000.00,'card','dine_in','Rainy','paid','2025-11-26 05:30:00','2025-11-26 05:35:00',NULL),(988,3,3,84000.00,84000.00,'cash','dine_in','Rainy','paid','2025-11-26 12:10:00','2025-11-26 12:18:00',NULL),(989,1,1,54000.00,54000.00,'cash','dine_in','Cool','paid','2025-11-27 01:15:00','2025-11-27 01:20:00',NULL),(990,2,2,142000.00,142000.00,'momo','dine_in','Cool','paid','2025-11-27 05:30:00','2025-11-27 05:35:00',NULL),(991,3,3,104000.00,104000.00,'card','dine_in','Cool','paid','2025-11-27 12:10:00','2025-11-27 12:18:00',NULL),(992,1,1,89000.00,89000.00,'card','dine_in','Sunny','paid','2025-11-28 01:15:00','2025-11-28 01:20:00',NULL),(993,2,2,87000.00,87000.00,'cash','take_away','Sunny','paid','2025-11-28 05:30:00','2025-11-28 05:35:00',NULL),(994,3,3,84000.00,77000.00,'momo','dine_in','Sunny','paid','2025-11-28 12:10:00','2025-11-28 12:18:00',NULL),(995,1,1,54000.00,54000.00,'momo','dine_in','Cloudy','paid','2025-11-29 01:15:00','2025-11-29 01:20:00',NULL),(996,2,2,87000.00,87000.00,'card','dine_in','Cloudy','paid','2025-11-29 05:30:00','2025-11-29 05:35:00',NULL),(997,3,3,104000.00,104000.00,'cash','dine_in','Cloudy','paid','2025-11-29 12:10:00','2025-11-29 12:18:00',NULL),(998,2,4,123000.00,123000.00,'momo','dine_in','Cloudy','paid','2025-11-29 09:20:00','2025-11-29 09:28:00',NULL),(999,1,1,89000.00,84000.00,'cash','dine_in','Rainy','paid','2025-11-30 01:15:00','2025-11-30 01:20:00',NULL),(1000,2,2,142000.00,132000.00,'momo','dine_in','Rainy','paid','2025-11-30 05:30:00','2025-11-30 05:35:00',NULL),(1001,3,3,84000.00,84000.00,'card','take_away','Rainy','paid','2025-11-30 12:10:00','2025-11-30 12:18:00',NULL),(1002,2,4,123000.00,115000.00,'momo','dine_in','Rainy','paid','2025-11-30 09:20:00','2025-11-30 09:28:00',NULL),(1003,1,1,54000.00,54000.00,'card','dine_in','Sunny','paid','2025-12-01 01:15:00','2025-12-01 01:20:00',NULL),(1004,2,2,87000.00,87000.00,'cash','dine_in','Sunny','paid','2025-12-01 05:30:00','2025-12-01 05:35:00',NULL),(1005,3,3,104000.00,104000.00,'momo','dine_in','Sunny','paid','2025-12-01 12:10:00','2025-12-01 12:18:00',NULL),(1006,1,1,89000.00,89000.00,'momo','dine_in','Cloudy','paid','2025-12-02 01:15:00','2025-12-02 01:20:00',NULL),(1007,2,2,87000.00,87000.00,'card','dine_in','Cloudy','paid','2025-12-02 05:30:00','2025-12-02 05:35:00',NULL),(1008,3,3,84000.00,84000.00,'cash','dine_in','Cloudy','paid','2025-12-02 12:10:00','2025-12-02 12:18:00',NULL),(1009,1,1,54000.00,54000.00,'cash','dine_in','Rainy','paid','2025-12-03 01:15:00','2025-12-03 01:20:00',NULL),(1010,2,2,142000.00,142000.00,'momo','dine_in','Rainy','paid','2025-12-03 05:30:00','2025-12-03 05:35:00',NULL),(1011,3,3,104000.00,104000.00,'card','dine_in','Rainy','paid','2025-12-03 12:10:00','2025-12-03 12:18:00',NULL),(1012,1,1,89000.00,89000.00,'card','dine_in','Cool','paid','2025-12-04 01:15:00','2025-12-04 01:20:00',NULL),(1013,2,2,87000.00,87000.00,'cash','take_away','Cool','paid','2025-12-04 05:30:00','2025-12-04 05:35:00',NULL),(1014,3,3,84000.00,84000.00,'momo','dine_in','Cool','paid','2025-12-04 12:10:00','2025-12-04 12:18:00',NULL),(1015,1,1,54000.00,49000.00,'momo','dine_in','Sunny','paid','2025-12-05 01:15:00','2025-12-05 01:20:00',NULL),(1016,2,2,87000.00,87000.00,'card','dine_in','Sunny','paid','2025-12-05 05:30:00','2025-12-05 05:35:00',NULL),(1017,3,3,104000.00,104000.00,'cash','take_away','Sunny','paid','2025-12-05 12:10:00','2025-12-05 12:18:00',NULL),(1018,1,1,89000.00,89000.00,'cash','dine_in','Cloudy','paid','2025-12-06 01:15:00','2025-12-06 01:20:00',NULL),(1019,2,2,142000.00,132000.00,'momo','dine_in','Cloudy','paid','2025-12-06 05:30:00','2025-12-06 05:35:00',NULL),(1020,3,3,84000.00,84000.00,'card','dine_in','Cloudy','paid','2025-12-06 12:10:00','2025-12-06 12:18:00',NULL),(1021,2,4,123000.00,123000.00,'momo','dine_in','Cloudy','paid','2025-12-06 09:20:00','2025-12-06 09:28:00',NULL),(1022,1,1,54000.00,54000.00,'card','dine_in','Rainy','paid','2025-12-07 01:15:00','2025-12-07 01:20:00',NULL),(1023,2,2,87000.00,87000.00,'cash','dine_in','Rainy','paid','2025-12-07 05:30:00','2025-12-07 05:35:00',NULL),(1024,3,3,104000.00,97000.00,'momo','dine_in','Rainy','paid','2025-12-07 12:10:00','2025-12-07 12:18:00',NULL),(1025,2,4,123000.00,115000.00,'momo','dine_in','Rainy','paid','2025-12-07 09:20:00','2025-12-07 09:28:00',NULL),(1026,1,1,89000.00,89000.00,'momo','dine_in','Sunny','paid','2025-12-08 01:15:00','2025-12-08 01:20:00',NULL),(1027,2,2,87000.00,87000.00,'card','take_away','Sunny','paid','2025-12-08 05:30:00','2025-12-08 05:35:00',NULL),(1028,3,3,84000.00,84000.00,'cash','dine_in','Sunny','paid','2025-12-08 12:10:00','2025-12-08 12:18:00',NULL),(1029,1,1,54000.00,54000.00,'cash','dine_in','Cloudy','paid','2025-12-09 01:15:00','2025-12-09 01:20:00',NULL),(1030,2,2,142000.00,142000.00,'momo','dine_in','Cloudy','paid','2025-12-09 05:30:00','2025-12-09 05:35:00',NULL),(1031,3,3,104000.00,104000.00,'card','dine_in','Cloudy','paid','2025-12-09 12:10:00','2025-12-09 12:18:00',NULL),(1032,1,1,89000.00,84000.00,'card','dine_in','Rainy','paid','2025-12-10 01:15:00','2025-12-10 01:20:00',NULL),(1033,2,2,87000.00,87000.00,'cash','dine_in','Rainy','paid','2025-12-10 05:30:00','2025-12-10 05:35:00',NULL),(1034,3,3,84000.00,84000.00,'momo','take_away','Rainy','paid','2025-12-10 12:10:00','2025-12-10 12:18:00',NULL),(1035,1,1,54000.00,54000.00,'momo','dine_in','Cool','paid','2025-12-11 01:15:00','2025-12-11 01:20:00',NULL),(1036,2,2,87000.00,87000.00,'card','dine_in','Cool','paid','2025-12-11 05:30:00','2025-12-11 05:35:00',NULL),(1037,3,3,104000.00,104000.00,'cash','dine_in','Cool','paid','2025-12-11 12:10:00','2025-12-11 12:18:00',NULL),(1038,1,1,89000.00,89000.00,'cash','dine_in','Sunny','paid','2025-12-12 01:15:00','2025-12-12 01:20:00',NULL),(1039,2,2,142000.00,132000.00,'momo','take_away','Sunny','paid','2025-12-12 05:30:00','2025-12-12 05:35:00',NULL),(1040,3,3,84000.00,84000.00,'card','dine_in','Sunny','paid','2025-12-12 12:10:00','2025-12-12 12:18:00',NULL),(1041,1,1,54000.00,54000.00,'card','dine_in','Cloudy','paid','2025-12-13 01:15:00','2025-12-13 01:20:00',NULL),(1042,2,2,87000.00,87000.00,'cash','dine_in','Cloudy','paid','2025-12-13 05:30:00','2025-12-13 05:35:00',NULL),(1043,3,3,104000.00,104000.00,'momo','dine_in','Cloudy','paid','2025-12-13 12:10:00','2025-12-13 12:18:00',NULL),(1044,2,4,123000.00,123000.00,'momo','dine_in','Cloudy','paid','2025-12-13 09:20:00','2025-12-13 09:28:00',NULL),(1045,1,1,89000.00,89000.00,'momo','dine_in','Rainy','paid','2025-12-14 01:15:00','2025-12-14 01:20:00',NULL),(1046,2,2,87000.00,87000.00,'card','dine_in','Rainy','paid','2025-12-14 05:30:00','2025-12-14 05:35:00',NULL),(1047,3,3,84000.00,77000.00,'cash','dine_in','Rainy','paid','2025-12-14 12:10:00','2025-12-14 12:18:00',NULL),(1048,2,4,123000.00,115000.00,'momo','dine_in','Rainy','paid','2025-12-14 09:20:00','2025-12-14 09:28:00',NULL),(1049,1,1,54000.00,49000.00,'cash','dine_in','Sunny','paid','2025-12-15 01:15:00','2025-12-15 01:20:00',NULL),(1050,2,2,142000.00,142000.00,'momo','dine_in','Sunny','paid','2025-12-15 05:30:00','2025-12-15 05:35:00',NULL),(1051,3,3,104000.00,104000.00,'card','take_away','Sunny','paid','2025-12-15 12:10:00','2025-12-15 12:18:00',NULL),(1052,1,1,89000.00,89000.00,'card','dine_in','Cloudy','paid','2025-12-16 01:15:00','2025-12-16 01:20:00',NULL),(1053,2,2,87000.00,87000.00,'cash','take_away','Cloudy','paid','2025-12-16 05:30:00','2025-12-16 05:35:00',NULL),(1054,3,3,84000.00,84000.00,'momo','dine_in','Cloudy','paid','2025-12-16 12:10:00','2025-12-16 12:18:00',NULL),(1055,1,1,54000.00,54000.00,'momo','dine_in','Rainy','paid','2025-12-17 01:15:00','2025-12-17 01:20:00',NULL),(1056,2,2,87000.00,87000.00,'card','dine_in','Rainy','paid','2025-12-17 05:30:00','2025-12-17 05:35:00',NULL),(1057,3,3,104000.00,104000.00,'cash','dine_in','Rainy','paid','2025-12-17 12:10:00','2025-12-17 12:18:00',NULL),(1058,1,1,89000.00,89000.00,'cash','dine_in','Cool','paid','2025-12-18 01:15:00','2025-12-18 01:20:00',NULL),(1059,2,2,142000.00,132000.00,'momo','dine_in','Cool','paid','2025-12-18 05:30:00','2025-12-18 05:35:00',NULL),(1060,3,3,84000.00,84000.00,'card','dine_in','Cool','paid','2025-12-18 12:10:00','2025-12-18 12:18:00',NULL),(1061,1,1,54000.00,54000.00,'card','dine_in','Sunny','paid','2025-12-19 01:15:00','2025-12-19 01:20:00',NULL),(1062,2,2,87000.00,87000.00,'cash','dine_in','Sunny','paid','2025-12-19 05:30:00','2025-12-19 05:35:00',NULL),(1063,3,3,104000.00,104000.00,'momo','dine_in','Sunny','paid','2025-12-19 12:10:00','2025-12-19 12:18:00',NULL),(1064,1,1,89000.00,84000.00,'momo','dine_in','Cloudy','paid','2025-12-20 01:15:00','2025-12-20 01:20:00',NULL),(1065,2,2,87000.00,87000.00,'card','take_away','Cloudy','paid','2025-12-20 05:30:00','2025-12-20 05:35:00',NULL),(1066,3,3,84000.00,84000.00,'cash','take_away','Cloudy','paid','2025-12-20 12:10:00','2025-12-20 12:18:00',NULL),(1067,2,4,123000.00,123000.00,'momo','dine_in','Cloudy','paid','2025-12-20 09:20:00','2025-12-20 09:28:00',NULL),(1068,1,1,54000.00,54000.00,'cash','dine_in','Rainy','paid','2025-12-21 01:15:00','2025-12-21 01:20:00',NULL),(1069,2,2,142000.00,142000.00,'momo','dine_in','Rainy','paid','2025-12-21 05:30:00','2025-12-21 05:35:00',NULL),(1070,3,3,104000.00,97000.00,'card','dine_in','Rainy','paid','2025-12-21 12:10:00','2025-12-21 12:18:00',NULL),(1071,2,4,123000.00,115000.00,'momo','dine_in','Rainy','paid','2025-12-21 09:20:00','2025-12-21 09:28:00',NULL),(1072,1,1,89000.00,89000.00,'card','dine_in','Sunny','paid','2025-12-22 01:15:00','2025-12-22 01:20:00',NULL),(1073,2,2,87000.00,87000.00,'cash','dine_in','Sunny','paid','2025-12-22 05:30:00','2025-12-22 05:35:00',NULL),(1074,3,3,84000.00,84000.00,'momo','dine_in','Sunny','paid','2025-12-22 12:10:00','2025-12-22 12:18:00',NULL),(1075,1,1,54000.00,54000.00,'momo','dine_in','Cloudy','paid','2025-12-23 01:15:00','2025-12-23 01:20:00',NULL),(1076,2,2,87000.00,87000.00,'card','dine_in','Cloudy','paid','2025-12-23 05:30:00','2025-12-23 05:35:00',NULL),(1077,3,3,104000.00,104000.00,'cash','dine_in','Cloudy','paid','2025-12-23 12:10:00','2025-12-23 12:18:00',NULL),(1078,1,1,89000.00,89000.00,'cash','dine_in','Rainy','paid','2025-12-24 01:15:00','2025-12-24 01:20:00',NULL),(1079,2,2,142000.00,132000.00,'momo','take_away','Rainy','paid','2025-12-24 05:30:00','2025-12-24 05:35:00',NULL),(1080,3,3,84000.00,84000.00,'card','dine_in','Rainy','paid','2025-12-24 12:10:00','2025-12-24 12:18:00',NULL),(1081,1,1,54000.00,49000.00,'card','dine_in','Cool','paid','2025-12-25 01:15:00','2025-12-25 01:20:00',NULL),(1082,2,2,87000.00,87000.00,'cash','dine_in','Cool','paid','2025-12-25 05:30:00','2025-12-25 05:35:00',NULL),(1083,3,3,104000.00,104000.00,'momo','take_away','Cool','paid','2025-12-25 12:10:00','2025-12-25 12:18:00',NULL),(1084,1,1,89000.00,89000.00,'momo','dine_in','Sunny','paid','2025-12-26 01:15:00','2025-12-26 01:20:00',NULL),(1085,2,2,87000.00,87000.00,'card','dine_in','Sunny','paid','2025-12-26 05:30:00','2025-12-26 05:35:00',NULL),(1086,3,3,84000.00,84000.00,'cash','dine_in','Sunny','paid','2025-12-26 12:10:00','2025-12-26 12:18:00',NULL),(1087,1,1,54000.00,54000.00,'cash','dine_in','Cloudy','paid','2025-12-27 01:15:00','2025-12-27 01:20:00',NULL),(1088,2,2,142000.00,142000.00,'momo','dine_in','Cloudy','paid','2025-12-27 05:30:00','2025-12-27 05:35:00',NULL),(1089,3,3,104000.00,104000.00,'card','dine_in','Cloudy','paid','2025-12-27 12:10:00','2025-12-27 12:18:00',NULL),(1090,2,4,123000.00,123000.00,'momo','dine_in','Cloudy','paid','2025-12-27 09:20:00','2025-12-27 09:28:00',NULL),(1091,1,1,89000.00,89000.00,'card','dine_in','Rainy','paid','2025-12-28 01:15:00','2025-12-28 01:20:00',NULL),(1092,2,2,87000.00,87000.00,'cash','take_away','Rainy','paid','2025-12-28 05:30:00','2025-12-28 05:35:00',NULL),(1093,3,3,84000.00,77000.00,'momo','dine_in','Rainy','paid','2025-12-28 12:10:00','2025-12-28 12:18:00',NULL),(1094,2,4,123000.00,115000.00,'momo','dine_in','Rainy','paid','2025-12-28 09:20:00','2025-12-28 09:28:00',NULL),(1095,1,1,54000.00,54000.00,'momo','dine_in','Sunny','paid','2025-12-29 01:15:00','2025-12-29 01:20:00',NULL),(1096,2,2,87000.00,87000.00,'card','dine_in','Sunny','paid','2025-12-29 05:30:00','2025-12-29 05:35:00',NULL),(1097,3,3,104000.00,104000.00,'cash','dine_in','Sunny','paid','2025-12-29 12:10:00','2025-12-29 12:18:00',NULL),(1098,1,1,89000.00,84000.00,'cash','dine_in','Cloudy','paid','2025-12-30 01:15:00','2025-12-30 01:20:00',NULL),(1099,2,2,142000.00,132000.00,'momo','dine_in','Cloudy','paid','2025-12-30 05:30:00','2025-12-30 05:35:00',NULL),(1100,3,3,84000.00,84000.00,'card','take_away','Cloudy','paid','2025-12-30 12:10:00','2025-12-30 12:18:00',NULL),(1101,1,1,54000.00,54000.00,'card','dine_in','Rainy','paid','2025-12-31 01:15:00','2025-12-31 01:20:00',NULL),(1102,2,2,87000.00,87000.00,'cash','dine_in','Rainy','paid','2025-12-31 05:30:00','2025-12-31 05:35:00',NULL),(1103,3,3,104000.00,104000.00,'momo','dine_in','Rainy','paid','2025-12-31 12:10:00','2025-12-31 12:18:00',NULL),(1104,1,1,54000.00,54000.00,'card','dine_in','Cool','paid','2026-01-01 01:15:00','2026-01-01 01:20:00',NULL),(1105,2,2,87000.00,87000.00,'cash','dine_in','Cool','paid','2026-01-01 05:30:00','2026-01-01 05:35:00',NULL),(1106,3,3,104000.00,104000.00,'momo','dine_in','Cool','paid','2026-01-01 12:10:00','2026-01-01 12:18:00',NULL),(1107,1,1,89000.00,89000.00,'momo','dine_in','Sunny','paid','2026-01-02 01:15:00','2026-01-02 01:20:00',NULL),(1108,2,2,87000.00,87000.00,'card','dine_in','Sunny','paid','2026-01-02 05:30:00','2026-01-02 05:35:00',NULL),(1109,3,3,84000.00,84000.00,'cash','dine_in','Sunny','paid','2026-01-02 12:10:00','2026-01-02 12:18:00',NULL),(1110,1,1,54000.00,54000.00,'cash','dine_in','Cloudy','paid','2026-01-03 01:15:00','2026-01-03 01:20:00',NULL),(1111,2,2,142000.00,142000.00,'momo','dine_in','Cloudy','paid','2026-01-03 05:30:00','2026-01-03 05:35:00',NULL),(1112,3,3,104000.00,104000.00,'card','dine_in','Cloudy','paid','2026-01-03 12:10:00','2026-01-03 12:18:00',NULL),(1113,2,4,123000.00,123000.00,'momo','dine_in','Cloudy','paid','2026-01-03 09:20:00','2026-01-03 09:28:00',NULL),(1114,1,1,89000.00,89000.00,'card','dine_in','Rainy','paid','2026-01-04 01:15:00','2026-01-04 01:20:00',NULL),(1115,2,2,87000.00,87000.00,'cash','take_away','Rainy','paid','2026-01-04 05:30:00','2026-01-04 05:35:00',NULL),(1116,3,3,84000.00,84000.00,'momo','dine_in','Rainy','paid','2026-01-04 12:10:00','2026-01-04 12:18:00',NULL),(1117,2,4,123000.00,115000.00,'momo','dine_in','Rainy','paid','2026-01-04 09:20:00','2026-01-04 09:28:00',NULL),(1118,1,1,54000.00,49000.00,'momo','dine_in','Sunny','paid','2026-01-05 01:15:00','2026-01-05 01:20:00',NULL),(1119,2,2,87000.00,87000.00,'card','dine_in','Sunny','paid','2026-01-05 05:30:00','2026-01-05 05:35:00',NULL),(1120,3,3,104000.00,104000.00,'cash','take_away','Sunny','paid','2026-01-05 12:10:00','2026-01-05 12:18:00',NULL),(1121,1,1,89000.00,89000.00,'cash','dine_in','Cloudy','paid','2026-01-06 01:15:00','2026-01-06 01:20:00',NULL),(1122,2,2,142000.00,132000.00,'momo','dine_in','Cloudy','paid','2026-01-06 05:30:00','2026-01-06 05:35:00',NULL),(1123,3,3,84000.00,84000.00,'card','dine_in','Cloudy','paid','2026-01-06 12:10:00','2026-01-06 12:18:00',NULL),(1124,1,1,54000.00,54000.00,'card','dine_in','Rainy','paid','2026-01-07 01:15:00','2026-01-07 01:20:00',NULL),(1125,2,2,87000.00,87000.00,'cash','dine_in','Rainy','paid','2026-01-07 05:30:00','2026-01-07 05:35:00',NULL),(1126,3,3,104000.00,97000.00,'momo','dine_in','Rainy','paid','2026-01-07 12:10:00','2026-01-07 12:18:00',NULL),(1127,1,1,89000.00,89000.00,'momo','dine_in','Cool','paid','2026-01-08 01:15:00','2026-01-08 01:20:00',NULL),(1128,2,2,87000.00,87000.00,'card','take_away','Cool','paid','2026-01-08 05:30:00','2026-01-08 05:35:00',NULL),(1129,3,3,84000.00,84000.00,'cash','dine_in','Cool','paid','2026-01-08 12:10:00','2026-01-08 12:18:00',NULL),(1130,1,1,54000.00,54000.00,'cash','dine_in','Sunny','paid','2026-01-09 01:15:00','2026-01-09 01:20:00',NULL),(1131,2,2,142000.00,142000.00,'momo','dine_in','Sunny','paid','2026-01-09 05:30:00','2026-01-09 05:35:00',NULL),(1132,3,3,104000.00,104000.00,'card','dine_in','Sunny','paid','2026-01-09 12:10:00','2026-01-09 12:18:00',NULL),(1133,1,1,89000.00,84000.00,'card','dine_in','Cloudy','paid','2026-01-10 01:15:00','2026-01-10 01:20:00',NULL),(1134,2,2,87000.00,87000.00,'cash','dine_in','Cloudy','paid','2026-01-10 05:30:00','2026-01-10 05:35:00',NULL),(1135,3,3,84000.00,84000.00,'momo','take_away','Cloudy','paid','2026-01-10 12:10:00','2026-01-10 12:18:00',NULL),(1136,2,4,123000.00,123000.00,'momo','dine_in','Cloudy','paid','2026-01-10 09:20:00','2026-01-10 09:28:00',NULL),(1137,1,1,54000.00,54000.00,'momo','dine_in','Rainy','paid','2026-01-11 01:15:00','2026-01-11 01:20:00',NULL),(1138,2,2,87000.00,87000.00,'card','dine_in','Rainy','paid','2026-01-11 05:30:00','2026-01-11 05:35:00',NULL),(1139,3,3,104000.00,104000.00,'cash','dine_in','Rainy','paid','2026-01-11 12:10:00','2026-01-11 12:18:00',NULL),(1140,2,4,123000.00,115000.00,'momo','dine_in','Rainy','paid','2026-01-11 09:20:00','2026-01-11 09:28:00',NULL),(1141,1,1,89000.00,89000.00,'cash','dine_in','Sunny','paid','2026-01-12 01:15:00','2026-01-12 01:20:00',NULL),(1142,2,2,142000.00,132000.00,'momo','take_away','Sunny','paid','2026-01-12 05:30:00','2026-01-12 05:35:00',NULL),(1143,3,3,84000.00,84000.00,'card','dine_in','Sunny','paid','2026-01-12 12:10:00','2026-01-12 12:18:00',NULL),(1144,1,1,54000.00,54000.00,'card','dine_in','Cloudy','paid','2026-01-13 01:15:00','2026-01-13 01:20:00',NULL),(1145,2,2,87000.00,87000.00,'cash','dine_in','Cloudy','paid','2026-01-13 05:30:00','2026-01-13 05:35:00',NULL),(1146,3,3,104000.00,104000.00,'momo','dine_in','Cloudy','paid','2026-01-13 12:10:00','2026-01-13 12:18:00',NULL),(1147,1,1,89000.00,89000.00,'momo','dine_in','Rainy','paid','2026-01-14 01:15:00','2026-01-14 01:20:00',NULL),(1148,2,2,87000.00,87000.00,'card','dine_in','Rainy','paid','2026-01-14 05:30:00','2026-01-14 05:35:00',NULL),(1149,3,3,84000.00,77000.00,'cash','dine_in','Rainy','paid','2026-01-14 12:10:00','2026-01-14 12:18:00',NULL),(1150,1,1,54000.00,49000.00,'cash','dine_in','Cool','paid','2026-01-15 01:15:00','2026-01-15 01:20:00',NULL),(1151,2,2,142000.00,142000.00,'momo','dine_in','Cool','paid','2026-01-15 05:30:00','2026-01-15 05:35:00',NULL),(1152,3,3,104000.00,104000.00,'card','take_away','Cool','paid','2026-01-15 12:10:00','2026-01-15 12:18:00',NULL),(1153,1,1,89000.00,89000.00,'card','dine_in','Sunny','paid','2026-01-16 01:15:00','2026-01-16 01:20:00',NULL),(1154,2,2,87000.00,87000.00,'cash','take_away','Sunny','paid','2026-01-16 05:30:00','2026-01-16 05:35:00',NULL),(1155,3,3,84000.00,84000.00,'momo','dine_in','Sunny','paid','2026-01-16 12:10:00','2026-01-16 12:18:00',NULL),(1156,1,1,54000.00,54000.00,'momo','dine_in','Cloudy','paid','2026-01-17 01:15:00','2026-01-17 01:20:00',NULL),(1157,2,2,87000.00,87000.00,'card','dine_in','Cloudy','paid','2026-01-17 05:30:00','2026-01-17 05:35:00',NULL),(1158,3,3,104000.00,104000.00,'cash','dine_in','Cloudy','paid','2026-01-17 12:10:00','2026-01-17 12:18:00',NULL),(1159,2,4,123000.00,123000.00,'momo','dine_in','Cloudy','paid','2026-01-17 09:20:00','2026-01-17 09:28:00',NULL),(1160,1,1,89000.00,89000.00,'cash','dine_in','Rainy','paid','2026-01-18 01:15:00','2026-01-18 01:20:00',NULL),(1161,2,2,142000.00,132000.00,'momo','dine_in','Rainy','paid','2026-01-18 05:30:00','2026-01-18 05:35:00',NULL),(1162,3,3,84000.00,84000.00,'card','dine_in','Rainy','paid','2026-01-18 12:10:00','2026-01-18 12:18:00',NULL),(1163,2,4,123000.00,115000.00,'momo','dine_in','Rainy','paid','2026-01-18 09:20:00','2026-01-18 09:28:00',NULL),(1164,1,1,54000.00,54000.00,'card','dine_in','Sunny','paid','2026-01-19 01:15:00','2026-01-19 01:20:00',NULL),(1165,2,2,87000.00,87000.00,'cash','dine_in','Sunny','paid','2026-01-19 05:30:00','2026-01-19 05:35:00',NULL),(1166,3,3,104000.00,104000.00,'momo','dine_in','Sunny','paid','2026-01-19 12:10:00','2026-01-19 12:18:00',NULL),(1167,1,1,89000.00,84000.00,'momo','dine_in','Cloudy','paid','2026-01-20 01:15:00','2026-01-20 01:20:00',NULL),(1168,2,2,87000.00,87000.00,'card','take_away','Cloudy','paid','2026-01-20 05:30:00','2026-01-20 05:35:00',NULL),(1169,3,3,84000.00,84000.00,'cash','take_away','Cloudy','paid','2026-01-20 12:10:00','2026-01-20 12:18:00',NULL),(1170,1,1,54000.00,54000.00,'cash','dine_in','Rainy','paid','2026-01-21 01:15:00','2026-01-21 01:20:00',NULL),(1171,2,2,142000.00,142000.00,'momo','dine_in','Rainy','paid','2026-01-21 05:30:00','2026-01-21 05:35:00',NULL),(1172,3,3,104000.00,97000.00,'card','dine_in','Rainy','paid','2026-01-21 12:10:00','2026-01-21 12:18:00',NULL),(1173,1,1,89000.00,89000.00,'card','dine_in','Cool','paid','2026-01-22 01:15:00','2026-01-22 01:20:00',NULL),(1174,2,2,87000.00,87000.00,'cash','dine_in','Cool','paid','2026-01-22 05:30:00','2026-01-22 05:35:00',NULL),(1175,3,3,84000.00,84000.00,'momo','dine_in','Cool','paid','2026-01-22 12:10:00','2026-01-22 12:18:00',NULL),(1176,1,1,54000.00,54000.00,'momo','dine_in','Sunny','paid','2026-01-23 01:15:00','2026-01-23 01:20:00',NULL),(1177,2,2,87000.00,87000.00,'card','dine_in','Sunny','paid','2026-01-23 05:30:00','2026-01-23 05:35:00',NULL),(1178,3,3,104000.00,104000.00,'cash','dine_in','Sunny','paid','2026-01-23 12:10:00','2026-01-23 12:18:00',NULL),(1179,1,1,89000.00,89000.00,'cash','dine_in','Cloudy','paid','2026-01-24 01:15:00','2026-01-24 01:20:00',NULL),(1180,2,2,142000.00,132000.00,'momo','take_away','Cloudy','paid','2026-01-24 05:30:00','2026-01-24 05:35:00',NULL),(1181,3,3,84000.00,84000.00,'card','dine_in','Cloudy','paid','2026-01-24 12:10:00','2026-01-24 12:18:00',NULL),(1182,2,4,123000.00,123000.00,'momo','dine_in','Cloudy','paid','2026-01-24 09:20:00','2026-01-24 09:28:00',NULL),(1183,1,1,54000.00,49000.00,'card','dine_in','Rainy','paid','2026-01-25 01:15:00','2026-01-25 01:20:00',NULL),(1184,2,2,87000.00,87000.00,'cash','dine_in','Rainy','paid','2026-01-25 05:30:00','2026-01-25 05:35:00',NULL),(1185,3,3,104000.00,104000.00,'momo','take_away','Rainy','paid','2026-01-25 12:10:00','2026-01-25 12:18:00',NULL),(1186,2,4,123000.00,115000.00,'momo','dine_in','Rainy','paid','2026-01-25 09:20:00','2026-01-25 09:28:00',NULL),(1187,1,1,89000.00,89000.00,'momo','dine_in','Sunny','paid','2026-01-26 01:15:00','2026-01-26 01:20:00',NULL),(1188,2,2,87000.00,87000.00,'card','dine_in','Sunny','paid','2026-01-26 05:30:00','2026-01-26 05:35:00',NULL),(1189,3,3,84000.00,84000.00,'cash','dine_in','Sunny','paid','2026-01-26 12:10:00','2026-01-26 12:18:00',NULL),(1190,1,1,54000.00,54000.00,'cash','dine_in','Cloudy','paid','2026-01-27 01:15:00','2026-01-27 01:20:00',NULL),(1191,2,2,142000.00,142000.00,'momo','dine_in','Cloudy','paid','2026-01-27 05:30:00','2026-01-27 05:35:00',NULL),(1192,3,3,104000.00,104000.00,'card','dine_in','Cloudy','paid','2026-01-27 12:10:00','2026-01-27 12:18:00',NULL),(1193,1,1,89000.00,89000.00,'card','dine_in','Rainy','paid','2026-01-28 01:15:00','2026-01-28 01:20:00',NULL),(1194,2,2,87000.00,87000.00,'cash','take_away','Rainy','paid','2026-01-28 05:30:00','2026-01-28 05:35:00',NULL),(1195,3,3,84000.00,77000.00,'momo','dine_in','Rainy','paid','2026-01-28 12:10:00','2026-01-28 12:18:00',NULL),(1196,1,1,54000.00,54000.00,'momo','dine_in','Cool','paid','2026-01-29 01:15:00','2026-01-29 01:20:00',NULL),(1197,2,2,87000.00,87000.00,'card','dine_in','Cool','paid','2026-01-29 05:30:00','2026-01-29 05:35:00',NULL),(1198,3,3,104000.00,104000.00,'cash','dine_in','Cool','paid','2026-01-29 12:10:00','2026-01-29 12:18:00',NULL),(1199,1,1,89000.00,84000.00,'cash','dine_in','Sunny','paid','2026-01-30 01:15:00','2026-01-30 01:20:00',NULL),(1200,2,2,142000.00,132000.00,'momo','dine_in','Sunny','paid','2026-01-30 05:30:00','2026-01-30 05:35:00',NULL),(1201,3,3,84000.00,84000.00,'card','take_away','Sunny','paid','2026-01-30 12:10:00','2026-01-30 12:18:00',NULL),(1202,1,1,54000.00,54000.00,'card','dine_in','Cloudy','paid','2026-01-31 01:15:00','2026-01-31 01:20:00',NULL),(1203,2,2,87000.00,87000.00,'cash','dine_in','Cloudy','paid','2026-01-31 05:30:00','2026-01-31 05:35:00',NULL),(1204,3,3,104000.00,104000.00,'momo','dine_in','Cloudy','paid','2026-01-31 12:10:00','2026-01-31 12:18:00',NULL),(1205,2,4,123000.00,123000.00,'momo','dine_in','Cloudy','paid','2026-01-31 09:20:00','2026-01-31 09:28:00',NULL),(1206,1,1,54000.00,54000.00,'card','dine_in','Rainy','paid','2026-02-01 01:15:00','2026-02-01 01:20:00',NULL),(1207,2,2,87000.00,87000.00,'cash','dine_in','Rainy','paid','2026-02-01 05:30:00','2026-02-01 05:35:00',NULL),(1208,3,3,104000.00,104000.00,'momo','dine_in','Rainy','paid','2026-02-01 12:10:00','2026-02-01 12:18:00',NULL),(1209,2,4,123000.00,115000.00,'momo','dine_in','Rainy','paid','2026-02-01 09:20:00','2026-02-01 09:28:00',NULL),(1210,1,1,89000.00,89000.00,'momo','dine_in','Sunny','paid','2026-02-02 01:15:00','2026-02-02 01:20:00',NULL),(1211,2,2,87000.00,87000.00,'card','dine_in','Sunny','paid','2026-02-02 05:30:00','2026-02-02 05:35:00',NULL),(1212,3,3,84000.00,84000.00,'cash','dine_in','Sunny','paid','2026-02-02 12:10:00','2026-02-02 12:18:00',NULL),(1213,1,1,54000.00,54000.00,'cash','dine_in','Cloudy','paid','2026-02-03 01:15:00','2026-02-03 01:20:00',NULL),(1214,2,2,142000.00,142000.00,'momo','dine_in','Cloudy','paid','2026-02-03 05:30:00','2026-02-03 05:35:00',NULL),(1215,3,3,104000.00,104000.00,'card','dine_in','Cloudy','paid','2026-02-03 12:10:00','2026-02-03 12:18:00',NULL),(1216,1,1,89000.00,89000.00,'card','dine_in','Rainy','paid','2026-02-04 01:15:00','2026-02-04 01:20:00',NULL),(1217,2,2,87000.00,87000.00,'cash','take_away','Rainy','paid','2026-02-04 05:30:00','2026-02-04 05:35:00',NULL),(1218,3,3,84000.00,84000.00,'momo','dine_in','Rainy','paid','2026-02-04 12:10:00','2026-02-04 12:18:00',NULL),(1219,1,1,54000.00,49000.00,'momo','dine_in','Cool','paid','2026-02-05 01:15:00','2026-02-05 01:20:00',NULL),(1220,2,2,87000.00,87000.00,'card','dine_in','Cool','paid','2026-02-05 05:30:00','2026-02-05 05:35:00',NULL),(1221,3,3,104000.00,104000.00,'cash','take_away','Cool','paid','2026-02-05 12:10:00','2026-02-05 12:18:00',NULL),(1222,1,1,89000.00,89000.00,'cash','dine_in','Sunny','paid','2026-02-06 01:15:00','2026-02-06 01:20:00',NULL),(1223,2,2,142000.00,132000.00,'momo','dine_in','Sunny','paid','2026-02-06 05:30:00','2026-02-06 05:35:00',NULL),(1224,3,3,84000.00,84000.00,'card','dine_in','Sunny','paid','2026-02-06 12:10:00','2026-02-06 12:18:00',NULL),(1225,1,1,54000.00,54000.00,'card','dine_in','Cloudy','paid','2026-02-07 01:15:00','2026-02-07 01:20:00',NULL),(1226,2,2,87000.00,87000.00,'cash','dine_in','Cloudy','paid','2026-02-07 05:30:00','2026-02-07 05:35:00',NULL),(1227,3,3,104000.00,97000.00,'momo','dine_in','Cloudy','paid','2026-02-07 12:10:00','2026-02-07 12:18:00',NULL),(1228,2,4,123000.00,123000.00,'momo','dine_in','Cloudy','paid','2026-02-07 09:20:00','2026-02-07 09:28:00',NULL),(1229,1,1,89000.00,89000.00,'momo','dine_in','Rainy','paid','2026-02-08 01:15:00','2026-02-08 01:20:00',NULL),(1230,2,2,87000.00,87000.00,'card','take_away','Rainy','paid','2026-02-08 05:30:00','2026-02-08 05:35:00',NULL),(1231,3,3,84000.00,84000.00,'cash','dine_in','Rainy','paid','2026-02-08 12:10:00','2026-02-08 12:18:00',NULL),(1232,2,4,123000.00,115000.00,'momo','dine_in','Rainy','paid','2026-02-08 09:20:00','2026-02-08 09:28:00',NULL),(1233,1,1,54000.00,54000.00,'cash','dine_in','Sunny','paid','2026-02-09 01:15:00','2026-02-09 01:20:00',NULL),(1234,2,2,142000.00,142000.00,'momo','dine_in','Sunny','paid','2026-02-09 05:30:00','2026-02-09 05:35:00',NULL),(1235,3,3,104000.00,104000.00,'card','dine_in','Sunny','paid','2026-02-09 12:10:00','2026-02-09 12:18:00',NULL),(1236,1,1,89000.00,84000.00,'card','dine_in','Cloudy','paid','2026-02-10 01:15:00','2026-02-10 01:20:00',NULL),(1237,2,2,87000.00,87000.00,'cash','dine_in','Cloudy','paid','2026-02-10 05:30:00','2026-02-10 05:35:00',NULL),(1238,3,3,84000.00,84000.00,'momo','take_away','Cloudy','paid','2026-02-10 12:10:00','2026-02-10 12:18:00',NULL),(1239,1,1,54000.00,54000.00,'momo','dine_in','Rainy','paid','2026-02-11 01:15:00','2026-02-11 01:20:00',NULL),(1240,2,2,87000.00,87000.00,'card','dine_in','Rainy','paid','2026-02-11 05:30:00','2026-02-11 05:35:00',NULL),(1241,3,3,104000.00,104000.00,'cash','dine_in','Rainy','paid','2026-02-11 12:10:00','2026-02-11 12:18:00',NULL),(1242,1,1,89000.00,89000.00,'cash','dine_in','Cool','paid','2026-02-12 01:15:00','2026-02-12 01:20:00',NULL),(1243,2,2,142000.00,132000.00,'momo','take_away','Cool','paid','2026-02-12 05:30:00','2026-02-12 05:35:00',NULL),(1244,3,3,84000.00,84000.00,'card','dine_in','Cool','paid','2026-02-12 12:10:00','2026-02-12 12:18:00',NULL),(1245,1,1,54000.00,54000.00,'card','dine_in','Sunny','paid','2026-02-13 01:15:00','2026-02-13 01:20:00',NULL),(1246,2,2,87000.00,87000.00,'cash','dine_in','Sunny','paid','2026-02-13 05:30:00','2026-02-13 05:35:00',NULL),(1247,3,3,104000.00,104000.00,'momo','dine_in','Sunny','paid','2026-02-13 12:10:00','2026-02-13 12:18:00',NULL),(1248,1,1,89000.00,89000.00,'momo','dine_in','Cloudy','paid','2026-02-14 01:15:00','2026-02-14 01:20:00',NULL),(1249,2,2,87000.00,87000.00,'card','dine_in','Cloudy','paid','2026-02-14 05:30:00','2026-02-14 05:35:00',NULL),(1250,3,3,84000.00,77000.00,'cash','dine_in','Cloudy','paid','2026-02-14 12:10:00','2026-02-14 12:18:00',NULL),(1251,2,4,123000.00,123000.00,'momo','dine_in','Cloudy','paid','2026-02-14 09:20:00','2026-02-14 09:28:00',NULL),(1252,1,1,54000.00,49000.00,'cash','dine_in','Rainy','paid','2026-02-15 01:15:00','2026-02-15 01:20:00',NULL),(1253,2,2,142000.00,142000.00,'momo','dine_in','Rainy','paid','2026-02-15 05:30:00','2026-02-15 05:35:00',NULL),(1254,3,3,104000.00,104000.00,'card','take_away','Rainy','paid','2026-02-15 12:10:00','2026-02-15 12:18:00',NULL),(1255,2,4,123000.00,115000.00,'momo','dine_in','Rainy','paid','2026-02-15 09:20:00','2026-02-15 09:28:00',NULL),(1256,1,1,89000.00,89000.00,'card','dine_in','Sunny','paid','2026-02-16 01:15:00','2026-02-16 01:20:00',NULL),(1257,2,2,87000.00,87000.00,'cash','take_away','Sunny','paid','2026-02-16 05:30:00','2026-02-16 05:35:00',NULL),(1258,3,3,84000.00,84000.00,'momo','dine_in','Sunny','paid','2026-02-16 12:10:00','2026-02-16 12:18:00',NULL),(1259,1,1,54000.00,54000.00,'momo','dine_in','Cloudy','paid','2026-02-17 01:15:00','2026-02-17 01:20:00',NULL),(1260,2,2,87000.00,87000.00,'card','dine_in','Cloudy','paid','2026-02-17 05:30:00','2026-02-17 05:35:00',NULL),(1261,3,3,104000.00,104000.00,'cash','dine_in','Cloudy','paid','2026-02-17 12:10:00','2026-02-17 12:18:00',NULL),(1262,1,1,89000.00,89000.00,'cash','dine_in','Rainy','paid','2026-02-18 01:15:00','2026-02-18 01:20:00',NULL),(1263,2,2,142000.00,132000.00,'momo','dine_in','Rainy','paid','2026-02-18 05:30:00','2026-02-18 05:35:00',NULL),(1264,3,3,84000.00,84000.00,'card','dine_in','Rainy','paid','2026-02-18 12:10:00','2026-02-18 12:18:00',NULL),(1265,1,1,54000.00,54000.00,'card','dine_in','Cool','paid','2026-02-19 01:15:00','2026-02-19 01:20:00',NULL),(1266,2,2,87000.00,87000.00,'cash','dine_in','Cool','paid','2026-02-19 05:30:00','2026-02-19 05:35:00',NULL),(1267,3,3,104000.00,104000.00,'momo','dine_in','Cool','paid','2026-02-19 12:10:00','2026-02-19 12:18:00',NULL),(1268,1,1,89000.00,84000.00,'momo','dine_in','Sunny','paid','2026-02-20 01:15:00','2026-02-20 01:20:00',NULL),(1269,2,2,87000.00,87000.00,'card','take_away','Sunny','paid','2026-02-20 05:30:00','2026-02-20 05:35:00',NULL),(1270,3,3,84000.00,84000.00,'cash','take_away','Sunny','paid','2026-02-20 12:10:00','2026-02-20 12:18:00',NULL),(1271,1,1,54000.00,54000.00,'cash','dine_in','Cloudy','paid','2026-02-21 01:15:00','2026-02-21 01:20:00',NULL),(1272,2,2,142000.00,142000.00,'momo','dine_in','Cloudy','paid','2026-02-21 05:30:00','2026-02-21 05:35:00',NULL),(1273,3,3,104000.00,97000.00,'card','dine_in','Cloudy','paid','2026-02-21 12:10:00','2026-02-21 12:18:00',NULL),(1274,2,4,123000.00,123000.00,'momo','dine_in','Cloudy','paid','2026-02-21 09:20:00','2026-02-21 09:28:00',NULL),(1275,1,1,89000.00,89000.00,'card','dine_in','Rainy','paid','2026-02-22 01:15:00','2026-02-22 01:20:00',NULL),(1276,2,2,87000.00,87000.00,'cash','dine_in','Rainy','paid','2026-02-22 05:30:00','2026-02-22 05:35:00',NULL),(1277,3,3,84000.00,84000.00,'momo','dine_in','Rainy','paid','2026-02-22 12:10:00','2026-02-22 12:18:00',NULL),(1278,2,4,123000.00,115000.00,'momo','dine_in','Rainy','paid','2026-02-22 09:20:00','2026-02-22 09:28:00',NULL),(1279,1,1,54000.00,54000.00,'momo','dine_in','Sunny','paid','2026-02-23 01:15:00','2026-02-23 01:20:00',NULL),(1280,2,2,87000.00,87000.00,'card','dine_in','Sunny','paid','2026-02-23 05:30:00','2026-02-23 05:35:00',NULL),(1281,3,3,104000.00,104000.00,'cash','dine_in','Sunny','paid','2026-02-23 12:10:00','2026-02-23 12:18:00',NULL),(1282,1,1,89000.00,89000.00,'cash','dine_in','Cloudy','paid','2026-02-24 01:15:00','2026-02-24 01:20:00',NULL),(1283,2,2,142000.00,132000.00,'momo','take_away','Cloudy','paid','2026-02-24 05:30:00','2026-02-24 05:35:00',NULL),(1284,3,3,84000.00,84000.00,'card','dine_in','Cloudy','paid','2026-02-24 12:10:00','2026-02-24 12:18:00',NULL),(1285,1,1,54000.00,49000.00,'card','dine_in','Rainy','paid','2026-02-25 01:15:00','2026-02-25 01:20:00',NULL),(1286,2,2,87000.00,87000.00,'cash','dine_in','Rainy','paid','2026-02-25 05:30:00','2026-02-25 05:35:00',NULL),(1287,3,3,104000.00,104000.00,'momo','take_away','Rainy','paid','2026-02-25 12:10:00','2026-02-25 12:18:00',NULL),(1288,1,1,89000.00,89000.00,'momo','dine_in','Cool','paid','2026-02-26 01:15:00','2026-02-26 01:20:00',NULL),(1289,2,2,87000.00,87000.00,'card','dine_in','Cool','paid','2026-02-26 05:30:00','2026-02-26 05:35:00',NULL),(1290,3,3,84000.00,84000.00,'cash','dine_in','Cool','paid','2026-02-26 12:10:00','2026-02-26 12:18:00',NULL),(1291,1,1,54000.00,54000.00,'cash','dine_in','Sunny','paid','2026-02-27 01:15:00','2026-02-27 01:20:00',NULL),(1292,2,2,142000.00,142000.00,'momo','dine_in','Sunny','paid','2026-02-27 05:30:00','2026-02-27 05:35:00',NULL),(1293,3,3,104000.00,104000.00,'card','dine_in','Sunny','paid','2026-02-27 12:10:00','2026-02-27 12:18:00',NULL),(1294,1,1,89000.00,89000.00,'card','dine_in','Cloudy','paid','2026-02-28 01:15:00','2026-02-28 01:20:00',NULL),(1295,2,2,87000.00,87000.00,'cash','take_away','Cloudy','paid','2026-02-28 05:30:00','2026-02-28 05:35:00',NULL),(1296,3,3,84000.00,77000.00,'momo','dine_in','Cloudy','paid','2026-02-28 12:10:00','2026-02-28 12:18:00',NULL),(1297,2,4,123000.00,123000.00,'momo','dine_in','Cloudy','paid','2026-02-28 09:20:00','2026-02-28 09:28:00',NULL),(1298,1,1,54000.00,54000.00,'card','dine_in','Rainy','paid','2026-03-01 01:15:00','2026-03-01 01:20:00',NULL),(1299,2,2,87000.00,87000.00,'cash','dine_in','Rainy','paid','2026-03-01 05:30:00','2026-03-01 05:35:00',NULL),(1300,3,3,104000.00,104000.00,'momo','dine_in','Rainy','paid','2026-03-01 12:10:00','2026-03-01 12:18:00',NULL),(1301,2,4,123000.00,115000.00,'momo','dine_in','Rainy','paid','2026-03-01 09:20:00','2026-03-01 09:28:00',NULL),(1302,1,1,89000.00,89000.00,'momo','dine_in','Sunny','paid','2026-03-02 01:15:00','2026-03-02 01:20:00',NULL),(1303,2,2,87000.00,87000.00,'card','dine_in','Sunny','paid','2026-03-02 05:30:00','2026-03-02 05:35:00',NULL),(1304,3,3,84000.00,84000.00,'cash','dine_in','Sunny','paid','2026-03-02 12:10:00','2026-03-02 12:18:00',NULL),(1305,1,1,54000.00,54000.00,'cash','dine_in','Cloudy','paid','2026-03-03 01:15:00','2026-03-03 01:20:00',NULL),(1306,2,2,142000.00,142000.00,'momo','dine_in','Cloudy','paid','2026-03-03 05:30:00','2026-03-03 05:35:00',NULL),(1307,3,3,104000.00,104000.00,'card','dine_in','Cloudy','paid','2026-03-03 12:10:00','2026-03-03 12:18:00',NULL),(1308,1,1,89000.00,89000.00,'card','dine_in','Rainy','paid','2026-03-04 01:15:00','2026-03-04 01:20:00',NULL),(1309,2,2,87000.00,87000.00,'cash','take_away','Rainy','paid','2026-03-04 05:30:00','2026-03-04 05:35:00',NULL),(1310,3,3,84000.00,84000.00,'momo','dine_in','Rainy','paid','2026-03-04 12:10:00','2026-03-04 12:18:00',NULL),(1311,1,1,54000.00,49000.00,'momo','dine_in','Cool','paid','2026-03-05 01:15:00','2026-03-05 01:20:00',NULL),(1312,2,2,87000.00,87000.00,'card','dine_in','Cool','paid','2026-03-05 05:30:00','2026-03-05 05:35:00',NULL),(1313,3,3,104000.00,104000.00,'cash','take_away','Cool','paid','2026-03-05 12:10:00','2026-03-05 12:18:00',NULL),(1314,1,1,89000.00,89000.00,'cash','dine_in','Sunny','paid','2026-03-06 01:15:00','2026-03-06 01:20:00',NULL),(1315,2,2,142000.00,132000.00,'momo','dine_in','Sunny','paid','2026-03-06 05:30:00','2026-03-06 05:35:00',NULL),(1316,3,3,84000.00,84000.00,'card','dine_in','Sunny','paid','2026-03-06 12:10:00','2026-03-06 12:18:00',NULL),(1317,1,1,54000.00,54000.00,'card','dine_in','Cloudy','paid','2026-03-07 01:15:00','2026-03-07 01:20:00',NULL),(1318,2,2,87000.00,87000.00,'cash','dine_in','Cloudy','paid','2026-03-07 05:30:00','2026-03-07 05:35:00',NULL),(1319,3,3,104000.00,97000.00,'momo','dine_in','Cloudy','paid','2026-03-07 12:10:00','2026-03-07 12:18:00',NULL),(1320,2,4,123000.00,123000.00,'momo','dine_in','Cloudy','paid','2026-03-07 09:20:00','2026-03-07 09:28:00',NULL),(1321,1,1,89000.00,89000.00,'momo','dine_in','Rainy','paid','2026-03-08 01:15:00','2026-03-08 01:20:00',NULL),(1322,2,2,87000.00,87000.00,'card','take_away','Rainy','paid','2026-03-08 05:30:00','2026-03-08 05:35:00',NULL),(1323,3,3,84000.00,84000.00,'cash','dine_in','Rainy','paid','2026-03-08 12:10:00','2026-03-08 12:18:00',NULL),(1324,2,4,123000.00,115000.00,'momo','dine_in','Rainy','paid','2026-03-08 09:20:00','2026-03-08 09:28:00',NULL),(1325,1,1,54000.00,54000.00,'cash','dine_in','Sunny','paid','2026-03-09 01:15:00','2026-03-09 01:20:00',NULL),(1326,2,2,142000.00,142000.00,'momo','dine_in','Sunny','paid','2026-03-09 05:30:00','2026-03-09 05:35:00',NULL),(1327,3,3,104000.00,104000.00,'card','dine_in','Sunny','paid','2026-03-09 12:10:00','2026-03-09 12:18:00',NULL),(1328,1,1,89000.00,84000.00,'card','dine_in','Cloudy','paid','2026-03-10 01:15:00','2026-03-10 01:20:00',NULL),(1329,2,2,87000.00,87000.00,'cash','dine_in','Cloudy','paid','2026-03-10 05:30:00','2026-03-10 05:35:00',NULL),(1330,3,3,84000.00,84000.00,'momo','take_away','Cloudy','paid','2026-03-10 12:10:00','2026-03-10 12:18:00',NULL),(1331,1,1,54000.00,54000.00,'momo','dine_in','Rainy','paid','2026-03-11 01:15:00','2026-03-11 01:20:00',NULL),(1332,2,2,87000.00,87000.00,'card','dine_in','Rainy','paid','2026-03-11 05:30:00','2026-03-11 05:35:00',NULL),(1333,3,3,104000.00,104000.00,'cash','dine_in','Rainy','paid','2026-03-11 12:10:00','2026-03-11 12:18:00',NULL),(1334,1,1,89000.00,89000.00,'cash','dine_in','Cool','paid','2026-03-12 01:15:00','2026-03-12 01:20:00',NULL),(1335,2,2,142000.00,132000.00,'momo','take_away','Cool','paid','2026-03-12 05:30:00','2026-03-12 05:35:00',NULL),(1336,3,3,84000.00,84000.00,'card','dine_in','Cool','paid','2026-03-12 12:10:00','2026-03-12 12:18:00',NULL),(1337,1,1,54000.00,54000.00,'card','dine_in','Sunny','paid','2026-03-13 01:15:00','2026-03-13 01:20:00',NULL),(1338,2,2,87000.00,87000.00,'cash','dine_in','Sunny','paid','2026-03-13 05:30:00','2026-03-13 05:35:00',NULL),(1339,3,3,104000.00,104000.00,'momo','dine_in','Sunny','paid','2026-03-13 12:10:00','2026-03-13 12:18:00',NULL),(1340,1,1,89000.00,89000.00,'momo','dine_in','Cloudy','paid','2026-03-14 01:15:00','2026-03-14 01:20:00',NULL),(1341,2,2,87000.00,87000.00,'card','dine_in','Cloudy','paid','2026-03-14 05:30:00','2026-03-14 05:35:00',NULL),(1342,3,3,84000.00,77000.00,'cash','dine_in','Cloudy','paid','2026-03-14 12:10:00','2026-03-14 12:18:00',NULL),(1343,2,4,123000.00,123000.00,'momo','dine_in','Cloudy','paid','2026-03-14 09:20:00','2026-03-14 09:28:00',NULL),(1344,1,1,54000.00,49000.00,'cash','dine_in','Rainy','paid','2026-03-15 01:15:00','2026-03-15 01:20:00',NULL),(1345,2,2,142000.00,142000.00,'momo','dine_in','Rainy','paid','2026-03-15 05:30:00','2026-03-15 05:35:00',NULL),(1346,3,3,104000.00,104000.00,'card','take_away','Rainy','paid','2026-03-15 12:10:00','2026-03-15 12:18:00',NULL),(1347,2,4,123000.00,115000.00,'momo','dine_in','Rainy','paid','2026-03-15 09:20:00','2026-03-15 09:28:00',NULL),(1348,1,1,89000.00,89000.00,'card','dine_in','Sunny','paid','2026-03-16 01:15:00','2026-03-16 01:20:00',NULL),(1349,2,2,87000.00,87000.00,'cash','take_away','Sunny','paid','2026-03-16 05:30:00','2026-03-16 05:35:00',NULL),(1350,3,3,84000.00,84000.00,'momo','dine_in','Sunny','paid','2026-03-16 12:10:00','2026-03-16 12:18:00',NULL),(1351,1,1,54000.00,54000.00,'momo','dine_in','Cloudy','paid','2026-03-17 01:15:00','2026-03-17 01:20:00',NULL),(1352,2,2,87000.00,87000.00,'card','dine_in','Cloudy','paid','2026-03-17 05:30:00','2026-03-17 05:35:00',NULL),(1353,3,3,104000.00,104000.00,'cash','dine_in','Cloudy','paid','2026-03-17 12:10:00','2026-03-17 12:18:00',NULL),(1354,1,1,89000.00,89000.00,'cash','dine_in','Rainy','paid','2026-03-18 01:15:00','2026-03-18 01:20:00',NULL),(1355,2,2,142000.00,132000.00,'momo','dine_in','Rainy','paid','2026-03-18 05:30:00','2026-03-18 05:35:00',NULL),(1356,3,3,84000.00,84000.00,'card','dine_in','Rainy','paid','2026-03-18 12:10:00','2026-03-18 12:18:00',NULL),(1357,1,1,54000.00,54000.00,'card','dine_in','Cool','paid','2026-03-19 01:15:00','2026-03-19 01:20:00',NULL),(1358,2,2,87000.00,87000.00,'cash','dine_in','Cool','paid','2026-03-19 05:30:00','2026-03-19 05:35:00',NULL),(1359,3,3,104000.00,104000.00,'momo','dine_in','Cool','paid','2026-03-19 12:10:00','2026-03-19 12:18:00',NULL),(1360,1,1,89000.00,84000.00,'momo','dine_in','Sunny','paid','2026-03-20 01:15:00','2026-03-20 01:20:00',NULL),(1361,2,2,87000.00,87000.00,'card','take_away','Sunny','paid','2026-03-20 05:30:00','2026-03-20 05:35:00',NULL),(1362,3,3,84000.00,84000.00,'cash','take_away','Sunny','paid','2026-03-20 12:10:00','2026-03-20 12:18:00',NULL),(1363,1,1,54000.00,54000.00,'cash','dine_in','Cloudy','paid','2026-03-21 01:15:00','2026-03-21 01:20:00',NULL),(1364,2,2,142000.00,142000.00,'momo','dine_in','Cloudy','paid','2026-03-21 05:30:00','2026-03-21 05:35:00',NULL),(1365,3,3,104000.00,97000.00,'card','dine_in','Cloudy','paid','2026-03-21 12:10:00','2026-03-21 12:18:00',NULL),(1366,2,4,123000.00,123000.00,'momo','dine_in','Cloudy','paid','2026-03-21 09:20:00','2026-03-21 09:28:00',NULL),(1367,1,1,89000.00,89000.00,'card','dine_in','Rainy','paid','2026-03-22 01:15:00','2026-03-22 01:20:00',NULL),(1368,2,2,87000.00,87000.00,'cash','dine_in','Rainy','paid','2026-03-22 05:30:00','2026-03-22 05:35:00',NULL),(1369,3,3,84000.00,84000.00,'momo','dine_in','Rainy','paid','2026-03-22 12:10:00','2026-03-22 12:18:00',NULL),(1370,2,4,123000.00,115000.00,'momo','dine_in','Rainy','paid','2026-03-22 09:20:00','2026-03-22 09:28:00',NULL),(1371,1,1,54000.00,54000.00,'momo','dine_in','Sunny','paid','2026-03-23 01:15:00','2026-03-23 01:20:00',NULL),(1372,2,2,87000.00,87000.00,'card','dine_in','Sunny','paid','2026-03-23 05:30:00','2026-03-23 05:35:00',NULL),(1373,3,3,104000.00,104000.00,'cash','dine_in','Sunny','paid','2026-03-23 12:10:00','2026-03-23 12:18:00',NULL),(1374,1,1,89000.00,89000.00,'cash','dine_in','Cloudy','paid','2026-03-24 01:15:00','2026-03-24 01:20:00',NULL),(1375,2,2,142000.00,132000.00,'momo','take_away','Cloudy','paid','2026-03-24 05:30:00','2026-03-24 05:35:00',NULL),(1376,3,3,84000.00,84000.00,'card','dine_in','Cloudy','paid','2026-03-24 12:10:00','2026-03-24 12:18:00',NULL),(1377,1,1,54000.00,49000.00,'card','dine_in','Rainy','paid','2026-03-25 01:15:00','2026-03-25 01:20:00',NULL),(1378,2,2,87000.00,87000.00,'cash','dine_in','Rainy','paid','2026-03-25 05:30:00','2026-03-25 05:35:00',NULL),(1379,3,3,104000.00,104000.00,'momo','take_away','Rainy','paid','2026-03-25 12:10:00','2026-03-25 12:18:00',NULL),(1380,1,1,89000.00,89000.00,'momo','dine_in','Cool','paid','2026-03-26 01:15:00','2026-03-26 01:20:00',NULL),(1381,2,2,87000.00,87000.00,'card','dine_in','Cool','paid','2026-03-26 05:30:00','2026-03-26 05:35:00',NULL),(1382,3,3,84000.00,84000.00,'cash','dine_in','Cool','paid','2026-03-26 12:10:00','2026-03-26 12:18:00',NULL),(1383,1,1,54000.00,54000.00,'cash','dine_in','Sunny','paid','2026-03-27 01:15:00','2026-03-27 01:20:00',NULL),(1384,2,2,142000.00,142000.00,'momo','dine_in','Sunny','paid','2026-03-27 05:30:00','2026-03-27 05:35:00',NULL),(1385,3,3,104000.00,104000.00,'card','dine_in','Sunny','paid','2026-03-27 12:10:00','2026-03-27 12:18:00',NULL),(1386,1,1,89000.00,89000.00,'card','dine_in','Cloudy','paid','2026-03-28 01:15:00','2026-03-28 01:20:00',NULL),(1387,2,2,87000.00,87000.00,'cash','take_away','Cloudy','paid','2026-03-28 05:30:00','2026-03-28 05:35:00',NULL),(1388,3,3,84000.00,77000.00,'momo','dine_in','Cloudy','paid','2026-03-28 12:10:00','2026-03-28 12:18:00',NULL),(1389,2,4,123000.00,123000.00,'momo','dine_in','Cloudy','paid','2026-03-28 09:20:00','2026-03-28 09:28:00',NULL),(1390,1,1,54000.00,54000.00,'momo','dine_in','Rainy','paid','2026-03-29 01:15:00','2026-03-29 01:20:00',NULL),(1391,2,2,87000.00,87000.00,'card','dine_in','Rainy','paid','2026-03-29 05:30:00','2026-03-29 05:35:00',NULL),(1392,3,3,104000.00,104000.00,'cash','dine_in','Rainy','paid','2026-03-29 12:10:00','2026-03-29 12:18:00',NULL),(1393,2,4,123000.00,115000.00,'momo','dine_in','Rainy','paid','2026-03-29 09:20:00','2026-03-29 09:28:00',NULL),(1394,1,1,89000.00,84000.00,'cash','dine_in','Sunny','paid','2026-03-30 01:15:00','2026-03-30 01:20:00',NULL),(1395,2,2,142000.00,132000.00,'momo','dine_in','Sunny','paid','2026-03-30 05:30:00','2026-03-30 05:35:00',NULL),(1396,3,3,84000.00,84000.00,'card','take_away','Sunny','paid','2026-03-30 12:10:00','2026-03-30 12:18:00',NULL),(1397,1,1,54000.00,54000.00,'card','dine_in','Cloudy','paid','2026-03-31 01:15:00','2026-03-31 01:20:00',NULL),(1398,2,2,87000.00,87000.00,'cash','dine_in','Cloudy','paid','2026-03-31 05:30:00','2026-03-31 05:35:00',NULL),(1399,3,3,104000.00,104000.00,'momo','dine_in','Cloudy','paid','2026-03-31 12:10:00','2026-03-31 12:18:00',NULL),(1400,1,1,54000.00,54000.00,'card','dine_in','Rainy','paid','2026-04-01 01:15:00','2026-04-01 01:20:00',NULL),(1401,2,2,87000.00,87000.00,'cash','dine_in','Rainy','paid','2026-04-01 05:30:00','2026-04-01 05:35:00',NULL),(1402,3,3,104000.00,104000.00,'momo','dine_in','Rainy','paid','2026-04-01 12:10:00','2026-04-01 12:18:00',NULL),(1403,1,1,89000.00,89000.00,'momo','dine_in','Cool','paid','2026-04-02 01:15:00','2026-04-02 01:20:00',NULL),(1404,2,2,87000.00,87000.00,'card','dine_in','Cool','paid','2026-04-02 05:30:00','2026-04-02 05:35:00',NULL),(1405,3,3,84000.00,84000.00,'cash','dine_in','Cool','paid','2026-04-02 12:10:00','2026-04-02 12:18:00',NULL),(1406,1,1,54000.00,54000.00,'cash','dine_in','Sunny','paid','2026-04-03 01:15:00','2026-04-03 01:20:00',NULL),(1407,2,2,142000.00,142000.00,'momo','dine_in','Sunny','paid','2026-04-03 05:30:00','2026-04-03 05:35:00',NULL),(1408,3,3,104000.00,104000.00,'card','dine_in','Sunny','paid','2026-04-03 12:10:00','2026-04-03 12:18:00',NULL),(1409,1,1,89000.00,89000.00,'card','dine_in','Cloudy','paid','2026-04-04 01:15:00','2026-04-04 01:20:00',NULL),(1410,2,2,87000.00,87000.00,'cash','take_away','Cloudy','paid','2026-04-04 05:30:00','2026-04-04 05:35:00',NULL),(1411,3,3,84000.00,84000.00,'momo','dine_in','Cloudy','paid','2026-04-04 12:10:00','2026-04-04 12:18:00',NULL),(1412,2,4,123000.00,123000.00,'momo','dine_in','Cloudy','paid','2026-04-04 09:20:00','2026-04-04 09:28:00',NULL),(1413,1,1,54000.00,49000.00,'momo','dine_in','Rainy','paid','2026-04-05 01:15:00','2026-04-05 01:20:00',NULL),(1414,2,2,87000.00,87000.00,'card','dine_in','Rainy','paid','2026-04-05 05:30:00','2026-04-05 05:35:00',NULL),(1415,3,3,104000.00,104000.00,'cash','take_away','Rainy','paid','2026-04-05 12:10:00','2026-04-05 12:18:00',NULL),(1416,2,4,123000.00,115000.00,'momo','dine_in','Rainy','paid','2026-04-05 09:20:00','2026-04-05 09:28:00',NULL),(1417,1,1,89000.00,89000.00,'cash','dine_in','Sunny','paid','2026-04-06 01:15:00','2026-04-06 01:20:00',NULL),(1418,2,2,142000.00,132000.00,'momo','dine_in','Sunny','paid','2026-04-06 05:30:00','2026-04-06 05:35:00',NULL),(1419,3,3,84000.00,84000.00,'card','dine_in','Sunny','paid','2026-04-06 12:10:00','2026-04-06 12:18:00',NULL),(1420,1,1,54000.00,54000.00,'card','dine_in','Cloudy','paid','2026-04-07 01:15:00','2026-04-07 01:20:00',NULL),(1421,2,2,87000.00,87000.00,'cash','dine_in','Cloudy','paid','2026-04-07 05:30:00','2026-04-07 05:35:00',NULL),(1422,3,3,104000.00,97000.00,'momo','dine_in','Cloudy','paid','2026-04-07 12:10:00','2026-04-07 12:18:00',NULL),(1423,1,1,89000.00,89000.00,'momo','dine_in','Rainy','paid','2026-04-08 01:15:00','2026-04-08 01:20:00',NULL),(1424,2,2,87000.00,87000.00,'card','take_away','Rainy','paid','2026-04-08 05:30:00','2026-04-08 05:35:00',NULL),(1425,3,3,84000.00,84000.00,'cash','dine_in','Rainy','paid','2026-04-08 12:10:00','2026-04-08 12:18:00',NULL),(1426,1,1,54000.00,54000.00,'cash','dine_in','Cool','paid','2026-04-09 01:15:00','2026-04-09 01:20:00',NULL),(1427,2,2,142000.00,142000.00,'momo','dine_in','Cool','paid','2026-04-09 05:30:00','2026-04-09 05:35:00',NULL),(1428,3,3,104000.00,104000.00,'card','dine_in','Cool','paid','2026-04-09 12:10:00','2026-04-09 12:18:00',NULL),(1429,1,1,89000.00,84000.00,'card','dine_in','Sunny','paid','2026-04-10 01:15:00','2026-04-10 01:20:00',NULL),(1430,2,2,87000.00,87000.00,'cash','dine_in','Sunny','paid','2026-04-10 05:30:00','2026-04-10 05:35:00',NULL),(1431,3,3,84000.00,84000.00,'momo','take_away','Sunny','paid','2026-04-10 12:10:00','2026-04-10 12:18:00',NULL),(1432,1,1,54000.00,54000.00,'momo','dine_in','Cloudy','paid','2026-04-11 01:15:00','2026-04-11 01:20:00',NULL),(1433,2,2,87000.00,87000.00,'card','dine_in','Cloudy','paid','2026-04-11 05:30:00','2026-04-11 05:35:00',NULL),(1434,3,3,104000.00,104000.00,'cash','dine_in','Cloudy','paid','2026-04-11 12:10:00','2026-04-11 12:18:00',NULL),(1435,2,4,123000.00,123000.00,'momo','dine_in','Cloudy','paid','2026-04-11 09:20:00','2026-04-11 09:28:00',NULL),(1436,1,1,89000.00,89000.00,'cash','dine_in','Rainy','paid','2026-04-12 01:15:00','2026-04-12 01:20:00',NULL),(1437,2,2,142000.00,132000.00,'momo','take_away','Rainy','paid','2026-04-12 05:30:00','2026-04-12 05:35:00',NULL),(1438,3,3,84000.00,84000.00,'card','dine_in','Rainy','paid','2026-04-12 12:10:00','2026-04-12 12:18:00',NULL),(1439,2,4,123000.00,115000.00,'momo','dine_in','Rainy','paid','2026-04-12 09:20:00','2026-04-12 09:28:00',NULL),(1440,1,1,54000.00,54000.00,'card','dine_in','Sunny','paid','2026-04-13 01:15:00','2026-04-13 01:20:00',NULL),(1441,2,2,87000.00,87000.00,'cash','dine_in','Sunny','paid','2026-04-13 05:30:00','2026-04-13 05:35:00',NULL),(1442,3,3,104000.00,104000.00,'momo','dine_in','Sunny','paid','2026-04-13 12:10:00','2026-04-13 12:18:00',NULL),(1443,1,1,89000.00,89000.00,'momo','dine_in','Cloudy','paid','2026-04-14 01:15:00','2026-04-14 01:20:00',NULL),(1444,2,2,87000.00,87000.00,'card','dine_in','Cloudy','paid','2026-04-14 05:30:00','2026-04-14 05:35:00',NULL),(1445,3,3,84000.00,77000.00,'cash','dine_in','Cloudy','paid','2026-04-14 12:10:00','2026-04-14 12:18:00',NULL),(1446,1,1,54000.00,49000.00,'cash','dine_in','Rainy','paid','2026-04-15 01:15:00','2026-04-15 01:20:00',NULL),(1447,2,2,142000.00,142000.00,'momo','dine_in','Rainy','paid','2026-04-15 05:30:00','2026-04-15 05:35:00',NULL),(1448,3,3,104000.00,104000.00,'card','take_away','Rainy','paid','2026-04-15 12:10:00','2026-04-15 12:18:00',NULL),(1449,1,1,89000.00,89000.00,'card','dine_in','Cool','paid','2026-04-16 01:15:00','2026-04-16 01:20:00',NULL),(1450,2,2,87000.00,87000.00,'cash','take_away','Cool','paid','2026-04-16 05:30:00','2026-04-16 05:35:00',NULL),(1451,3,3,84000.00,84000.00,'momo','dine_in','Cool','paid','2026-04-16 12:10:00','2026-04-16 12:18:00',NULL),(1452,1,1,54000.00,54000.00,'momo','dine_in','Sunny','paid','2026-04-17 01:15:00','2026-04-17 01:20:00',NULL),(1453,2,2,87000.00,87000.00,'card','dine_in','Sunny','paid','2026-04-17 05:30:00','2026-04-17 05:35:00',NULL),(1454,3,3,104000.00,104000.00,'cash','dine_in','Sunny','paid','2026-04-17 12:10:00','2026-04-17 12:18:00',NULL),(1455,1,1,89000.00,89000.00,'cash','dine_in','Cloudy','paid','2026-04-18 01:15:00','2026-04-18 01:20:00',NULL),(1456,2,2,142000.00,132000.00,'momo','dine_in','Cloudy','paid','2026-04-18 05:30:00','2026-04-18 05:35:00',NULL),(1457,3,3,84000.00,84000.00,'card','dine_in','Cloudy','paid','2026-04-18 12:10:00','2026-04-18 12:18:00',NULL),(1458,2,4,123000.00,123000.00,'momo','dine_in','Cloudy','paid','2026-04-18 09:20:00','2026-04-18 09:28:00',NULL),(1459,1,1,54000.00,54000.00,'card','dine_in','Rainy','paid','2026-04-19 01:15:00','2026-04-19 01:20:00',NULL),(1460,2,2,87000.00,87000.00,'cash','dine_in','Rainy','paid','2026-04-19 05:30:00','2026-04-19 05:35:00',NULL),(1461,3,3,104000.00,104000.00,'momo','dine_in','Rainy','paid','2026-04-19 12:10:00','2026-04-19 12:18:00',NULL),(1462,2,4,123000.00,115000.00,'momo','dine_in','Rainy','paid','2026-04-19 09:20:00','2026-04-19 09:28:00',NULL),(1463,1,1,89000.00,84000.00,'momo','dine_in','Sunny','paid','2026-04-20 01:15:00','2026-04-20 01:20:00',NULL),(1464,2,2,87000.00,87000.00,'card','take_away','Sunny','paid','2026-04-20 05:30:00','2026-04-20 05:35:00',NULL),(1465,3,3,84000.00,84000.00,'cash','take_away','Sunny','paid','2026-04-20 12:10:00','2026-04-20 12:18:00',NULL),(1466,1,1,54000.00,54000.00,'cash','dine_in','Cloudy','paid','2026-04-21 01:15:00','2026-04-21 01:20:00',NULL),(1467,2,2,142000.00,142000.00,'momo','dine_in','Cloudy','paid','2026-04-21 05:30:00','2026-04-21 05:35:00',NULL),(1468,3,3,104000.00,97000.00,'card','dine_in','Cloudy','paid','2026-04-21 12:10:00','2026-04-21 12:18:00',NULL),(1469,1,1,89000.00,89000.00,'card','dine_in','Rainy','paid','2026-04-22 01:15:00','2026-04-22 01:20:00',NULL),(1470,2,2,87000.00,87000.00,'cash','dine_in','Rainy','paid','2026-04-22 05:30:00','2026-04-22 05:35:00',NULL),(1471,3,3,84000.00,84000.00,'momo','dine_in','Rainy','paid','2026-04-22 12:10:00','2026-04-22 12:18:00',NULL),(1472,1,1,54000.00,54000.00,'momo','dine_in','Cool','paid','2026-04-23 01:15:00','2026-04-23 01:20:00',NULL),(1473,2,2,87000.00,87000.00,'card','dine_in','Cool','paid','2026-04-23 05:30:00','2026-04-23 05:35:00',NULL),(1474,3,3,104000.00,104000.00,'cash','dine_in','Cool','paid','2026-04-23 12:10:00','2026-04-23 12:18:00',NULL),(1475,1,1,89000.00,89000.00,'cash','dine_in','Sunny','paid','2026-04-24 01:15:00','2026-04-24 01:20:00',NULL),(1476,2,2,142000.00,132000.00,'momo','take_away','Sunny','paid','2026-04-24 05:30:00','2026-04-24 05:35:00',NULL),(1477,3,3,84000.00,84000.00,'card','dine_in','Sunny','paid','2026-04-24 12:10:00','2026-04-24 12:18:00',NULL),(1478,1,1,54000.00,49000.00,'card','dine_in','Cloudy','paid','2026-04-25 01:15:00','2026-04-25 01:20:00',NULL),(1479,2,2,87000.00,87000.00,'cash','dine_in','Cloudy','paid','2026-04-25 05:30:00','2026-04-25 05:35:00',NULL),(1480,3,3,104000.00,104000.00,'momo','take_away','Cloudy','paid','2026-04-25 12:10:00','2026-04-25 12:18:00',NULL),(1481,2,4,123000.00,123000.00,'momo','dine_in','Cloudy','paid','2026-04-25 09:20:00','2026-04-25 09:28:00',NULL),(1482,1,1,89000.00,89000.00,'momo','dine_in','Rainy','paid','2026-04-26 01:15:00','2026-04-26 01:20:00',NULL),(1483,2,2,87000.00,87000.00,'card','dine_in','Rainy','paid','2026-04-26 05:30:00','2026-04-26 05:35:00',NULL),(1484,3,3,84000.00,84000.00,'cash','dine_in','Rainy','paid','2026-04-26 12:10:00','2026-04-26 12:18:00',NULL),(1485,2,4,123000.00,115000.00,'momo','dine_in','Rainy','paid','2026-04-26 09:20:00','2026-04-26 09:28:00',NULL),(1486,1,1,54000.00,54000.00,'cash','dine_in','Sunny','paid','2026-04-27 01:15:00','2026-04-27 01:20:00',NULL),(1487,2,2,142000.00,142000.00,'momo','dine_in','Sunny','paid','2026-04-27 05:30:00','2026-04-27 05:35:00',NULL),(1488,3,3,104000.00,104000.00,'card','dine_in','Sunny','paid','2026-04-27 12:10:00','2026-04-27 12:18:00',NULL),(1489,1,1,89000.00,89000.00,'card','dine_in','Cloudy','paid','2026-04-28 01:15:00','2026-04-28 01:20:00',NULL),(1490,2,2,87000.00,87000.00,'cash','take_away','Cloudy','paid','2026-04-28 05:30:00','2026-04-28 05:35:00',NULL),(1491,3,3,84000.00,77000.00,'momo','dine_in','Cloudy','paid','2026-04-28 12:10:00','2026-04-28 12:18:00',NULL),(1492,1,1,54000.00,54000.00,'momo','dine_in','Rainy','paid','2026-04-29 01:15:00','2026-04-29 01:20:00',NULL),(1493,2,2,87000.00,87000.00,'card','dine_in','Rainy','paid','2026-04-29 05:30:00','2026-04-29 05:35:00',NULL),(1494,3,3,104000.00,104000.00,'cash','dine_in','Rainy','paid','2026-04-29 12:10:00','2026-04-29 12:18:00',NULL),(1495,1,1,89000.00,84000.00,'cash','dine_in','Cool','paid','2026-04-30 01:15:00','2026-04-30 01:20:00',NULL),(1496,2,2,142000.00,132000.00,'momo','dine_in','Cool','paid','2026-04-30 05:30:00','2026-04-30 05:35:00',NULL),(1497,3,3,84000.00,84000.00,'card','take_away','Cool','paid','2026-04-30 12:10:00','2026-04-30 12:18:00',NULL),(1498,1,NULL,120000.00,132000.00,'cash','take_away',NULL,'paid','2026-04-22 03:54:30','2026-04-22 03:54:30',NULL),(1499,1,NULL,35000.00,38500.00,'cash','take_away',NULL,'paid','2026-04-22 03:55:25','2026-04-22 03:55:25',2),(1500,1,NULL,70000.00,77000.00,'cash','take_away',NULL,'paid','2026-04-24 13:24:42','2026-04-24 13:24:42',NULL),(1501,1,NULL,70000.00,77000.00,'cash','take_away',NULL,'paid','2026-04-24 13:24:50','2026-04-24 13:24:50',NULL),(1502,1,NULL,70000.00,77000.00,'cash','take_away',NULL,'paid','2026-04-24 13:24:59','2026-04-24 13:24:59',NULL),(1503,1,NULL,70000.00,77000.00,'cash','take_away',NULL,'paid','2026-04-24 13:25:04','2026-04-24 13:25:04',NULL),(1504,1,NULL,70000.00,77000.00,'cash','take_away',NULL,'paid','2026-04-24 13:25:31','2026-04-24 13:25:31',NULL),(1505,1,NULL,30000.00,33000.00,'cash','take_away',NULL,'paid','2026-04-24 13:25:37','2026-04-24 13:25:37',NULL),(1506,1,NULL,30000.00,33000.00,'cash','take_away',NULL,'paid','2026-04-24 13:25:42','2026-04-24 13:25:42',NULL),(1507,1,NULL,38000.00,41800.00,'momo','take_away',NULL,'paid','2026-04-24 13:25:48','2026-04-24 13:25:48',NULL),(1508,1,NULL,35000.00,38500.00,'momo','take_away',NULL,'paid','2026-04-24 13:45:15','2026-04-24 13:45:15',NULL),(1509,1,NULL,70000.00,77000.00,'momo','take_away',NULL,'paid','2026-04-26 04:31:17','2026-04-26 04:31:17',NULL);
/*!40000 ALTER TABLE `orders` ENABLE KEYS */;
UNLOCK TABLES;

--
-- Table structure for table `product_chat_meta`
--

DROP TABLE IF EXISTS `product_chat_meta`;
/*!40101 SET @saved_cs_client     = @@character_set_client */;
/*!50503 SET character_set_client = utf8mb4 */;
CREATE TABLE `product_chat_meta` (
  `product_id` int NOT NULL,
  `short_description` varchar(255) DEFAULT NULL,
  `tags` varchar(255) DEFAULT NULL,
  `sweet_level` enum('low','medium','high') DEFAULT 'medium',
  `has_caffeine` tinyint(1) DEFAULT '0',
  `serving_type` enum('hot','cold','blended','bakery') DEFAULT 'cold',
  `recommended_for` varchar(255) DEFAULT NULL,
  PRIMARY KEY (`product_id`),
  CONSTRAINT `fk_product_chat_meta_product` FOREIGN KEY (`product_id`) REFERENCES `products` (`product_id`) ON DELETE CASCADE ON UPDATE CASCADE
) ENGINE=InnoDB DEFAULT CHARSET=utf8mb4 COLLATE=utf8mb4_0900_ai_ci;
/*!40101 SET character_set_client = @saved_cs_client */;

--
-- Dumping data for table `product_chat_meta`
--

LOCK TABLES `product_chat_meta` WRITE;
/*!40000 ALTER TABLE `product_chat_meta` DISABLE KEYS */;
INSERT INTO `product_chat_meta` VALUES (1,'Cà phê đen đậm vị, phù hợp buổi sáng.','coffee,đậm vị,ít ngọt,truyền thống','low',1,'cold','Người thích vị cà phê truyền thống'),(2,'Cà phê sữa cân bằng giữa vị đậm và ngọt.','coffee,dễ uống,ngọt vừa,bán chạy','medium',1,'cold','Khách muốn món dễ uống'),(3,'Bạc xỉu béo nhẹ, ngọt hơn cà phê sữa.','coffee,ngọt,dễ uống,trẻ trung','high',1,'cold','Khách mới bắt đầu uống cà phê'),(4,'Trà đào cam sả thanh mát, rất dễ uống.','tea,thanh mát,không cà phê,bán chạy','medium',0,'cold','Khách không uống cà phê'),(5,'Trà vải nhẹ nhàng, thơm mùi trái cây.','tea,nhẹ,thanh mát,không cà phê','medium',0,'cold','Khách thích đồ uống trái cây'),(6,'Matcha đá xay béo mịn, mát lạnh.','freeze,béo,mát lạnh,đậm vị','medium',0,'blended','Khách thích đồ đá xay'),(7,'Bánh tiramisu mềm mịn, hợp dùng kèm cà phê.','cake,tráng miệng,ăn kèm','medium',0,'bakery','Khách muốn dùng kèm đồ ngọt');
/*!40000 ALTER TABLE `product_chat_meta` ENABLE KEYS */;
UNLOCK TABLES;

--
-- Table structure for table `product_variants`
--

DROP TABLE IF EXISTS `product_variants`;
/*!40101 SET @saved_cs_client     = @@character_set_client */;
/*!50503 SET character_set_client = utf8mb4 */;
CREATE TABLE `product_variants` (
  `variant_id` int NOT NULL AUTO_INCREMENT,
  `product_id` int NOT NULL,
  `size_label` varchar(20) NOT NULL DEFAULT 'DEFAULT',
  `multiplier` decimal(10,4) NOT NULL DEFAULT '1.0000',
  `created_at` timestamp NULL DEFAULT CURRENT_TIMESTAMP,
  `updated_at` timestamp NULL DEFAULT CURRENT_TIMESTAMP ON UPDATE CURRENT_TIMESTAMP,
  PRIMARY KEY (`variant_id`),
  UNIQUE KEY `uq_product_size` (`product_id`,`size_label`),
  KEY `idx_product_variants_product` (`product_id`),
  CONSTRAINT `fk_product_variants_product` FOREIGN KEY (`product_id`) REFERENCES `products` (`product_id`)
) ENGINE=InnoDB AUTO_INCREMENT=13 DEFAULT CHARSET=utf8mb4 COLLATE=utf8mb4_0900_ai_ci;
/*!40101 SET character_set_client = @saved_cs_client */;

--
-- Dumping data for table `product_variants`
--

LOCK TABLES `product_variants` WRITE;
/*!40000 ALTER TABLE `product_variants` DISABLE KEYS */;
INSERT INTO `product_variants` VALUES (1,1,'S',0.8500,'2026-04-04 09:27:51','2026-04-04 09:27:51'),(2,1,'M',1.0000,'2026-04-04 09:27:51','2026-04-04 09:27:51'),(3,1,'L',1.2000,'2026-04-04 09:27:51','2026-04-04 09:27:51'),(4,2,'S',0.8500,'2026-04-04 09:27:51','2026-04-04 09:27:51'),(5,2,'M',1.0000,'2026-04-04 09:27:51','2026-04-04 09:27:51'),(6,2,'L',1.2000,'2026-04-04 09:27:51','2026-04-04 09:27:51'),(7,3,'S',0.8500,'2026-04-04 09:27:51','2026-04-04 09:27:51'),(8,3,'M',1.0000,'2026-04-04 09:27:51','2026-04-04 09:27:51'),(9,3,'L',1.2000,'2026-04-04 09:27:51','2026-04-04 09:27:51'),(10,22,'S',0.8500,'2026-04-04 09:27:51','2026-04-04 09:27:51'),(11,22,'M',1.0000,'2026-04-04 09:27:51','2026-04-04 09:27:51'),(12,22,'L',1.2000,'2026-04-04 09:27:51','2026-04-04 09:27:51');
/*!40000 ALTER TABLE `product_variants` ENABLE KEYS */;
UNLOCK TABLES;

--
-- Table structure for table `products`
--

DROP TABLE IF EXISTS `products`;
/*!40101 SET @saved_cs_client     = @@character_set_client */;
/*!50503 SET character_set_client = utf8mb4 */;
CREATE TABLE `products` (
  `product_id` int NOT NULL AUTO_INCREMENT,
  `category_id` int DEFAULT NULL,
  `product_name` varchar(100) NOT NULL,
  `base_price` decimal(10,2) DEFAULT NULL,
  `sale_price` decimal(10,2) DEFAULT NULL,
  `image_url` text,
  `is_available` tinyint(1) DEFAULT '1',
  `created_at` timestamp NULL DEFAULT CURRENT_TIMESTAMP,
  `updated_at` timestamp NULL DEFAULT CURRENT_TIMESTAMP ON UPDATE CURRENT_TIMESTAMP,
  PRIMARY KEY (`product_id`),
  KEY `category_id` (`category_id`),
  KEY `product_name` (`product_name`),
  CONSTRAINT `products_ibfk_1` FOREIGN KEY (`category_id`) REFERENCES `categories` (`category_id`)
) ENGINE=InnoDB AUTO_INCREMENT=33 DEFAULT CHARSET=utf8mb4 COLLATE=utf8mb4_0900_ai_ci;
/*!40101 SET character_set_client = @saved_cs_client */;

--
-- Dumping data for table `products`
--

LOCK TABLES `products` WRITE;
/*!40000 ALTER TABLE `products` DISABLE KEYS */;
INSERT INTO `products` VALUES (1,1,'Cà phê đen',NULL,30000.00,'/uploads/products/cafe-den.jpg',1,'2026-03-30 01:59:48','2026-04-04 08:51:52'),(2,1,'Cà phê sữa',NULL,30000.00,'uploads/products/cafe-sua.jpg',1,'2026-03-30 01:59:48','2026-04-04 08:04:05'),(3,1,'Bạc xỉu',NULL,38000.00,'uploads/products/bac-xiu.jpg',1,'2026-03-30 01:59:48','2026-03-30 01:59:48'),(4,1,'Cà phê cốt dừa',NULL,45000.00,'uploads/products/cafe-cot-dua.jpg',1,'2026-03-30 01:59:48','2026-03-30 01:59:48'),(5,2,'Espresso',NULL,30000.00,'uploads/products/espresso.jpg',1,'2026-03-30 01:59:48','2026-03-30 01:59:48'),(6,2,'Americano',NULL,35000.00,'uploads/products/americano.jpg',1,'2026-03-30 01:59:48','2026-03-30 01:59:48'),(7,2,'Latte/Cappuccino',NULL,45000.00,'uploads/products/latte.jpg',1,'2026-03-30 01:59:48','2026-03-30 01:59:48'),(8,2,'Matcha Latte',NULL,45000.00,'uploads/products/matcha-latte.jpg',1,'2026-03-30 01:59:48','2026-03-30 01:59:48'),(9,2,'Caramel Macchiato',NULL,50000.00,'uploads/products/caramel-macchiato.jpg',1,'2026-03-30 01:59:48','2026-03-30 01:59:48'),(10,2,'Chocolate',NULL,50000.00,'uploads/products/chocolate.jpg',1,'2026-03-30 01:59:48','2026-03-30 01:59:48'),(11,3,'Trà sữa trân châu đường đen',NULL,45000.00,'uploads/products/tra-sua-duong-den.jpg',1,'2026-03-30 01:59:48','2026-03-30 01:59:48'),(12,3,'Trà sữa khoai môn',NULL,50000.00,'uploads/products/tra-sua-khoai-mon.jpg',1,'2026-03-30 01:59:48','2026-03-30 01:59:48'),(13,3,'Trà sữa dâu',NULL,50000.00,'uploads/products/tra-sua-dau.jpg',1,'2026-03-30 01:59:48','2026-03-30 01:59:48'),(14,4,'KOEM detox',NULL,50000.00,'uploads/products/koem-detox.jpg',1,'2026-03-30 01:59:48','2026-03-30 01:59:48'),(15,4,'KOEM tươi xanh',NULL,50000.00,'uploads/products/koem-tuoi-xanh.jpg',1,'2026-03-30 01:59:48','2026-03-30 01:59:48'),(16,4,'Dứa',NULL,38000.00,'uploads/products/nuoc-ep-dua.jpg',1,'2026-03-30 01:59:48','2026-03-30 01:59:48'),(17,4,'Cam',NULL,45000.00,'uploads/products/nuoc-ep-cam.jpg',1,'2026-03-30 01:59:48','2026-03-30 01:59:48'),(18,4,'Dưa hấu',NULL,45000.00,'uploads/products/nuoc-ep-dua-hau.jpg',1,'2026-03-30 01:59:48','2026-03-30 01:59:48'),(19,4,'Sinh tố bơ',NULL,50000.00,'uploads/products/sinh-to-bo.jpg',1,'2026-03-30 01:59:48','2026-03-30 01:59:48'),(20,5,'Chanh tuyết',NULL,45000.00,'uploads/products/chanh-tuyet.jpg',1,'2026-03-30 01:59:48','2026-03-30 01:59:48'),(21,5,'Chanh leo tuyết',NULL,45000.00,'uploads/products/chanh-leo-tuyet.jpg',1,'2026-03-30 01:59:48','2026-03-30 01:59:48'),(22,5,'Matcha đá xay',NULL,55000.00,'uploads/products/matcha-da-xay.jpg',1,'2026-03-30 01:59:48','2026-03-30 01:59:48'),(23,5,'Việt quất đá xay',NULL,55000.00,'uploads/products/viet-quat-da-xay.jpg',1,'2026-03-30 01:59:48','2026-03-30 01:59:48'),(24,5,'Cookie & Cream',NULL,55000.00,'uploads/products/cookie-cream.jpg',1,'2026-03-30 01:59:48','2026-03-30 01:59:48'),(25,6,'Tiramisu',NULL,75000.00,'uploads/products/tiramisu.jpg',1,'2026-03-30 01:59:48','2026-03-30 01:59:48'),(26,6,'Bánh sừng bò truyền thống',NULL,45000.00,'uploads/products/croissant.jpg',1,'2026-03-30 01:59:48','2026-03-30 01:59:48'),(27,6,'Bánh sừng bò dâu tây',NULL,75000.00,'uploads/products/croissant-dau.jpg',1,'2026-03-30 01:59:48','2026-04-04 08:53:54'),(28,6,'Mousse đào',NULL,35000.00,'uploads/products/mousse-dao.jpg',1,'2026-03-30 01:59:48','2026-03-30 01:59:48'),(29,6,'Mousse cacao',NULL,35000.00,'uploads/products/mousse-cacao.jpg',1,'2026-03-30 01:59:48','2026-03-30 01:59:48'),(30,1,'Cà phê trứng',NULL,35000.00,'https://rapido.vn/wp-content/uploads/2024/02/Quan_cafe_cacao_trung_Vung_Tau_Palma_9.jpeg',1,'2026-04-04 08:52:42','2026-04-04 08:53:48'),(31,3,'Trà sứa cốm',NULL,55000.00,'data:image/jpeg;base64,/9j/4AAQSkZJRgABAQAAAQABAAD/2wCEAAkGBxIQEhUREBIQFRUVFRUVFRcXEA8QFRUWFRUXFhUVFRUYHSggGBolHRUVITEiJSkrLi4uFx8zODMsNygtLisBCgoKDg0OGxAQGy0mICYtLS0vLS0vLSstLS0tLy0tLS0tLS0tLS0tLS0tLS0tLS0tLS0tLS0tLS0tLS0tLS0tLf/AABEIAOEA4QMBIgACEQEDEQH/xAAcAAABBQEBAQAAAAAAAAAAAAACAAEDBAUGBwj/xABDEAABAwIDBAcEBggGAwEAAAABAAIRAyEEEjEFQVFhBhMicYGRoQexwdEUIzJCUpIWM2JygpPw8SQ0U6KywmNz4RX/xAAaAQADAQEBAQAAAAAAAAAAAAAAAQIDBAUG/8QAKREAAgIBAwMDBAMBAAAAAAAAAAECEQMSITEEQVETMmEUIoGRM3HBBf/aAAwDAQACEQMRAD8A8yLUsqs9WhyJgQZEsqnyJZUAQZU2VTlqHKgCAtSyqYtTQgCLKhIUpCaEARQmIUpCEhAEcJijITQgACmKMhDCAAhIhHCEpAAQhKMoSEACUyIhNCABKFGUJQAyZOkgAUk6ZADJJ0kAdTlQlqkKEqgAyoSFIShKAI8qYhGSgKQAwmIRShJQAJCEhESh10QAJQlTDDPOjHn+B3yRfQav+lV/lv8AkgLKpTFWjgK3+lV/lv8Akon4Z41Y8d7HD4ICyEoSERQkoAZCUSEpACUJRISgBimSJTIARQlEUJQAKYp0yAGTJ0yAHlJMkgDqC9NmUGdD1ioCcuQlyhzps6QEpchLlHmTFyANPZOyauKdlpN5Fxs0LpsP0YwdIE4mu55G5vZb6X9Vo+znFUjSaxsdYwuLgbyHG8jWI36bke0Oij87sjQ5jickx2AdxM7tJjhvUuVMllCpXwVFrXUsGXBxysc5hdmdpDSZJPJdDs7o9ja4DjSoYZu4OaC/l2Bp4weS3OiGwRh6TScjqgc52uZtMm3YGjTGpHErqMpiZHvWDzPsNRPNcb0c2lTNn0XNmxBi3GC30UW2sFj5pspuD25QHODaNFrX3kWOZw0vG9eg497xP9we5ZeLc9wygTcGLenBcObr8kJNf4bQxJnCjAbVjKHgjdFZsd1wCEz8LtVoAkHkX03DwldixrmzIIvoR7k2F2fVc8uBbB3FxnW02WMP+nldLTb/ACW8EebOTy48mKtCg/QHMyk4R/Df0UGLwFEtBrYChJLh9W/q39nU5DBheg09l1AQTNzJO/1UO19lUcQCzEgGPsuDjTN9eR8l3YOscl98WjCcEnszyyt0ZwlUxSfVov8Aw1ASL99/Vc1tnYlXCmKgBEwHDTuPAruqnRau3EOFN46sHsPe4OBbaAWm5jS3BQ9N61GnQdTc4Oe8ANA5EEEA3jnpuXcnZFnm5QlOShJQUMUydNKAEUJTymJQAKZPKZADEpk6ZACSSSQBsZk0qPMlKYBymzIJSlAB5k0oJSlAE2HrljmvaSC0gggkEdxGi+g9nkwC7tWH9p3+K+dHmxX0XsszTYRvY0+bQVz509qEzSLM98o7xHuQlpboXD+L4WRsr5VZbiwdYWGt92NGdVLj99x74+aq1qLjrHHRsrd61vBqY1GfsrOcVLmv0hptdzJwzCXAvc+BeWtaTpbVHVD91V8buyJ8wVoGqwf2QHEN4H0STUfH6QFB9FxF6lU8sxA9QVUGCdm0I3zmK1TiQNG+qhrYo8gk8vyJmTj8BkaXiARv3+B3L5+xlTNUe4kmXuMkyTe0le9bcrnq3EnRp9y+fc0rp6WTlbYkPKYlMkusY8oSUimQAkxSTIASZOmQAkySRQAkkydAGhKUppTJgPKUoUkgClKUMpSgApX0F0PxbauCw72kH6pjTeYc1uVwPMEEeC+epXrvssqZsCW/hqvAI3TDv+yzy8WJnoeVARvUFGq7Sx9PJSdbxaR5Fck2gHM7rhMU3WN5jvlBYHksnTAI/wBQkk6pwKqnFgTJ9FLikBYc8cVBiCqVfaTWmIJ581IyvnG4BStPkGjM6T12sw9R7jADHH0sF4MF6/7RqgGCqcywebwvICu7pY1FsEJNKSS6hiAUlTDkCdyPB0i9wC26tMRlhY5Mji6Jbo5tMr2LwcXCouELSMlLgadjJJKbDUC8wqboZEGoYW3TwgaIUf0UHTVZeqidRkwktX6EUk/UDUVkpTSktShSlKSZIBSlKZJAClepex2t9TXZ+Gq135mR/wBV5YvQvY7VitiG8WU3flc4H/kFlm2g2Jnq7mA3VSrTfms52UczdWy3gmL15sp+R0VCw21Rl0KalWDgk9ocFCaauIaSrTrS7KiqYcI6LYvCF9Qk6wO5JPbcKKn0KTJ8FKacKZ7rWVWrU1A3aotBRxHtQrRhmtH3qjR5BzvgvLivQPahVtSZ+053kI/7Lz9y9Tpv40AMoqbS4wEIE2W1s/B5BJ1K0nNRQm6JMLTFIc0qmJRuYgNILkbTdmdkLqwKrV6IdorT6ajFMSqTrgaZmnDGYWvs/CZRKkfh8rcyq1aztxV63JUNuy9WIbqhouBKoVXGYKt4Y70KJJbhJRdakqAxUk5TLoNRFMnTJAMknTQgBl2Psoq5ccR+KhUHiCxw9xXHLo/Z7XybQoc87fOm74ws8y+x/wBAe7NuFXxFEFSYd0tBTG+q8edSW5SAY8AcAozimzruUeJp2gG8hFh8IReJm2k3PNY3O6SKSRI6qDooMQba6KUA5i2GG0k7vEwFXrva0SL6Ty59ymbbjuXFJMkFWQoXACTx/snBEFVMfWyhWntbIaV7HnHtPqzVpDg1x8yPkuJJXUe0KrOJA4U2+pJXMNZJgb17fT/xIh8ipMJPZWs1xAgmShp0Mgt4p3C1llPIpcGTdktKtuUziq+FpFpDkq7zmM71FCJHOVetZFmScQRCaGWaTszYWflMnkrNJ8NUZMq0BA8zqpKVSE72ytTY/R99eSTlA4jVOU4wVyKUW9kUc4TrpP0Tb+Mplh9Xi8l+jM4yExCSS9EQ0JiE5TSgBJk6SQArU6MVMuLoH/ytHmY+KzCp9nVctWm78NRh8nAqZq4tAfRVHQQpHFZQxToAHmp8O95O6OC8PXWw0jO2nnHaJ0PgtPB7THVseWmQI+1a0mY7/cosc9uZ0snMwNFwACLyIHGPVORJBytaBPZ7MXnlFp4bhqs1Km9LNPA2KxP1ZIa1uawu1xIzkndaMoHiFSrYgRDQCP6lT4qq0ZgWC4IF/skuLgdLxYdwUVTGMM/VtEtIEWgkm+nMafh4WWMpXyyynWxDoLW7rA6Sq2AY5wPWEnXU6BTPpkSRFveUVGmQCSNVUG26YmeWdOKk4x/INHpPxWLh3Q4FX+kz82KrH9uPIAfBUMMJcO9fRQVY0vgwZpVCZ0QZlYdVmdFDMEErkSRlRJTr7ilXghQOqCbSiD/JUkMF6ifVvAR1HLq9i9GwGiq/K4OFuSmeRQVsqEHJ0jG2ZsZ9dpLTcequ4Xo5Uc6HGBGoXUbMwHVNgDVS1XVM+VrYHFcM+tnqajwdUcCrcytn9HKbLvlzgZC3G0wDEeSiFvteeiAVXudYGAbmNy5J5pTf3OzaMEuCXO3ifJJN9Ip8UlN/I6PJ0kpTSvqzgHTFOkkAKaU5CaEAMkknQB7fs3Fyxk/ea0+gPxWjSxZGg0WJ0f7eFoP402T+UfJaPWRuK+ZyNxlRokWquKJMtsLgb9RBBUWMrVMoJcAb/dBF+ShoVdd3EcFN1jXDL2hzmfQ/NZKbd2zSiLD1nVDdwkT90aEQU2Iplzot5Bu7gED6GQy0GN5kX8EGDMuLi4k7k+aUuRlmlTyA81TxlYwVcrOWLtetlY48Afct47NJBXc8k2lUzVajuL3H/cVWlG4ySeaFfRJUjmG6wjeVawdQukEqo8JqNXK4FTKKaHGr3NGowtuUNIZjYxGpWxhMlUFxgiFUdherl25xt4ArlcjXLg0x1R4LmxhRFQOrAkbt4nmu9qPsGty5baaBeWvqQtfY22C09VUPZcQAZjKfkuTqMUpq0RhyJbM7Si8yAHA305Kw3EBx7A7xPBchtao3BuBYXF0gxmJkFVqG3Kgqy4ZA6xEaDcSeK5l08pLVHg6HkSdM7WpUJk5ZkWFgqZxbxaoCATEA2MmIlZY6R4ezHVCSbF+QwFsNFN1MmSezLXRmBO4j0WLxyj7lRaknwy59GZ+Fqdc9GI/EfMfJOjT8jOASSlJfTnAJJOkIQAkJR2TGEAAlKcpggD2HoRWH0GlO4EeTiFtmkSLLl/Zw7rMHkP3XvHrPxXZNbaF891GO8sjWL2MttENcXb96JtQA3iPVSvpEEqnVN9O9cG9mhcqdsQCIPmqfWNY8t5KtRxha8taBu37t6tU6Bdc8e8ra+PIEjqwIsua6RVpaQCN45XC3Mf2WwFyfSZ8UXndFu82WuK5ZFET4OTcW4cPpubTe5ws4Gcqy0nFMvo4quTnBeo3NUyAhMA8DjXUiY0OoW6MSyrS7OrYXOuCCSNCQonjUtzWORqOl8Gw+N6hN1BQ2kQIeJHepW4im7QuB7h81k4NdjFx8F2vVLw1xdIiATaI3HmoKlfc28qpUqSY3cu5HTSUKQ5Rrl7kdQEkB1p3rd2HtiphwGOhzQTbNlkHgfgsklJxm0IlBSVSWxKk1ujsf0lof6b/5g+aS4jq+RTrD6TF4NPWkOAlC3f0fEgCqTYT2Ivv3mysM6NA/ed/tC6n1ONdyLOcpASMxIEiTEwO5SYhrQ4hjszdxIyz4Lo6fR6lvc7zHyVqnsPDN1aT3uMKH1UL7hqRx4E2Uv0Oprkf+Uru6OHpU7U2MbzABKgruDnaR4kqPq2+ELUcPWoOb9prh3ghQrtsRSDwQ0TGrTw4hc/X2TJsY5ELTH1MX7thpnZ+yqr9VVbwqD1aPku1cCy7bjeFwns8pii6oxzhLspAuNJB94XfPMixgry+rqWRtGsCCrig4GVmupPLgRJaBu3nd8VPVJuDFlC3EFl/Md687XcvuNOCw7BAAkfaN9N6DCh1Mdoz46LHxvSRzcwAB4Ln8Xtuq8i57h8l0rHq3iGqju2sNZ3VsEmJ5AcSdyfavQlmIp9W+q9sx9gNGl/vAro+jOy+ooNz3qOAdUPM6M7gtDEMgW1K9PDgjiWuXJlKd8Hi+1fZdVpyaOIpOHCo00j5iZ8gs7Yfs6xuJqFrmikxpg1HEPaf/AFhp7ffYL26ngc5h1wNea2aNENECwW0cs5fBCPN8B7KMHTb9b1tV3FzyweDWRHqo8d7LME4HqxVpniKrnejpC9NNNQVKIUT9RbpjPDtpeyrEMk0K1OoODgabvMSD6Lk9qdF8Xh/1uHqgD7zWmo3zbMeK+ka+DLjO7uj1VaphwwfePeZUPqpw3lwOj5bc1TYHBmoTrA18dAvoHanRzC4sxUw9Mnjlh35hdc4/2bU2ZuodUpzucRUbbhvVx66E47ClFo8yODDRYfFPSogrsdo9DsTR3CoOLTf8pXO4nDOpntNI4yI96ayKXcyplGrh4KYU1ZNTNa3iYUNRscPBWmwF1Y4e9JRZzzSVbgdhg67CRmb67loUsLSeTD78J081j0KgedwnX7oCsHCuiftDc4e4rjqgLdbZrpBYS53AbxwUWIpZCQ6Z8x3Sq9Ks5hBY5zTuvqtLC05aX1atMXPZgPcT3A2ukwKlLlKbExEgwd4PzTh4OgjkDKgq9uMt/epYEmCrBrhPOe4rRxFClUADhDhaRoeaxGmd48wtbA1uJ0sfgfgktmMzWt6moCDMLrMJtZxEiHD1Cza4pOs+zuIHvVN2DMEUawbPEQlPG5FxlR1NbHsiS0g91vRYG1tqNAgG51TYfGVG04qAVCJBc0g90jiuc2pj8zrtdc8NywWBuW6L1kOIxAO/zutboLgxiMdRY67Wk1HdzBI9cq5qtiY3O/KV1/soq/4x5II/w7yJ/fYF348dNEWey55/ryQF+p4ae4eZVNuI07vggfirAbz7olPLkQrNXDjerIeqOFf2dUZqQCVanUUyi3mTPIWKcY8m1lptfaSs4dSslqPYbVchTKCoxsX0KEVhMKGtimiyylljW46CZRa0dk+agcJREtcP/qJjQLBZ0mkMp1aLe9UsVs5jwQ5rSDxAK2TS4qB9GVLhXYDg8f0HovJLQG9wj0XP7Q6DOp3a6R5FerGjyVTGMAbol6koK7Ckzx79GqnH0HzSXpn0Tl6JLL63IP0YnnFXCGNCPRXKe2Xw1hfla1oEkF/eePqoqwBDusqFz5AEHPIGsuO6+7mqgqR2deRuF6C3Ofg0XVqZYWyHkmZyOYQd5EpAFgBc3Mw2a6IE/hPNZb3xYWGsSYnuWjs3aAaCKgzwOwHXaPAqZtrcErJmVNY05Wv8VUJIJB0mfNAKjmHK7dpBsZ3hSOqbykIB0cAjoVI+IQAJBsGVIzdxmNpljclMgkXMNLcw1BuqoxLfvNA8YUOEcD2HaO38DuKLrACWvZcGDdKLraxvctUcUwCwgd6gxtGnVvAlKjlcI396mq0abaQyZzWL4iHEZb8o4c7qm2I5XGYfKcp01C2ehONFCuHOs0ywngHwB4Zg1WsXsIk/W1WMA3w7yvHNVcFhctRzafb0iwMwQfFUsyrYrS1yej/St2+48YgKvg9oB1TLvygjwEFcni9oPpvdD81xYgyLDU7uO/VDhttsFam4gtJdlPCXWkEczMKJrXugSp0eltrWT/SrxKzG17IXVLhw8Vg5tItI1m1ZuVY+lCFiiuibiJQpVwVRph838lUxEzKBuIROqyFDxpqh3RW+kEaK7Tx1pWVVgmNCrVGh2VnFSXtKtPk1BtFp5IXYu9iFmVmQLIKDCbyrWfJqpicV2N5gkXQVKYKpisRoU7MSd631rgmiTqQko/pCZTsG55WdgOb9mo2L/aBHqJQYHYbi76w2ixY5rhPPl4LQYc5d9okD7BhwbxzDQ6i11Dh69NrRSquBM7gWFsnloq9Sb2E4Lkq4zCtpVAWUXODR2hUEtceIhHsetBJdRYWPdBkABgJvrNh8Fq4DEtL3NpurPawCe0HCb8b7lUr7bY5xb1TS3TtAA85CWuTVULZO2VjSp16haww1n3wMzQDoOTZICGkMPkPW1IeCRYgAQYm4uujZhaDWln1betaC4NdEjdHJRjA0m08jgerb2rgEX+9I1UObqrY0ldtHINrjcZ4KR7iSLrexex6Dg1tNzGObrMgmbiVD+jlSJDmkcZstllg+5k4mY16t1xnaKg1bZ44jc74KYbGqtnsZjuh4Ec+aKhgK7DPVOI0Itcbxqk5R7MKZnwNQVcwdKo4F4DsrT2nA3HEgcQFZrbCe0EtaXXGUDUD9qVX/APzMRf6t9+6/qjWnwPSPtPEsdlYx1QsbeXvc4ucd8TAj5qtgRciftNcPMKZ+xMQfuHzARUNi4kOByaftM+aWqNchuZjTInfvnWVjbXJHFdjV6O1i9xaGhpM3cNTqgrdEKrh2n0h5uVwzQi92Gllrox0iFekA4jrGgB448HdxW83FjivPK/RmthndY2o2BJJaSTHDKQgo9JnsP1jXAf1u3IljUncDTjk9GNedCiGKjeuKwnSSm+7XDmJ+C0qO1Wu3hc88colpo6mnWGvFGcSBvXO0ce3cVYOIzCRqs3JpDNSpUJMq23E2ssanipbrdR0cdZZptb+RujoDiYCVDFBxiFhHFOKfD4uHSStFk3IaOidfQpiYWbhsZM8N11YNZai3JesSUPWhJKirOO2VrV/fPwWTj/1j/wB0e5JJbQ5/AsntLXQz9af3CqmE/XVO+r8UklpPuZIE7u4LpX/5X+X/AMmpJLHIOIqn2K38X/FWNh/5bxd7k6SwfsLfuQWFV5idJci5JJGpikkqYAuUZSSWYDJwkkofI0Ye1dQsHauiSS7Ol4QSOKxX6zxW/gdQkkvay+xEo2MJvW1gtE6S8qfJa5HpanxUWHTpLGHtKZbYgq70kkCLOylplJJbQ9pXcFJJJSWf/9k=',1,'2026-04-09 05:49:55','2026-04-09 05:49:55');
/*!40000 ALTER TABLE `products` ENABLE KEYS */;
UNLOCK TABLES;

--
-- Table structure for table `promotions`
--

DROP TABLE IF EXISTS `promotions`;
/*!40101 SET @saved_cs_client     = @@character_set_client */;
/*!50503 SET character_set_client = utf8mb4 */;
CREATE TABLE `promotions` (
  `promotion_id` int NOT NULL AUTO_INCREMENT,
  `promo_code` varchar(50) NOT NULL,
  `promo_name` varchar(150) NOT NULL,
  `promo_type` enum('percent','bogo','fixed') DEFAULT 'percent',
  `description` varchar(255) DEFAULT NULL,
  `discount_value` decimal(10,2) DEFAULT '0.00',
  `budget` decimal(14,2) DEFAULT '0.00',
  `start_date` date NOT NULL,
  `end_date` date NOT NULL,
  `status` tinyint(1) DEFAULT '1',
  `created_at` timestamp NULL DEFAULT CURRENT_TIMESTAMP,
  `updated_at` timestamp NULL DEFAULT CURRENT_TIMESTAMP ON UPDATE CURRENT_TIMESTAMP,
  PRIMARY KEY (`promotion_id`),
  UNIQUE KEY `promo_code` (`promo_code`)
) ENGINE=InnoDB AUTO_INCREMENT=10 DEFAULT CHARSET=utf8mb4 COLLATE=utf8mb4_0900_ai_ci;
/*!40101 SET character_set_client = @saved_cs_client */;

--
-- Dumping data for table `promotions`
--

LOCK TABLES `promotions` WRITE;
/*!40000 ALTER TABLE `promotions` DISABLE KEYS */;
INSERT INTO `promotions` VALUES (1,'HE2026','Giảm giá đầu hè 2026','bogo','Ưu đãi giảm giá đầu hè 2026 mua 1 cà phê tặng 1 sticker',30000.00,60000.00,'2026-04-06','2026-04-30',0,'2026-04-05 04:48:04','2026-04-14 09:03:02'),(2,'SPRING10','Ưu đãi mùa xuân 10%','percent','Giảm 10% cho toàn menu đồ uống.',10.00,3000000.00,'2026-03-01','2026-03-31',0,'2026-04-05 04:50:26','2026-04-05 04:57:01'),(3,'WEEKEND15','Cuối tuần giảm 15%','percent','Áp dụng thứ 7 và CN cho đơn từ 80k.',15.00,5000000.00,'2026-04-01','2026-04-30',0,'2026-04-05 04:50:26','2026-04-05 04:57:02'),(4,'BOGOLATTE','Mua 1 tặng 1 Latte','bogo','Mua 1 ly Latte tặng 1 ly cùng loại.',1.00,4500000.00,'2026-04-05','2026-05-05',0,'2026-04-05 04:50:26','2026-04-05 04:57:04'),(5,'MORNING20K','Giảm 20K buổi sáng','fixed','Giảm 20.000đ cho đơn trước 10:00.',20000.00,3500000.00,'2026-03-20','2026-04-20',0,'2026-04-05 04:50:26','2026-04-05 04:57:06'),(6,'HAPPYHOUR','Happy Hour 14h-16h','percent','Giảm 12% các món đá xay từ 14h đến 16h.',12.00,2800000.00,'2026-05-01','2026-05-31',0,'2026-04-05 04:50:26','2026-04-05 04:57:09'),(7,'SUMMER25','Hè sôi động giảm 25%','percent','Giảm 25% cho nhóm đồ uống mùa hè.',10.00,6500000.00,'2026-04-11','2026-04-30',1,'2026-04-05 04:50:26','2026-04-12 08:44:03'),(8,'COMBOFIX30','Combo tiết kiệm 30K','fixed','Giảm cố định 30.000đ cho combo bánh + nước.',30000.00,4000000.00,'2026-02-15','2026-03-15',0,'2026-04-05 04:50:26','2026-04-14 09:02:37'),(9,'TESTOFF','Khuyến mãi thử nghiệm (tắt)','percent','Bản ghi kiểm thử đang tắt.',8.00,1000000.00,'2026-04-10','2026-04-25',0,'2026-04-05 04:50:26','2026-04-05 04:50:26');
/*!40000 ALTER TABLE `promotions` ENABLE KEYS */;
UNLOCK TABLES;

--
-- Table structure for table `recipes`
--

DROP TABLE IF EXISTS `recipes`;
/*!40101 SET @saved_cs_client     = @@character_set_client */;
/*!50503 SET character_set_client = utf8mb4 */;
CREATE TABLE `recipes` (
  `product_id` int NOT NULL,
  `ingredient_id` int NOT NULL,
  `amount_needed` decimal(10,2) DEFAULT NULL,
  PRIMARY KEY (`product_id`,`ingredient_id`),
  KEY `ingredient_id` (`ingredient_id`),
  CONSTRAINT `recipes_ibfk_1` FOREIGN KEY (`product_id`) REFERENCES `products` (`product_id`),
  CONSTRAINT `recipes_ibfk_2` FOREIGN KEY (`ingredient_id`) REFERENCES `ingredients` (`ingredient_id`)
) ENGINE=InnoDB DEFAULT CHARSET=utf8mb4 COLLATE=utf8mb4_0900_ai_ci;
/*!40101 SET character_set_client = @saved_cs_client */;

--
-- Dumping data for table `recipes`
--

LOCK TABLES `recipes` WRITE;
/*!40000 ALTER TABLE `recipes` DISABLE KEYS */;
INSERT INTO `recipes` VALUES (1,1,20.00),(1,6,120.00),(2,1,20.00),(2,2,30.00),(2,6,120.00),(3,1,15.00),(3,2,40.00),(3,3,60.00),(3,6,100.00),(22,3,120.00),(22,4,15.00),(22,6,150.00),(22,11,12.00),(22,12,40.00);
/*!40000 ALTER TABLE `recipes` ENABLE KEYS */;
UNLOCK TABLES;

--
-- Table structure for table `schema_migrations`
--

DROP TABLE IF EXISTS `schema_migrations`;
/*!40101 SET @saved_cs_client     = @@character_set_client */;
/*!50503 SET character_set_client = utf8mb4 */;
CREATE TABLE `schema_migrations` (
  `id` int NOT NULL AUTO_INCREMENT,
  `filename` varchar(255) NOT NULL,
  `executed_at` timestamp NULL DEFAULT CURRENT_TIMESTAMP,
  PRIMARY KEY (`id`),
  UNIQUE KEY `filename` (`filename`)
) ENGINE=InnoDB AUTO_INCREMENT=3 DEFAULT CHARSET=utf8mb4 COLLATE=utf8mb4_0900_ai_ci;
/*!40101 SET character_set_client = @saved_cs_client */;

--
-- Dumping data for table `schema_migrations`
--

LOCK TABLES `schema_migrations` WRITE;
/*!40000 ALTER TABLE `schema_migrations` DISABLE KEYS */;
INSERT INTO `schema_migrations` VALUES (1,'001_create_operational_tables.sql','2026-03-22 13:07:49'),(2,'002_drop_legacy_tables.sql','2026-03-22 13:07:50');
/*!40000 ALTER TABLE `schema_migrations` ENABLE KEYS */;
UNLOCK TABLES;

--
-- Table structure for table `staff_profiles`
--

DROP TABLE IF EXISTS `staff_profiles`;
/*!40101 SET @saved_cs_client     = @@character_set_client */;
/*!50503 SET character_set_client = utf8mb4 */;
CREATE TABLE `staff_profiles` (
  `user_id` int NOT NULL,
  `employee_code` varchar(20) DEFAULT NULL,
  `phone` varchar(20) DEFAULT NULL,
  `base_salary` decimal(12,2) DEFAULT '0.00',
  `allowance` decimal(12,2) DEFAULT '0.00',
  `updated_at` timestamp NULL DEFAULT CURRENT_TIMESTAMP ON UPDATE CURRENT_TIMESTAMP,
  `payment_status` enum('pending','paid') DEFAULT 'pending',
  PRIMARY KEY (`user_id`),
  UNIQUE KEY `employee_code` (`employee_code`),
  CONSTRAINT `staff_profiles_user_fk` FOREIGN KEY (`user_id`) REFERENCES `users` (`user_id`) ON DELETE CASCADE
) ENGINE=InnoDB DEFAULT CHARSET=utf8mb4 COLLATE=utf8mb4_0900_ai_ci;
/*!40101 SET character_set_client = @saved_cs_client */;

--
-- Dumping data for table `staff_profiles`
--

LOCK TABLES `staff_profiles` WRITE;
/*!40000 ALTER TABLE `staff_profiles` DISABLE KEYS */;
INSERT INTO `staff_profiles` VALUES (1,'NV-001',NULL,0.00,0.00,'2026-04-05 04:19:11','pending'),(2,'NV-002','0031220562',8000000.00,200000.00,'2026-04-05 04:18:56','paid'),(3,'NV-003','',6000000.00,200000.00,'2026-04-05 04:18:57','paid');
/*!40000 ALTER TABLE `staff_profiles` ENABLE KEYS */;
UNLOCK TABLES;

--
-- Table structure for table `staff_shifts`
--

DROP TABLE IF EXISTS `staff_shifts`;
/*!40101 SET @saved_cs_client     = @@character_set_client */;
/*!50503 SET character_set_client = utf8mb4 */;
CREATE TABLE `staff_shifts` (
  `user_id` int NOT NULL,
  `shift_start` time NOT NULL DEFAULT '08:00:00',
  `shift_end` time NOT NULL DEFAULT '17:00:00',
  `updated_at` timestamp NULL DEFAULT CURRENT_TIMESTAMP ON UPDATE CURRENT_TIMESTAMP,
  PRIMARY KEY (`user_id`),
  CONSTRAINT `fk_staff_shifts_user` FOREIGN KEY (`user_id`) REFERENCES `users` (`user_id`) ON DELETE CASCADE
) ENGINE=InnoDB DEFAULT CHARSET=utf8mb4 COLLATE=utf8mb4_0900_ai_ci;
/*!40101 SET character_set_client = @saved_cs_client */;

--
-- Dumping data for table `staff_shifts`
--

LOCK TABLES `staff_shifts` WRITE;
/*!40000 ALTER TABLE `staff_shifts` DISABLE KEYS */;
INSERT INTO `staff_shifts` VALUES (1,'08:00:00','17:00:00','2026-04-05 03:58:07'),(2,'08:00:00','17:00:00','2026-04-05 03:58:28'),(3,'08:00:00','17:00:00','2026-04-05 03:59:38');
/*!40000 ALTER TABLE `staff_shifts` ENABLE KEYS */;
UNLOCK TABLES;

--
-- Table structure for table `stock_receipt_items`
--

DROP TABLE IF EXISTS `stock_receipt_items`;
/*!40101 SET @saved_cs_client     = @@character_set_client */;
/*!50503 SET character_set_client = utf8mb4 */;
CREATE TABLE `stock_receipt_items` (
  `receipt_item_id` int NOT NULL AUTO_INCREMENT,
  `receipt_id` int NOT NULL,
  `ingredient_id` int NOT NULL,
  `pack_quantity` decimal(12,4) NOT NULL DEFAULT '0.0000',
  `pack_unit` varchar(20) DEFAULT NULL,
  `conversion_factor` decimal(12,4) NOT NULL DEFAULT '1.0000',
  `quantity_added` decimal(12,4) NOT NULL DEFAULT '0.0000',
  `unit_cost` decimal(12,2) NOT NULL DEFAULT '0.00',
  `total_cost` decimal(12,2) NOT NULL DEFAULT '0.00',
  PRIMARY KEY (`receipt_item_id`),
  KEY `idx_receipt_items_receipt` (`receipt_id`),
  KEY `idx_receipt_items_ingredient` (`ingredient_id`),
  CONSTRAINT `fk_receipt_items_ingredient` FOREIGN KEY (`ingredient_id`) REFERENCES `ingredients` (`ingredient_id`),
  CONSTRAINT `fk_receipt_items_receipt` FOREIGN KEY (`receipt_id`) REFERENCES `stock_receipts` (`receipt_id`)
) ENGINE=InnoDB AUTO_INCREMENT=4 DEFAULT CHARSET=utf8mb4 COLLATE=utf8mb4_0900_ai_ci;
/*!40101 SET character_set_client = @saved_cs_client */;

--
-- Dumping data for table `stock_receipt_items`
--

LOCK TABLES `stock_receipt_items` WRITE;
/*!40000 ALTER TABLE `stock_receipt_items` DISABLE KEYS */;
INSERT INTO `stock_receipt_items` VALUES (1,1,8,1.0000,'g',1.0000,1.0000,0.00,0.00),(2,2,8,500.0000,NULL,1.0000,500.0000,5000.00,2500000.00),(3,3,8,500.0000,NULL,1.0000,500.0000,120.00,60000.00);
/*!40000 ALTER TABLE `stock_receipt_items` ENABLE KEYS */;
UNLOCK TABLES;

--
-- Table structure for table `stock_receipts`
--

DROP TABLE IF EXISTS `stock_receipts`;
/*!40101 SET @saved_cs_client     = @@character_set_client */;
/*!50503 SET character_set_client = utf8mb4 */;
CREATE TABLE `stock_receipts` (
  `receipt_id` int NOT NULL AUTO_INCREMENT,
  `supplier_name` varchar(255) DEFAULT NULL,
  `receipt_date` date DEFAULT NULL,
  `note` text,
  `created_by` int DEFAULT NULL,
  `created_at` timestamp NULL DEFAULT CURRENT_TIMESTAMP,
  PRIMARY KEY (`receipt_id`),
  KEY `idx_stock_receipts_created_by` (`created_by`),
  CONSTRAINT `fk_stock_receipts_user` FOREIGN KEY (`created_by`) REFERENCES `users` (`user_id`)
) ENGINE=InnoDB AUTO_INCREMENT=4 DEFAULT CHARSET=utf8mb4 COLLATE=utf8mb4_0900_ai_ci;
/*!40101 SET character_set_client = @saved_cs_client */;

--
-- Dumping data for table `stock_receipts`
--

LOCK TABLES `stock_receipts` WRITE;
/*!40000 ALTER TABLE `stock_receipts` DISABLE KEYS */;
INSERT INTO `stock_receipts` VALUES (1,'Nhập nhanh tại quầy','2026-04-07','Nhập nhanh: Cam lát',1,'2026-04-07 06:38:40'),(2,'Công Ty Hoa Quả Hà Nam 2','2026-04-07','Nhập kho định kì 1',1,'2026-04-07 06:40:26'),(3,'NCC Hà Nội','2026-04-14','Nhập định kỳ 1',1,'2026-04-14 06:56:38');
/*!40000 ALTER TABLE `stock_receipts` ENABLE KEYS */;
UNLOCK TABLES;

--
-- Table structure for table `stock_take_items`
--

DROP TABLE IF EXISTS `stock_take_items`;
/*!40101 SET @saved_cs_client     = @@character_set_client */;
/*!50503 SET character_set_client = utf8mb4 */;
CREATE TABLE `stock_take_items` (
  `stock_take_item_id` int NOT NULL AUTO_INCREMENT,
  `stock_take_id` int NOT NULL,
  `ingredient_id` int NOT NULL,
  `system_quantity` decimal(12,4) NOT NULL DEFAULT '0.0000',
  `actual_quantity` decimal(12,4) NOT NULL DEFAULT '0.0000',
  `variance_quantity` decimal(12,4) NOT NULL DEFAULT '0.0000',
  `note` text,
  PRIMARY KEY (`stock_take_item_id`),
  KEY `idx_stock_take_items_take` (`stock_take_id`),
  KEY `idx_stock_take_items_ingredient` (`ingredient_id`),
  CONSTRAINT `fk_stock_take_items_ingredient` FOREIGN KEY (`ingredient_id`) REFERENCES `ingredients` (`ingredient_id`),
  CONSTRAINT `fk_stock_take_items_take` FOREIGN KEY (`stock_take_id`) REFERENCES `stock_takes` (`stock_take_id`)
) ENGINE=InnoDB AUTO_INCREMENT=5 DEFAULT CHARSET=utf8mb4 COLLATE=utf8mb4_0900_ai_ci;
/*!40101 SET character_set_client = @saved_cs_client */;

--
-- Dumping data for table `stock_take_items`
--

LOCK TABLES `stock_take_items` WRITE;
/*!40000 ALTER TABLE `stock_take_items` DISABLE KEYS */;
INSERT INTO `stock_take_items` VALUES (1,1,8,3000.0000,0.0000,-3000.0000,NULL),(2,2,8,0.0000,0.0000,0.0000,NULL),(3,3,8,0.0000,0.0000,0.0000,NULL),(4,4,8,1.0000,1.0000,0.0000,NULL);
/*!40000 ALTER TABLE `stock_take_items` ENABLE KEYS */;
UNLOCK TABLES;

--
-- Table structure for table `stock_takes`
--

DROP TABLE IF EXISTS `stock_takes`;
/*!40101 SET @saved_cs_client     = @@character_set_client */;
/*!50503 SET character_set_client = utf8mb4 */;
CREATE TABLE `stock_takes` (
  `stock_take_id` int NOT NULL AUTO_INCREMENT,
  `take_date` date DEFAULT NULL,
  `note` text,
  `created_by` int DEFAULT NULL,
  `created_at` timestamp NULL DEFAULT CURRENT_TIMESTAMP,
  PRIMARY KEY (`stock_take_id`),
  KEY `idx_stock_takes_created_by` (`created_by`),
  CONSTRAINT `fk_stock_takes_user` FOREIGN KEY (`created_by`) REFERENCES `users` (`user_id`)
) ENGINE=InnoDB AUTO_INCREMENT=5 DEFAULT CHARSET=utf8mb4 COLLATE=utf8mb4_0900_ai_ci;
/*!40101 SET character_set_client = @saved_cs_client */;

--
-- Dumping data for table `stock_takes`
--

LOCK TABLES `stock_takes` WRITE;
/*!40000 ALTER TABLE `stock_takes` DISABLE KEYS */;
INSERT INTO `stock_takes` VALUES (1,'2026-04-06','Kiểm kê nhanh: Cam lát',1,'2026-04-06 09:11:14'),(2,'2026-04-06','Kiểm kê nhanh: Cam lát',1,'2026-04-06 09:21:53'),(3,'2026-04-07','Kiểm kê nhanh: Cam lát',1,'2026-04-07 05:59:18'),(4,'2026-04-07','Kiểm kê nhanh: Cam lát',1,'2026-04-07 06:39:06');
/*!40000 ALTER TABLE `stock_takes` ENABLE KEYS */;
UNLOCK TABLES;

--
-- Table structure for table `tables`
--

DROP TABLE IF EXISTS `tables`;
/*!40101 SET @saved_cs_client     = @@character_set_client */;
/*!50503 SET character_set_client = utf8mb4 */;
CREATE TABLE `tables` (
  `table_id` int NOT NULL AUTO_INCREMENT,
  `table_number` varchar(10) DEFAULT NULL,
  `seating_capacity` int DEFAULT '4',
  `status` enum('empty','occupied') DEFAULT 'empty',
  `updated_at` timestamp NULL DEFAULT CURRENT_TIMESTAMP ON UPDATE CURRENT_TIMESTAMP,
  PRIMARY KEY (`table_id`),
  UNIQUE KEY `table_number` (`table_number`)
) ENGINE=InnoDB AUTO_INCREMENT=6 DEFAULT CHARSET=utf8mb4 COLLATE=utf8mb4_0900_ai_ci;
/*!40101 SET character_set_client = @saved_cs_client */;

--
-- Dumping data for table `tables`
--

LOCK TABLES `tables` WRITE;
/*!40000 ALTER TABLE `tables` DISABLE KEYS */;
INSERT INTO `tables` VALUES (1,'Bàn 01',2,'empty','2026-03-14 13:28:56'),(2,'Bàn 02',2,'empty','2026-03-14 13:28:56'),(3,'Bàn 03',4,'occupied','2026-03-14 13:28:56'),(4,'Bàn 04',4,'empty','2026-03-14 13:28:56'),(5,'Bàn 05',6,'empty','2026-03-14 13:28:56');
/*!40000 ALTER TABLE `tables` ENABLE KEYS */;
UNLOCK TABLES;

--
-- Table structure for table `users`
--

DROP TABLE IF EXISTS `users`;
/*!40101 SET @saved_cs_client     = @@character_set_client */;
/*!50503 SET character_set_client = utf8mb4 */;
CREATE TABLE `users` (
  `user_id` int NOT NULL AUTO_INCREMENT,
  `username` varchar(50) NOT NULL,
  `password` varchar(255) DEFAULT NULL,
  `full_name` varchar(100) DEFAULT NULL,
  `role` enum('admin','staff') DEFAULT 'staff',
  `status` tinyint(1) DEFAULT '1',
  `created_at` timestamp NULL DEFAULT CURRENT_TIMESTAMP,
  `updated_at` timestamp NULL DEFAULT CURRENT_TIMESTAMP ON UPDATE CURRENT_TIMESTAMP,
  PRIMARY KEY (`user_id`),
  UNIQUE KEY `username` (`username`)
) ENGINE=InnoDB AUTO_INCREMENT=11 DEFAULT CHARSET=utf8mb4 COLLATE=utf8mb4_0900_ai_ci;
/*!40101 SET character_set_client = @saved_cs_client */;

--
-- Dumping data for table `users`
--

LOCK TABLES `users` WRITE;
/*!40000 ALTER TABLE `users` DISABLE KEYS */;
INSERT INTO `users` VALUES (1,'admin','$2b$10$AHqledxH6ahliujj3ITItO0Dt0GUS9fdi7Wd44ropBm7iicX5uaKK','Chủ Quán Đẹp Trai','admin',1,'2026-03-14 13:28:39','2026-03-16 03:46:46'),(2,'nv_tung','$2b$10$EPjSgxYv.Z6.N6e.C4Sra.p.pW/4Fm8/e7eFf6f4e6f4e6f4e6f4e','Nguyễn Thanh Tùng','staff',1,'2026-03-14 13:28:39','2026-03-14 14:11:52'),(3,'nv_hoa','$2b$10$WocEWh86Gs919ypK3S8b0u1TvzDaeinbSGdZs2RILho3NUnaRSL.O','Lê Thị Hoa','staff',1,'2026-03-14 13:28:39','2026-03-17 15:10:32');
/*!40000 ALTER TABLE `users` ENABLE KEYS */;
UNLOCK TABLES;

--
-- Table structure for table `variant_recipes`
--

DROP TABLE IF EXISTS `variant_recipes`;
/*!40101 SET @saved_cs_client     = @@character_set_client */;
/*!50503 SET character_set_client = utf8mb4 */;
CREATE TABLE `variant_recipes` (
  `variant_id` int NOT NULL,
  `ingredient_id` int NOT NULL,
  `amount_needed` decimal(12,4) NOT NULL,
  PRIMARY KEY (`variant_id`,`ingredient_id`),
  KEY `idx_variant_recipes_ingredient` (`ingredient_id`),
  CONSTRAINT `fk_variant_recipes_ingredient` FOREIGN KEY (`ingredient_id`) REFERENCES `ingredients` (`ingredient_id`),
  CONSTRAINT `fk_variant_recipes_variant` FOREIGN KEY (`variant_id`) REFERENCES `product_variants` (`variant_id`)
) ENGINE=InnoDB DEFAULT CHARSET=utf8mb4 COLLATE=utf8mb4_0900_ai_ci;
/*!40101 SET character_set_client = @saved_cs_client */;

--
-- Dumping data for table `variant_recipes`
--

LOCK TABLES `variant_recipes` WRITE;
/*!40000 ALTER TABLE `variant_recipes` DISABLE KEYS */;
INSERT INTO `variant_recipes` VALUES (1,1,17.0000),(1,6,102.0000),(2,1,20.0000),(2,6,120.0000),(3,1,24.0000),(3,6,144.0000),(4,1,17.0000),(4,2,26.0000),(4,6,102.0000),(5,1,20.0000),(5,2,30.0000),(5,6,120.0000),(6,1,24.0000),(6,2,36.0000),(6,6,144.0000),(7,1,13.0000),(7,2,34.0000),(7,3,51.0000),(7,6,85.0000),(8,1,15.0000),(8,2,40.0000),(8,3,60.0000),(8,6,100.0000),(9,1,18.0000),(9,2,48.0000),(9,3,72.0000),(9,6,120.0000),(10,3,102.0000),(10,4,13.0000),(10,6,128.0000),(10,11,10.0000),(10,12,34.0000),(11,3,120.0000),(11,4,15.0000),(11,6,150.0000),(11,11,12.0000),(11,12,40.0000),(12,3,144.0000),(12,4,18.0000),(12,6,180.0000),(12,11,14.0000),(12,12,48.0000);
/*!40000 ALTER TABLE `variant_recipes` ENABLE KEYS */;
UNLOCK TABLES;
/*!40103 SET TIME_ZONE=@OLD_TIME_ZONE */;

/*!40101 SET SQL_MODE=@OLD_SQL_MODE */;
/*!40014 SET FOREIGN_KEY_CHECKS=@OLD_FOREIGN_KEY_CHECKS */;
/*!40014 SET UNIQUE_CHECKS=@OLD_UNIQUE_CHECKS */;
/*!40101 SET CHARACTER_SET_CLIENT=@OLD_CHARACTER_SET_CLIENT */;
/*!40101 SET CHARACTER_SET_RESULTS=@OLD_CHARACTER_SET_RESULTS */;
/*!40101 SET COLLATION_CONNECTION=@OLD_COLLATION_CONNECTION */;
/*!40111 SET SQL_NOTES=@OLD_SQL_NOTES */;

-- Dump completed on 2026-05-04 17:11:50
